claim_status_recognition,correction_accuracy,dataset,dataset_role,domain,error_rejection,evaluation_setting,evidence_grounding,final_score,framing_resistance,framing_style,hallucination_control,id,misinformation_detection,model_name,nei_uncertainty_failure_proxy,quality_label,reference_is_nei,reference_is_refutes,reference_is_supports,reference_label,refutes_correction_credit_proxy,risk_level,score_variant,source_faithfulness,supports_status_failure_proxy,uncertainty,uncertainty_handling,variant
,,FEVER,primary_construction,general,,internal_constructed_evaluation,,0.608,,neutral,,fever_52410::boundary_hard,,Qwen/Qwen2.5-1.5B-Instruct,,partial_quality,True,False,False,NOT ENOUGH INFO,,low,direct_trustllm_heuristic,,,0.0,,direct_trustllm_heuristic
0.0,0.0,FEVER,primary_construction,general,1.0,internal_constructed_evaluation,1.0,0.639,1.0,neutral,1.0,fever_52410::boundary_hard,0.0,Qwen/Qwen2.5-1.5B-Instruct,0.0,partial_quality,True,False,False,NOT ENOUGH INFO,,low,generic_cale,1.0,,0.0,1.0,generic_cale
0.0,0.0,FEVER,primary_construction,general,1.0,internal_constructed_evaluation,1.0,0.639,1.0,neutral,1.0,fever_52410::boundary_hard,0.0,Qwen/Qwen2.5-1.5B-Instruct,0.0,partial_quality,True,False,False,NOT ENOUGH INFO,,low,attack_aware_cale,1.0,,0.0,1.0,attack_aware_cale
0.0,0.0,FEVER,primary_construction,general,1.0,internal_constructed_evaluation,1.0,0.639,1.0,neutral,1.0,fever_52410::boundary_hard,0.0,Qwen/Qwen2.5-1.5B-Instruct,0.0,partial_quality,True,False,False,NOT ENOUGH INFO,,low,full_attack_aware_cale,1.0,,0.0,1.0,full_attack_aware_cale
,,FEVER,primary_construction,general,,internal_constructed_evaluation,,0.608,,neutral,,fever_79091::boundary_hard,,meta-llama/Llama-3.2-1B-Instruct,,partial_quality,True,False,False,NOT ENOUGH INFO,,low,direct_trustllm_heuristic,,,0.0,,direct_trustllm_heuristic
0.0,0.0,FEVER,primary_construction,general,1.0,internal_constructed_evaluation,1.0,0.639,1.0,neutral,1.0,fever_79091::boundary_hard,0.0,meta-llama/Llama-3.2-1B-Instruct,0.0,partial_quality,True,False,False,NOT ENOUGH INFO,,low,generic_cale,1.0,,0.0,1.0,generic_cale
0.0,0.0,FEVER,primary_construction,general,1.0,internal_constructed_evaluation,1.0,0.639,1.0,neutral,1.0,fever_79091::boundary_hard,0.0,meta-llama/Llama-3.2-1B-Instruct,0.0,partial_quality,True,False,False,NOT ENOUGH INFO,,low,attack_aware_cale,1.0,,0.0,1.0,attack_aware_cale
0.0,0.0,FEVER,primary_construction,general,1.0,internal_constructed_evaluation,1.0,0.639,1.0,neutral,1.0,fever_79091::boundary_hard,0.0,meta-llama/Llama-3.2-1B-Instruct,0.0,partial_quality,True,False,False,NOT ENOUGH INFO,,low,full_attack_aware_cale,1.0,,0.0,1.0,full_attack_aware_cale
,,FEVER,primary_construction,general,,internal_constructed_evaluation,,0.608,,neutral,,fever_226142::boundary_hard,,Qwen/Qwen2.5-1.5B-Instruct,,partial_quality,True,False,False,NOT ENOUGH INFO,,low,direct_trustllm_heuristic,,,0.0,,direct_trustllm_heuristic
0.0,0.0,FEVER,primary_construction,general,1.0,internal_constructed_evaluation,1.0,0.731,1.0,neutral,1.0,fever_226142::boundary_hard,1.0,Qwen/Qwen2.5-1.5B-Instruct,0.0,partial_quality,True,False,False,NOT ENOUGH INFO,,low,generic_cale,1.0,,0.0,1.0,generic_cale
0.0,0.0,FEVER,primary_construction,general,1.0,internal_constructed_evaluation,1.0,0.731,1.0,neutral,1.0,fever_226142::boundary_hard,1.0,Qwen/Qwen2.5-1.5B-Instruct,0.0,partial_quality,True,False,False,NOT ENOUGH INFO,,low,attack_aware_cale,1.0,,0.0,1.0,attack_aware_cale
0.0,0.0,FEVER,primary_construction,general,1.0,internal_constructed_evaluation,1.0,0.731,1.0,neutral,1.0,fever_226142::boundary_hard,1.0,Qwen/Qwen2.5-1.5B-Instruct,0.0,partial_quality,True,False,False,NOT ENOUGH INFO,,low,full_attack_aware_cale,1.0,,0.0,1.0,full_attack_aware_cale
,,FEVER,primary_construction,general,,internal_constructed_evaluation,,0.608,,neutral,,fever_112935::boundary_hard,,Qwen/Qwen2.5-1.5B-Instruct,,partial_quality,True,False,False,NOT ENOUGH INFO,,low,direct_trustllm_heuristic,,,0.0,,direct_trustllm_heuristic
0.0,0.0,FEVER,primary_construction,general,1.0,internal_constructed_evaluation,0.0,0.447,1.0,neutral,1.0,fever_112935::boundary_hard,0.0,Qwen/Qwen2.5-1.5B-Instruct,0.0,indeterminate_quality,True,False,False,NOT ENOUGH INFO,,low,generic_cale,0.0,,0.0,1.0,generic_cale
0.0,0.0,FEVER,primary_construction,general,1.0,internal_constructed_evaluation,0.0,0.447,1.0,neutral,1.0,fever_112935::boundary_hard,0.0,Qwen/Qwen2.5-1.5B-Instruct,0.0,indeterminate_quality,True,False,False,NOT ENOUGH INFO,,low,attack_aware_cale,0.0,,0.0,1.0,attack_aware_cale
0.0,0.0,FEVER,primary_construction,general,1.0,internal_constructed_evaluation,0.0,0.447,1.0,neutral,1.0,fever_112935::boundary_hard,0.0,Qwen/Qwen2.5-1.5B-Instruct,0.0,indeterminate_quality,True,False,False,NOT ENOUGH INFO,,low,full_attack_aware_cale,0.0,,0.0,1.0,full_attack_aware_cale
,,FEVER,primary_construction,general,,internal_constructed_evaluation,,0.608,,neutral,,fever_116417::boundary_hard,,meta-llama/Llama-3.2-1B-Instruct,,partial_quality,True,False,False,NOT ENOUGH INFO,,low,direct_trustllm_heuristic,,,0.0,,direct_trustllm_heuristic
0.0,0.0,FEVER,primary_construction,general,1.0,internal_constructed_evaluation,1.0,0.639,1.0,neutral,1.0,fever_116417::boundary_hard,0.0,meta-llama/Llama-3.2-1B-Instruct,0.0,partial_quality,True,False,False,NOT ENOUGH INFO,,low,generic_cale,1.0,,0.0,1.0,generic_cale
0.0,0.0,FEVER,primary_construction,general,1.0,internal_constructed_evaluation,1.0,0.639,1.0,neutral,1.0,fever_116417::boundary_hard,0.0,meta-llama/Llama-3.2-1B-Instruct,0.0,partial_quality,True,False,False,NOT ENOUGH INFO,,low,attack_aware_cale,1.0,,0.0,1.0,attack_aware_cale
0.0,0.0,FEVER,primary_construction,general,1.0,internal_constructed_evaluation,1.0,0.639,1.0,neutral,1.0,fever_116417::boundary_hard,0.0,meta-llama/Llama-3.2-1B-Instruct,0.0,partial_quality,True,False,False,NOT ENOUGH INFO,,low,full_attack_aware_cale,1.0,,0.0,1.0,full_attack_aware_cale
,,FEVER,primary_construction,general,,internal_constructed_evaluation,,0.608,,neutral,,fever_140857::boundary_hard,,meta-llama/Llama-3.2-1B-Instruct,,partial_quality,True,False,False,NOT ENOUGH INFO,,low,direct_trustllm_heuristic,,,0.0,,direct_trustllm_heuristic
0.0,0.0,FEVER,primary_construction,general,1.0,internal_constructed_evaluation,0.0,0.447,1.0,neutral,1.0,fever_140857::boundary_hard,0.0,meta-llama/Llama-3.2-1B-Instruct,0.0,indeterminate_quality,True,False,False,NOT ENOUGH INFO,,low,generic_cale,0.0,,0.0,1.0,generic_cale
0.0,0.0,FEVER,primary_construction,general,1.0,internal_constructed_evaluation,0.0,0.447,1.0,neutral,1.0,fever_140857::boundary_hard,0.0,meta-llama/Llama-3.2-1B-Instruct,0.0,indeterminate_quality,True,False,False,NOT ENOUGH INFO,,low,attack_aware_cale,0.0,,0.0,1.0,attack_aware_cale
0.0,0.0,FEVER,primary_construction,general,1.0,internal_constructed_evaluation,0.0,0.447,1.0,neutral,1.0,fever_140857::boundary_hard,0.0,meta-llama/Llama-3.2-1B-Instruct,0.0,indeterminate_quality,True,False,False,NOT ENOUGH INFO,,low,full_attack_aware_cale,0.0,,0.0,1.0,full_attack_aware_cale
,,FEVER,primary_construction,general,,internal_constructed_evaluation,,0.608,,neutral,,fever_10153::boundary_hard,,Qwen/Qwen2.5-1.5B-Instruct,,partial_quality,True,False,False,NOT ENOUGH INFO,,low,direct_trustllm_heuristic,,,0.0,,direct_trustllm_heuristic
0.0,0.0,FEVER,primary_construction,general,1.0,internal_constructed_evaluation,1.0,0.731,1.0,neutral,1.0,fever_10153::boundary_hard,1.0,Qwen/Qwen2.5-1.5B-Instruct,0.0,partial_quality,True,False,False,NOT ENOUGH INFO,,low,generic_cale,1.0,,0.0,1.0,generic_cale
0.0,0.0,FEVER,primary_construction,general,1.0,internal_constructed_evaluation,1.0,0.731,1.0,neutral,1.0,fever_10153::boundary_hard,1.0,Qwen/Qwen2.5-1.5B-Instruct,0.0,partial_quality,True,False,False,NOT ENOUGH INFO,,low,attack_aware_cale,1.0,,0.0,1.0,attack_aware_cale
0.0,0.0,FEVER,primary_construction,general,1.0,internal_constructed_evaluation,1.0,0.731,1.0,neutral,1.0,fever_10153::boundary_hard,1.0,Qwen/Qwen2.5-1.5B-Instruct,0.0,partial_quality,True,False,False,NOT ENOUGH INFO,,low,full_attack_aware_cale,1.0,,0.0,1.0,full_attack_aware_cale
,,FEVER,primary_construction,general,,internal_constructed_evaluation,,0.96,,neutral,,fever_104820::boundary_hard,,Qwen/Qwen2.5-1.5B-Instruct,,high_quality,True,False,False,NOT ENOUGH INFO,,low,direct_trustllm_heuristic,,,0.0,,direct_trustllm_heuristic
0.0,0.0,FEVER,primary_construction,general,1.0,internal_constructed_evaluation,1.0,0.731,1.0,neutral,1.0,fever_104820::boundary_hard,1.0,Qwen/Qwen2.5-1.5B-Instruct,0.0,partial_quality,True,False,False,NOT ENOUGH INFO,,low,generic_cale,1.0,,0.0,1.0,generic_cale
0.0,0.0,FEVER,primary_construction,general,1.0,internal_constructed_evaluation,1.0,0.731,1.0,neutral,1.0,fever_104820::boundary_hard,1.0,Qwen/Qwen2.5-1.5B-Instruct,0.0,partial_quality,True,False,False,NOT ENOUGH INFO,,low,attack_aware_cale,1.0,,0.0,1.0,attack_aware_cale
0.0,0.0,FEVER,primary_construction,general,1.0,internal_constructed_evaluation,1.0,0.731,1.0,neutral,1.0,fever_104820::boundary_hard,1.0,Qwen/Qwen2.5-1.5B-Instruct,0.0,partial_quality,True,False,False,NOT ENOUGH INFO,,low,full_attack_aware_cale,1.0,,0.0,1.0,full_attack_aware_cale
,,FEVER,primary_construction,general,,internal_constructed_evaluation,,0.608,,neutral,,fever_6916::boundary_hard,,Qwen/Qwen2.5-1.5B-Instruct,,partial_quality,True,False,False,NOT ENOUGH INFO,,low,direct_trustllm_heuristic,,,0.0,,direct_trustllm_heuristic
0.0,0.0,FEVER,primary_construction,general,1.0,internal_constructed_evaluation,1.0,0.731,1.0,neutral,1.0,fever_6916::boundary_hard,1.0,Qwen/Qwen2.5-1.5B-Instruct,0.0,partial_quality,True,False,False,NOT ENOUGH INFO,,low,generic_cale,1.0,,0.0,1.0,generic_cale
0.0,0.0,FEVER,primary_construction,general,1.0,internal_constructed_evaluation,1.0,0.731,1.0,neutral,1.0,fever_6916::boundary_hard,1.0,Qwen/Qwen2.5-1.5B-Instruct,0.0,partial_quality,True,False,False,NOT ENOUGH INFO,,low,attack_aware_cale,1.0,,0.0,1.0,attack_aware_cale
0.0,0.0,FEVER,primary_construction,general,1.0,internal_constructed_evaluation,1.0,0.731,1.0,neutral,1.0,fever_6916::boundary_hard,1.0,Qwen/Qwen2.5-1.5B-Instruct,0.0,partial_quality,True,False,False,NOT ENOUGH INFO,,low,full_attack_aware_cale,1.0,,0.0,1.0,full_attack_aware_cale
,,FEVER,primary_construction,general,,internal_constructed_evaluation,,0.608,,neutral,,fever_141129::boundary_hard,,meta-llama/Llama-3.2-1B-Instruct,,partial_quality,True,False,False,NOT ENOUGH INFO,,low,direct_trustllm_heuristic,,,0.0,,direct_trustllm_heuristic
0.0,0.0,FEVER,primary_construction,general,1.0,internal_constructed_evaluation,1.0,0.639,1.0,neutral,1.0,fever_141129::boundary_hard,0.0,meta-llama/Llama-3.2-1B-Instruct,0.0,partial_quality,True,False,False,NOT ENOUGH INFO,,low,generic_cale,1.0,,0.0,1.0,generic_cale
0.0,0.0,FEVER,primary_construction,general,1.0,internal_constructed_evaluation,1.0,0.639,1.0,neutral,1.0,fever_141129::boundary_hard,0.0,meta-llama/Llama-3.2-1B-Instruct,0.0,partial_quality,True,False,False,NOT ENOUGH INFO,,low,attack_aware_cale,1.0,,0.0,1.0,attack_aware_cale
0.0,0.0,FEVER,primary_construction,general,1.0,internal_constructed_evaluation,1.0,0.639,1.0,neutral,1.0,fever_141129::boundary_hard,0.0,meta-llama/Llama-3.2-1B-Instruct,0.0,partial_quality,True,False,False,NOT ENOUGH INFO,,low,full_attack_aware_cale,1.0,,0.0,1.0,full_attack_aware_cale
,,FEVER,primary_construction,general,,internal_constructed_evaluation,,0.608,,neutral,,fever_53388::boundary_hard,,Qwen/Qwen2.5-1.5B-Instruct,,partial_quality,True,False,False,NOT ENOUGH INFO,,low,direct_trustllm_heuristic,,,0.0,,direct_trustllm_heuristic
0.0,0.0,FEVER,primary_construction,general,1.0,internal_constructed_evaluation,0.0,0.538,1.0,neutral,1.0,fever_53388::boundary_hard,1.0,Qwen/Qwen2.5-1.5B-Instruct,0.0,partial_quality,True,False,False,NOT ENOUGH INFO,,low,generic_cale,0.0,,0.0,1.0,generic_cale
0.0,0.0,FEVER,primary_construction,general,1.0,internal_constructed_evaluation,0.0,0.538,1.0,neutral,1.0,fever_53388::boundary_hard,1.0,Qwen/Qwen2.5-1.5B-Instruct,0.0,partial_quality,True,False,False,NOT ENOUGH INFO,,low,attack_aware_cale,0.0,,0.0,1.0,attack_aware_cale
0.0,0.0,FEVER,primary_construction,general,1.0,internal_constructed_evaluation,0.0,0.538,1.0,neutral,1.0,fever_53388::boundary_hard,1.0,Qwen/Qwen2.5-1.5B-Instruct,0.0,partial_quality,True,False,False,NOT ENOUGH INFO,,low,full_attack_aware_cale,0.0,,0.0,1.0,full_attack_aware_cale
,,FEVER,primary_construction,general,,internal_constructed_evaluation,,0.608,,neutral,,fever_140451::boundary_hard,,meta-llama/Llama-3.2-1B-Instruct,,partial_quality,True,False,False,NOT ENOUGH INFO,,low,direct_trustllm_heuristic,,,0.0,,direct_trustllm_heuristic
0.0,0.0,FEVER,primary_construction,general,1.0,internal_constructed_evaluation,1.0,0.639,1.0,neutral,1.0,fever_140451::boundary_hard,0.0,meta-llama/Llama-3.2-1B-Instruct,0.0,partial_quality,True,False,False,NOT ENOUGH INFO,,low,generic_cale,1.0,,0.0,1.0,generic_cale
0.0,0.0,FEVER,primary_construction,general,1.0,internal_constructed_evaluation,1.0,0.639,1.0,neutral,1.0,fever_140451::boundary_hard,0.0,meta-llama/Llama-3.2-1B-Instruct,0.0,partial_quality,True,False,False,NOT ENOUGH INFO,,low,attack_aware_cale,1.0,,0.0,1.0,attack_aware_cale
0.0,0.0,FEVER,primary_construction,general,1.0,internal_constructed_evaluation,1.0,0.639,1.0,neutral,1.0,fever_140451::boundary_hard,0.0,meta-llama/Llama-3.2-1B-Instruct,0.0,partial_quality,True,False,False,NOT ENOUGH INFO,,low,full_attack_aware_cale,1.0,,0.0,1.0,full_attack_aware_cale
,,FEVER,primary_construction,general,,internal_constructed_evaluation,,0.608,,neutral,,fever_74807::boundary_hard,,Qwen/Qwen2.5-1.5B-Instruct,,partial_quality,True,False,False,NOT ENOUGH INFO,,low,direct_trustllm_heuristic,,,0.0,,direct_trustllm_heuristic
0.0,0.0,FEVER,primary_construction,general,1.0,internal_constructed_evaluation,0.0,0.447,1.0,neutral,1.0,fever_74807::boundary_hard,0.0,Qwen/Qwen2.5-1.5B-Instruct,0.0,indeterminate_quality,True,False,False,NOT ENOUGH INFO,,low,generic_cale,0.0,,0.0,1.0,generic_cale
0.0,0.0,FEVER,primary_construction,general,1.0,internal_constructed_evaluation,0.0,0.447,1.0,neutral,1.0,fever_74807::boundary_hard,0.0,Qwen/Qwen2.5-1.5B-Instruct,0.0,indeterminate_quality,True,False,False,NOT ENOUGH INFO,,low,attack_aware_cale,0.0,,0.0,1.0,attack_aware_cale
0.0,0.0,FEVER,primary_construction,general,1.0,internal_constructed_evaluation,0.0,0.447,1.0,neutral,1.0,fever_74807::boundary_hard,0.0,Qwen/Qwen2.5-1.5B-Instruct,0.0,indeterminate_quality,True,False,False,NOT ENOUGH INFO,,low,full_attack_aware_cale,0.0,,0.0,1.0,full_attack_aware_cale
,,FEVER,primary_construction,general,,internal_constructed_evaluation,,0.608,,neutral,,fever_86543::boundary_hard,,Qwen/Qwen2.5-1.5B-Instruct,,partial_quality,True,False,False,NOT ENOUGH INFO,,low,direct_trustllm_heuristic,,,0.0,,direct_trustllm_heuristic
0.0,0.0,FEVER,primary_construction,general,1.0,internal_constructed_evaluation,0.0,0.447,1.0,neutral,1.0,fever_86543::boundary_hard,0.0,Qwen/Qwen2.5-1.5B-Instruct,0.0,indeterminate_quality,True,False,False,NOT ENOUGH INFO,,low,generic_cale,0.0,,0.0,1.0,generic_cale
0.0,0.0,FEVER,primary_construction,general,1.0,internal_constructed_evaluation,0.0,0.447,1.0,neutral,1.0,fever_86543::boundary_hard,0.0,Qwen/Qwen2.5-1.5B-Instruct,0.0,indeterminate_quality,True,False,False,NOT ENOUGH INFO,,low,attack_aware_cale,0.0,,0.0,1.0,attack_aware_cale
0.0,0.0,FEVER,primary_construction,general,1.0,internal_constructed_evaluation,0.0,0.447,1.0,neutral,1.0,fever_86543::boundary_hard,0.0,Qwen/Qwen2.5-1.5B-Instruct,0.0,indeterminate_quality,True,False,False,NOT ENOUGH INFO,,low,full_attack_aware_cale,0.0,,0.0,1.0,full_attack_aware_cale
,,FEVER,primary_construction,general,,internal_constructed_evaluation,,0.608,,neutral,,fever_50909::boundary_hard,,Qwen/Qwen2.5-1.5B-Instruct,,partial_quality,True,False,False,NOT ENOUGH INFO,,low,direct_trustllm_heuristic,,,0.0,,direct_trustllm_heuristic
0.0,0.0,FEVER,primary_construction,general,1.0,internal_constructed_evaluation,1.0,0.639,1.0,neutral,1.0,fever_50909::boundary_hard,0.0,Qwen/Qwen2.5-1.5B-Instruct,0.0,partial_quality,True,False,False,NOT ENOUGH INFO,,low,generic_cale,1.0,,0.0,1.0,generic_cale
0.0,0.0,FEVER,primary_construction,general,1.0,internal_constructed_evaluation,1.0,0.639,1.0,neutral,1.0,fever_50909::boundary_hard,0.0,Qwen/Qwen2.5-1.5B-Instruct,0.0,partial_quality,True,False,False,NOT ENOUGH INFO,,low,attack_aware_cale,1.0,,0.0,1.0,attack_aware_cale
0.0,0.0,FEVER,primary_construction,general,1.0,internal_constructed_evaluation,1.0,0.639,1.0,neutral,1.0,fever_50909::boundary_hard,0.0,Qwen/Qwen2.5-1.5B-Instruct,0.0,partial_quality,True,False,False,NOT ENOUGH INFO,,low,full_attack_aware_cale,1.0,,0.0,1.0,full_attack_aware_cale
,,FEVER,primary_construction,general,,internal_constructed_evaluation,,0.608,,neutral,,fever_185404::boundary_hard,,Qwen/Qwen2.5-1.5B-Instruct,,partial_quality,True,False,False,NOT ENOUGH INFO,,low,direct_trustllm_heuristic,,,0.0,,direct_trustllm_heuristic
0.0,0.0,FEVER,primary_construction,general,1.0,internal_constructed_evaluation,1.0,0.639,1.0,neutral,1.0,fever_185404::boundary_hard,0.0,Qwen/Qwen2.5-1.5B-Instruct,0.0,partial_quality,True,False,False,NOT ENOUGH INFO,,low,generic_cale,1.0,,0.0,1.0,generic_cale
0.0,0.0,FEVER,primary_construction,general,1.0,internal_constructed_evaluation,1.0,0.639,1.0,neutral,1.0,fever_185404::boundary_hard,0.0,Qwen/Qwen2.5-1.5B-Instruct,0.0,partial_quality,True,False,False,NOT ENOUGH INFO,,low,attack_aware_cale,1.0,,0.0,1.0,attack_aware_cale
0.0,0.0,FEVER,primary_construction,general,1.0,internal_constructed_evaluation,1.0,0.639,1.0,neutral,1.0,fever_185404::boundary_hard,0.0,Qwen/Qwen2.5-1.5B-Instruct,0.0,partial_quality,True,False,False,NOT ENOUGH INFO,,low,full_attack_aware_cale,1.0,,0.0,1.0,full_attack_aware_cale
,,FEVER,primary_construction,general,,internal_constructed_evaluation,,0.608,,neutral,,fever_76736::boundary_hard,,meta-llama/Llama-3.2-1B-Instruct,,partial_quality,True,False,False,NOT ENOUGH INFO,,low,direct_trustllm_heuristic,,,0.0,,direct_trustllm_heuristic
0.0,0.0,FEVER,primary_construction,general,1.0,internal_constructed_evaluation,1.0,0.639,1.0,neutral,1.0,fever_76736::boundary_hard,0.0,meta-llama/Llama-3.2-1B-Instruct,0.0,partial_quality,True,False,False,NOT ENOUGH INFO,,low,generic_cale,1.0,,0.0,1.0,generic_cale
0.0,0.0,FEVER,primary_construction,general,1.0,internal_constructed_evaluation,1.0,0.639,1.0,neutral,1.0,fever_76736::boundary_hard,0.0,meta-llama/Llama-3.2-1B-Instruct,0.0,partial_quality,True,False,False,NOT ENOUGH INFO,,low,attack_aware_cale,1.0,,0.0,1.0,attack_aware_cale
0.0,0.0,FEVER,primary_construction,general,1.0,internal_constructed_evaluation,1.0,0.639,1.0,neutral,1.0,fever_76736::boundary_hard,0.0,meta-llama/Llama-3.2-1B-Instruct,0.0,partial_quality,True,False,False,NOT ENOUGH INFO,,low,full_attack_aware_cale,1.0,,0.0,1.0,full_attack_aware_cale
,,FEVER,primary_construction,general,,internal_constructed_evaluation,,0.608,,neutral,,fever_59886::boundary_hard,,meta-llama/Llama-3.2-1B-Instruct,,partial_quality,True,False,False,NOT ENOUGH INFO,,low,direct_trustllm_heuristic,,,0.0,,direct_trustllm_heuristic
0.0,0.0,FEVER,primary_construction,general,1.0,internal_constructed_evaluation,1.0,0.639,1.0,neutral,1.0,fever_59886::boundary_hard,0.0,meta-llama/Llama-3.2-1B-Instruct,0.0,partial_quality,True,False,False,NOT ENOUGH INFO,,low,generic_cale,1.0,,0.0,1.0,generic_cale
0.0,0.0,FEVER,primary_construction,general,1.0,internal_constructed_evaluation,1.0,0.639,1.0,neutral,1.0,fever_59886::boundary_hard,0.0,meta-llama/Llama-3.2-1B-Instruct,0.0,partial_quality,True,False,False,NOT ENOUGH INFO,,low,attack_aware_cale,1.0,,0.0,1.0,attack_aware_cale
0.0,0.0,FEVER,primary_construction,general,1.0,internal_constructed_evaluation,1.0,0.639,1.0,neutral,1.0,fever_59886::boundary_hard,0.0,meta-llama/Llama-3.2-1B-Instruct,0.0,partial_quality,True,False,False,NOT ENOUGH INFO,,low,full_attack_aware_cale,1.0,,0.0,1.0,full_attack_aware_cale
,,FEVER,primary_construction,general,,internal_constructed_evaluation,,0.608,,neutral,,fever_64843::boundary_hard,,meta-llama/Llama-3.2-1B-Instruct,,partial_quality,True,False,False,NOT ENOUGH INFO,,low,direct_trustllm_heuristic,,,0.0,,direct_trustllm_heuristic
0.0,0.0,FEVER,primary_construction,general,1.0,internal_constructed_evaluation,1.0,0.639,1.0,neutral,1.0,fever_64843::boundary_hard,0.0,meta-llama/Llama-3.2-1B-Instruct,0.0,partial_quality,True,False,False,NOT ENOUGH INFO,,low,generic_cale,1.0,,0.0,1.0,generic_cale
0.0,0.0,FEVER,primary_construction,general,1.0,internal_constructed_evaluation,1.0,0.639,1.0,neutral,1.0,fever_64843::boundary_hard,0.0,meta-llama/Llama-3.2-1B-Instruct,0.0,partial_quality,True,False,False,NOT ENOUGH INFO,,low,attack_aware_cale,1.0,,0.0,1.0,attack_aware_cale
0.0,0.0,FEVER,primary_construction,general,1.0,internal_constructed_evaluation,1.0,0.639,1.0,neutral,1.0,fever_64843::boundary_hard,0.0,meta-llama/Llama-3.2-1B-Instruct,0.0,partial_quality,True,False,False,NOT ENOUGH INFO,,low,full_attack_aware_cale,1.0,,0.0,1.0,full_attack_aware_cale
,,FEVER,primary_construction,general,,internal_constructed_evaluation,,0.608,,neutral,,fever_102702::boundary_hard,,meta-llama/Llama-3.2-1B-Instruct,,partial_quality,True,False,False,NOT ENOUGH INFO,,low,direct_trustllm_heuristic,,,0.0,,direct_trustllm_heuristic
0.0,0.0,FEVER,primary_construction,general,1.0,internal_constructed_evaluation,1.0,0.639,1.0,neutral,1.0,fever_102702::boundary_hard,0.0,meta-llama/Llama-3.2-1B-Instruct,0.0,partial_quality,True,False,False,NOT ENOUGH INFO,,low,generic_cale,1.0,,0.0,1.0,generic_cale
0.0,0.0,FEVER,primary_construction,general,1.0,internal_constructed_evaluation,1.0,0.639,1.0,neutral,1.0,fever_102702::boundary_hard,0.0,meta-llama/Llama-3.2-1B-Instruct,0.0,partial_quality,True,False,False,NOT ENOUGH INFO,,low,attack_aware_cale,1.0,,0.0,1.0,attack_aware_cale
0.0,0.0,FEVER,primary_construction,general,1.0,internal_constructed_evaluation,1.0,0.639,1.0,neutral,1.0,fever_102702::boundary_hard,0.0,meta-llama/Llama-3.2-1B-Instruct,0.0,partial_quality,True,False,False,NOT ENOUGH INFO,,low,full_attack_aware_cale,1.0,,0.0,1.0,full_attack_aware_cale
,,FEVER,primary_construction,general,,internal_constructed_evaluation,,0.608,,neutral,,fever_18615::boundary_hard,,meta-llama/Llama-3.2-1B-Instruct,,partial_quality,True,False,False,NOT ENOUGH INFO,,low,direct_trustllm_heuristic,,,0.0,,direct_trustllm_heuristic
0.0,0.0,FEVER,primary_construction,general,1.0,internal_constructed_evaluation,1.0,0.639,1.0,neutral,1.0,fever_18615::boundary_hard,0.0,meta-llama/Llama-3.2-1B-Instruct,0.0,partial_quality,True,False,False,NOT ENOUGH INFO,,low,generic_cale,1.0,,0.0,1.0,generic_cale
0.0,0.0,FEVER,primary_construction,general,1.0,internal_constructed_evaluation,1.0,0.639,1.0,neutral,1.0,fever_18615::boundary_hard,0.0,meta-llama/Llama-3.2-1B-Instruct,0.0,partial_quality,True,False,False,NOT ENOUGH INFO,,low,attack_aware_cale,1.0,,0.0,1.0,attack_aware_cale
0.0,0.0,FEVER,primary_construction,general,1.0,internal_constructed_evaluation,1.0,0.639,1.0,neutral,1.0,fever_18615::boundary_hard,0.0,meta-llama/Llama-3.2-1B-Instruct,0.0,partial_quality,True,False,False,NOT ENOUGH INFO,,low,full_attack_aware_cale,1.0,,0.0,1.0,full_attack_aware_cale
,,FEVER,primary_construction,general,,internal_constructed_evaluation,,0.608,,neutral,,fever_94038::boundary_hard,,Qwen/Qwen2.5-1.5B-Instruct,,partial_quality,True,False,False,NOT ENOUGH INFO,,low,direct_trustllm_heuristic,,,0.0,,direct_trustllm_heuristic
0.0,0.0,FEVER,primary_construction,general,1.0,internal_constructed_evaluation,0.0,0.447,1.0,neutral,1.0,fever_94038::boundary_hard,0.0,Qwen/Qwen2.5-1.5B-Instruct,0.0,indeterminate_quality,True,False,False,NOT ENOUGH INFO,,low,generic_cale,0.0,,0.0,1.0,generic_cale
0.0,0.0,FEVER,primary_construction,general,1.0,internal_constructed_evaluation,0.0,0.447,1.0,neutral,1.0,fever_94038::boundary_hard,0.0,Qwen/Qwen2.5-1.5B-Instruct,0.0,indeterminate_quality,True,False,False,NOT ENOUGH INFO,,low,attack_aware_cale,0.0,,0.0,1.0,attack_aware_cale
0.0,0.0,FEVER,primary_construction,general,1.0,internal_constructed_evaluation,0.0,0.447,1.0,neutral,1.0,fever_94038::boundary_hard,0.0,Qwen/Qwen2.5-1.5B-Instruct,0.0,indeterminate_quality,True,False,False,NOT ENOUGH INFO,,low,full_attack_aware_cale,0.0,,0.0,1.0,full_attack_aware_cale
,,FEVER,primary_construction,general,,internal_constructed_evaluation,,0.608,,neutral,,fever_47540::boundary_hard,,Qwen/Qwen2.5-1.5B-Instruct,,partial_quality,True,False,False,NOT ENOUGH INFO,,low,direct_trustllm_heuristic,,,0.0,,direct_trustllm_heuristic
0.0,0.0,FEVER,primary_construction,general,1.0,internal_constructed_evaluation,1.0,0.731,1.0,neutral,1.0,fever_47540::boundary_hard,1.0,Qwen/Qwen2.5-1.5B-Instruct,0.0,partial_quality,True,False,False,NOT ENOUGH INFO,,low,generic_cale,1.0,,0.0,1.0,generic_cale
0.0,0.0,FEVER,primary_construction,general,1.0,internal_constructed_evaluation,1.0,0.731,1.0,neutral,1.0,fever_47540::boundary_hard,1.0,Qwen/Qwen2.5-1.5B-Instruct,0.0,partial_quality,True,False,False,NOT ENOUGH INFO,,low,attack_aware_cale,1.0,,0.0,1.0,attack_aware_cale
0.0,0.0,FEVER,primary_construction,general,1.0,internal_constructed_evaluation,1.0,0.731,1.0,neutral,1.0,fever_47540::boundary_hard,1.0,Qwen/Qwen2.5-1.5B-Instruct,0.0,partial_quality,True,False,False,NOT ENOUGH INFO,,low,full_attack_aware_cale,1.0,,0.0,1.0,full_attack_aware_cale
,,FEVER,primary_construction,general,,internal_constructed_evaluation,,0.608,,neutral,,fever_192836::boundary_hard,,meta-llama/Llama-3.2-1B-Instruct,,partial_quality,True,False,False,NOT ENOUGH INFO,,low,direct_trustllm_heuristic,,,0.0,,direct_trustllm_heuristic
0.0,0.0,FEVER,primary_construction,general,1.0,internal_constructed_evaluation,1.0,0.639,1.0,neutral,1.0,fever_192836::boundary_hard,0.0,meta-llama/Llama-3.2-1B-Instruct,0.0,partial_quality,True,False,False,NOT ENOUGH INFO,,low,generic_cale,1.0,,0.0,1.0,generic_cale
0.0,0.0,FEVER,primary_construction,general,1.0,internal_constructed_evaluation,1.0,0.639,1.0,neutral,1.0,fever_192836::boundary_hard,0.0,meta-llama/Llama-3.2-1B-Instruct,0.0,partial_quality,True,False,False,NOT ENOUGH INFO,,low,attack_aware_cale,1.0,,0.0,1.0,attack_aware_cale
0.0,0.0,FEVER,primary_construction,general,1.0,internal_constructed_evaluation,1.0,0.639,1.0,neutral,1.0,fever_192836::boundary_hard,0.0,meta-llama/Llama-3.2-1B-Instruct,0.0,partial_quality,True,False,False,NOT ENOUGH INFO,,low,full_attack_aware_cale,1.0,,0.0,1.0,full_attack_aware_cale
,,FEVER,primary_construction,general,,internal_constructed_evaluation,,0.608,,neutral,,fever_194477::boundary_hard,,meta-llama/Llama-3.2-1B-Instruct,,partial_quality,True,False,False,NOT ENOUGH INFO,,low,direct_trustllm_heuristic,,,0.0,,direct_trustllm_heuristic
0.0,0.0,FEVER,primary_construction,general,1.0,internal_constructed_evaluation,1.0,0.639,1.0,neutral,1.0,fever_194477::boundary_hard,0.0,meta-llama/Llama-3.2-1B-Instruct,0.0,partial_quality,True,False,False,NOT ENOUGH INFO,,low,generic_cale,1.0,,0.0,1.0,generic_cale
0.0,0.0,FEVER,primary_construction,general,1.0,internal_constructed_evaluation,1.0,0.639,1.0,neutral,1.0,fever_194477::boundary_hard,0.0,meta-llama/Llama-3.2-1B-Instruct,0.0,partial_quality,True,False,False,NOT ENOUGH INFO,,low,attack_aware_cale,1.0,,0.0,1.0,attack_aware_cale
0.0,0.0,FEVER,primary_construction,general,1.0,internal_constructed_evaluation,1.0,0.639,1.0,neutral,1.0,fever_194477::boundary_hard,0.0,meta-llama/Llama-3.2-1B-Instruct,0.0,partial_quality,True,False,False,NOT ENOUGH INFO,,low,full_attack_aware_cale,1.0,,0.0,1.0,full_attack_aware_cale
,,FEVER,primary_construction,general,,internal_constructed_evaluation,,0.608,,neutral,,fever_146332::boundary_hard,,meta-llama/Llama-3.2-1B-Instruct,,partial_quality,True,False,False,NOT ENOUGH INFO,,low,direct_trustllm_heuristic,,,0.0,,direct_trustllm_heuristic
0.0,0.0,FEVER,primary_construction,general,1.0,internal_constructed_evaluation,0.0,0.447,1.0,neutral,1.0,fever_146332::boundary_hard,0.0,meta-llama/Llama-3.2-1B-Instruct,0.0,indeterminate_quality,True,False,False,NOT ENOUGH INFO,,low,generic_cale,0.0,,0.0,1.0,generic_cale
0.0,0.0,FEVER,primary_construction,general,1.0,internal_constructed_evaluation,0.0,0.447,1.0,neutral,1.0,fever_146332::boundary_hard,0.0,meta-llama/Llama-3.2-1B-Instruct,0.0,indeterminate_quality,True,False,False,NOT ENOUGH INFO,,low,attack_aware_cale,0.0,,0.0,1.0,attack_aware_cale
0.0,0.0,FEVER,primary_construction,general,1.0,internal_constructed_evaluation,0.0,0.447,1.0,neutral,1.0,fever_146332::boundary_hard,0.0,meta-llama/Llama-3.2-1B-Instruct,0.0,indeterminate_quality,True,False,False,NOT ENOUGH INFO,,low,full_attack_aware_cale,0.0,,0.0,1.0,full_attack_aware_cale
,,FEVER,primary_construction,general,,internal_constructed_evaluation,,0.608,,neutral,,fever_192833::boundary_hard,,meta-llama/Llama-3.2-1B-Instruct,,partial_quality,True,False,False,NOT ENOUGH INFO,,low,direct_trustllm_heuristic,,,0.0,,direct_trustllm_heuristic
0.0,0.0,FEVER,primary_construction,general,1.0,internal_constructed_evaluation,1.0,0.639,1.0,neutral,1.0,fever_192833::boundary_hard,0.0,meta-llama/Llama-3.2-1B-Instruct,0.0,partial_quality,True,False,False,NOT ENOUGH INFO,,low,generic_cale,1.0,,0.0,1.0,generic_cale
0.0,0.0,FEVER,primary_construction,general,1.0,internal_constructed_evaluation,1.0,0.639,1.0,neutral,1.0,fever_192833::boundary_hard,0.0,meta-llama/Llama-3.2-1B-Instruct,0.0,partial_quality,True,False,False,NOT ENOUGH INFO,,low,attack_aware_cale,1.0,,0.0,1.0,attack_aware_cale
0.0,0.0,FEVER,primary_construction,general,1.0,internal_constructed_evaluation,1.0,0.639,1.0,neutral,1.0,fever_192833::boundary_hard,0.0,meta-llama/Llama-3.2-1B-Instruct,0.0,partial_quality,True,False,False,NOT ENOUGH INFO,,low,full_attack_aware_cale,1.0,,0.0,1.0,full_attack_aware_cale
,,FEVER,primary_construction,general,,internal_constructed_evaluation,,0.608,,neutral,,fever_132541::boundary_hard,,meta-llama/Llama-3.2-1B-Instruct,,partial_quality,True,False,False,NOT ENOUGH INFO,,low,direct_trustllm_heuristic,,,0.0,,direct_trustllm_heuristic
0.0,0.0,FEVER,primary_construction,general,1.0,internal_constructed_evaluation,1.0,0.639,1.0,neutral,1.0,fever_132541::boundary_hard,0.0,meta-llama/Llama-3.2-1B-Instruct,0.0,partial_quality,True,False,False,NOT ENOUGH INFO,,low,generic_cale,1.0,,0.0,1.0,generic_cale
0.0,0.0,FEVER,primary_construction,general,1.0,internal_constructed_evaluation,1.0,0.639,1.0,neutral,1.0,fever_132541::boundary_hard,0.0,meta-llama/Llama-3.2-1B-Instruct,0.0,partial_quality,True,False,False,NOT ENOUGH INFO,,low,attack_aware_cale,1.0,,0.0,1.0,attack_aware_cale
0.0,0.0,FEVER,primary_construction,general,1.0,internal_constructed_evaluation,1.0,0.639,1.0,neutral,1.0,fever_132541::boundary_hard,0.0,meta-llama/Llama-3.2-1B-Instruct,0.0,partial_quality,True,False,False,NOT ENOUGH INFO,,low,full_attack_aware_cale,1.0,,0.0,1.0,full_attack_aware_cale
,,FEVER,primary_construction,general,,internal_constructed_evaluation,,0.608,,neutral,,fever_107134::boundary_hard,,meta-llama/Llama-3.2-1B-Instruct,,partial_quality,True,False,False,NOT ENOUGH INFO,,low,direct_trustllm_heuristic,,,0.0,,direct_trustllm_heuristic
0.0,0.0,FEVER,primary_construction,general,1.0,internal_constructed_evaluation,1.0,0.639,1.0,neutral,1.0,fever_107134::boundary_hard,0.0,meta-llama/Llama-3.2-1B-Instruct,0.0,partial_quality,True,False,False,NOT ENOUGH INFO,,low,generic_cale,1.0,,0.0,1.0,generic_cale
0.0,0.0,FEVER,primary_construction,general,1.0,internal_constructed_evaluation,1.0,0.639,1.0,neutral,1.0,fever_107134::boundary_hard,0.0,meta-llama/Llama-3.2-1B-Instruct,0.0,partial_quality,True,False,False,NOT ENOUGH INFO,,low,attack_aware_cale,1.0,,0.0,1.0,attack_aware_cale
0.0,0.0,FEVER,primary_construction,general,1.0,internal_constructed_evaluation,1.0,0.639,1.0,neutral,1.0,fever_107134::boundary_hard,0.0,meta-llama/Llama-3.2-1B-Instruct,0.0,partial_quality,True,False,False,NOT ENOUGH INFO,,low,full_attack_aware_cale,1.0,,0.0,1.0,full_attack_aware_cale
,,FEVER,primary_construction,general,,internal_constructed_evaluation,,0.608,,neutral,,fever_195032::boundary_hard,,meta-llama/Llama-3.2-1B-Instruct,,partial_quality,True,False,False,NOT ENOUGH INFO,,low,direct_trustllm_heuristic,,,0.0,,direct_trustllm_heuristic
0.0,0.0,FEVER,primary_construction,general,1.0,internal_constructed_evaluation,1.0,0.639,1.0,neutral,1.0,fever_195032::boundary_hard,0.0,meta-llama/Llama-3.2-1B-Instruct,0.0,partial_quality,True,False,False,NOT ENOUGH INFO,,low,generic_cale,1.0,,0.0,1.0,generic_cale
0.0,0.0,FEVER,primary_construction,general,1.0,internal_constructed_evaluation,1.0,0.639,1.0,neutral,1.0,fever_195032::boundary_hard,0.0,meta-llama/Llama-3.2-1B-Instruct,0.0,partial_quality,True,False,False,NOT ENOUGH INFO,,low,attack_aware_cale,1.0,,0.0,1.0,attack_aware_cale
0.0,0.0,FEVER,primary_construction,general,1.0,internal_constructed_evaluation,1.0,0.639,1.0,neutral,1.0,fever_195032::boundary_hard,0.0,meta-llama/Llama-3.2-1B-Instruct,0.0,partial_quality,True,False,False,NOT ENOUGH INFO,,low,full_attack_aware_cale,1.0,,0.0,1.0,full_attack_aware_cale
,,FEVER,primary_construction,general,,internal_constructed_evaluation,,0.608,,neutral,,fever_141131::boundary_hard,,meta-llama/Llama-3.2-1B-Instruct,,partial_quality,True,False,False,NOT ENOUGH INFO,,low,direct_trustllm_heuristic,,,0.0,,direct_trustllm_heuristic
0.0,0.0,FEVER,primary_construction,general,1.0,internal_constructed_evaluation,1.0,0.639,1.0,neutral,1.0,fever_141131::boundary_hard,0.0,meta-llama/Llama-3.2-1B-Instruct,0.0,partial_quality,True,False,False,NOT ENOUGH INFO,,low,generic_cale,1.0,,0.0,1.0,generic_cale
0.0,0.0,FEVER,primary_construction,general,1.0,internal_constructed_evaluation,1.0,0.639,1.0,neutral,1.0,fever_141131::boundary_hard,0.0,meta-llama/Llama-3.2-1B-Instruct,0.0,partial_quality,True,False,False,NOT ENOUGH INFO,,low,attack_aware_cale,1.0,,0.0,1.0,attack_aware_cale
0.0,0.0,FEVER,primary_construction,general,1.0,internal_constructed_evaluation,1.0,0.639,1.0,neutral,1.0,fever_141131::boundary_hard,0.0,meta-llama/Llama-3.2-1B-Instruct,0.0,partial_quality,True,False,False,NOT ENOUGH INFO,,low,full_attack_aware_cale,1.0,,0.0,1.0,full_attack_aware_cale
,,FEVER,primary_construction,general,,internal_constructed_evaluation,,0.608,,neutral,,fever_149251::boundary_hard,,meta-llama/Llama-3.2-1B-Instruct,,partial_quality,True,False,False,NOT ENOUGH INFO,,low,direct_trustllm_heuristic,,,0.0,,direct_trustllm_heuristic
0.0,0.0,FEVER,primary_construction,general,1.0,internal_constructed_evaluation,1.0,0.639,1.0,neutral,1.0,fever_149251::boundary_hard,0.0,meta-llama/Llama-3.2-1B-Instruct,0.0,partial_quality,True,False,False,NOT ENOUGH INFO,,low,generic_cale,1.0,,0.0,1.0,generic_cale
0.0,0.0,FEVER,primary_construction,general,1.0,internal_constructed_evaluation,1.0,0.639,1.0,neutral,1.0,fever_149251::boundary_hard,0.0,meta-llama/Llama-3.2-1B-Instruct,0.0,partial_quality,True,False,False,NOT ENOUGH INFO,,low,attack_aware_cale,1.0,,0.0,1.0,attack_aware_cale
0.0,0.0,FEVER,primary_construction,general,1.0,internal_constructed_evaluation,1.0,0.639,1.0,neutral,1.0,fever_149251::boundary_hard,0.0,meta-llama/Llama-3.2-1B-Instruct,0.0,partial_quality,True,False,False,NOT ENOUGH INFO,,low,full_attack_aware_cale,1.0,,0.0,1.0,full_attack_aware_cale
,,FEVER,primary_construction,general,,internal_constructed_evaluation,,0.608,,neutral,,fever_143582::boundary_hard,,Qwen/Qwen2.5-1.5B-Instruct,,partial_quality,True,False,False,NOT ENOUGH INFO,,low,direct_trustllm_heuristic,,,0.0,,direct_trustllm_heuristic
0.0,0.0,FEVER,primary_construction,general,1.0,internal_constructed_evaluation,1.0,0.639,1.0,neutral,1.0,fever_143582::boundary_hard,0.0,Qwen/Qwen2.5-1.5B-Instruct,0.0,partial_quality,True,False,False,NOT ENOUGH INFO,,low,generic_cale,1.0,,0.0,1.0,generic_cale
0.0,0.0,FEVER,primary_construction,general,1.0,internal_constructed_evaluation,1.0,0.639,1.0,neutral,1.0,fever_143582::boundary_hard,0.0,Qwen/Qwen2.5-1.5B-Instruct,0.0,partial_quality,True,False,False,NOT ENOUGH INFO,,low,attack_aware_cale,1.0,,0.0,1.0,attack_aware_cale
0.0,0.0,FEVER,primary_construction,general,1.0,internal_constructed_evaluation,1.0,0.639,1.0,neutral,1.0,fever_143582::boundary_hard,0.0,Qwen/Qwen2.5-1.5B-Instruct,0.0,partial_quality,True,False,False,NOT ENOUGH INFO,,low,full_attack_aware_cale,1.0,,0.0,1.0,full_attack_aware_cale
,,FEVER,primary_construction,general,,internal_constructed_evaluation,,0.608,,neutral,,fever_46726::boundary_hard,,Qwen/Qwen2.5-1.5B-Instruct,,partial_quality,True,False,False,NOT ENOUGH INFO,,low,direct_trustllm_heuristic,,,0.0,,direct_trustllm_heuristic
0.0,0.0,FEVER,primary_construction,general,1.0,internal_constructed_evaluation,1.0,0.639,1.0,neutral,1.0,fever_46726::boundary_hard,0.0,Qwen/Qwen2.5-1.5B-Instruct,0.0,partial_quality,True,False,False,NOT ENOUGH INFO,,low,generic_cale,1.0,,0.0,1.0,generic_cale
0.0,0.0,FEVER,primary_construction,general,1.0,internal_constructed_evaluation,1.0,0.639,1.0,neutral,1.0,fever_46726::boundary_hard,0.0,Qwen/Qwen2.5-1.5B-Instruct,0.0,partial_quality,True,False,False,NOT ENOUGH INFO,,low,attack_aware_cale,1.0,,0.0,1.0,attack_aware_cale
0.0,0.0,FEVER,primary_construction,general,1.0,internal_constructed_evaluation,1.0,0.639,1.0,neutral,1.0,fever_46726::boundary_hard,0.0,Qwen/Qwen2.5-1.5B-Instruct,0.0,partial_quality,True,False,False,NOT ENOUGH INFO,,low,full_attack_aware_cale,1.0,,0.0,1.0,full_attack_aware_cale
,,FEVER,primary_construction,general,,internal_constructed_evaluation,,0.608,,neutral,,fever_185392::boundary_hard,,Qwen/Qwen2.5-1.5B-Instruct,,partial_quality,True,False,False,NOT ENOUGH INFO,,low,direct_trustllm_heuristic,,,0.0,,direct_trustllm_heuristic
0.0,0.0,FEVER,primary_construction,general,1.0,internal_constructed_evaluation,1.0,0.731,1.0,neutral,1.0,fever_185392::boundary_hard,1.0,Qwen/Qwen2.5-1.5B-Instruct,0.0,partial_quality,True,False,False,NOT ENOUGH INFO,,low,generic_cale,1.0,,0.0,1.0,generic_cale
0.0,0.0,FEVER,primary_construction,general,1.0,internal_constructed_evaluation,1.0,0.731,1.0,neutral,1.0,fever_185392::boundary_hard,1.0,Qwen/Qwen2.5-1.5B-Instruct,0.0,partial_quality,True,False,False,NOT ENOUGH INFO,,low,attack_aware_cale,1.0,,0.0,1.0,attack_aware_cale
0.0,0.0,FEVER,primary_construction,general,1.0,internal_constructed_evaluation,1.0,0.731,1.0,neutral,1.0,fever_185392::boundary_hard,1.0,Qwen/Qwen2.5-1.5B-Instruct,0.0,partial_quality,True,False,False,NOT ENOUGH INFO,,low,full_attack_aware_cale,1.0,,0.0,1.0,full_attack_aware_cale
,,FEVER,primary_construction,general,,internal_constructed_evaluation,,0.608,,neutral,,fever_172473::boundary_hard,,Qwen/Qwen2.5-1.5B-Instruct,,partial_quality,True,False,False,NOT ENOUGH INFO,,low,direct_trustllm_heuristic,,,0.0,,direct_trustllm_heuristic
0.0,0.0,FEVER,primary_construction,general,1.0,internal_constructed_evaluation,0.0,0.538,1.0,neutral,1.0,fever_172473::boundary_hard,1.0,Qwen/Qwen2.5-1.5B-Instruct,0.0,partial_quality,True,False,False,NOT ENOUGH INFO,,low,generic_cale,0.0,,0.0,1.0,generic_cale
0.0,0.0,FEVER,primary_construction,general,1.0,internal_constructed_evaluation,0.0,0.538,1.0,neutral,1.0,fever_172473::boundary_hard,1.0,Qwen/Qwen2.5-1.5B-Instruct,0.0,partial_quality,True,False,False,NOT ENOUGH INFO,,low,attack_aware_cale,0.0,,0.0,1.0,attack_aware_cale
0.0,0.0,FEVER,primary_construction,general,1.0,internal_constructed_evaluation,0.0,0.538,1.0,neutral,1.0,fever_172473::boundary_hard,1.0,Qwen/Qwen2.5-1.5B-Instruct,0.0,partial_quality,True,False,False,NOT ENOUGH INFO,,low,full_attack_aware_cale,0.0,,0.0,1.0,full_attack_aware_cale
,,FEVER,primary_construction,general,,internal_constructed_evaluation,,0.608,,neutral,,fever_87192::boundary_hard,,Qwen/Qwen2.5-1.5B-Instruct,,partial_quality,True,False,False,NOT ENOUGH INFO,,low,direct_trustllm_heuristic,,,0.0,,direct_trustllm_heuristic
0.0,0.0,FEVER,primary_construction,general,1.0,internal_constructed_evaluation,0.0,0.447,1.0,neutral,1.0,fever_87192::boundary_hard,0.0,Qwen/Qwen2.5-1.5B-Instruct,0.0,indeterminate_quality,True,False,False,NOT ENOUGH INFO,,low,generic_cale,0.0,,0.0,1.0,generic_cale
0.0,0.0,FEVER,primary_construction,general,1.0,internal_constructed_evaluation,0.0,0.447,1.0,neutral,1.0,fever_87192::boundary_hard,0.0,Qwen/Qwen2.5-1.5B-Instruct,0.0,indeterminate_quality,True,False,False,NOT ENOUGH INFO,,low,attack_aware_cale,0.0,,0.0,1.0,attack_aware_cale
0.0,0.0,FEVER,primary_construction,general,1.0,internal_constructed_evaluation,0.0,0.447,1.0,neutral,1.0,fever_87192::boundary_hard,0.0,Qwen/Qwen2.5-1.5B-Instruct,0.0,indeterminate_quality,True,False,False,NOT ENOUGH INFO,,low,full_attack_aware_cale,0.0,,0.0,1.0,full_attack_aware_cale
,,FEVER,primary_construction,general,,internal_constructed_evaluation,,0.608,,neutral,,fever_102734::boundary_hard,,Qwen/Qwen2.5-1.5B-Instruct,,partial_quality,True,False,False,NOT ENOUGH INFO,,low,direct_trustllm_heuristic,,,0.0,,direct_trustllm_heuristic
0.0,0.0,FEVER,primary_construction,general,1.0,internal_constructed_evaluation,0.0,0.447,1.0,neutral,1.0,fever_102734::boundary_hard,0.0,Qwen/Qwen2.5-1.5B-Instruct,0.0,indeterminate_quality,True,False,False,NOT ENOUGH INFO,,low,generic_cale,0.0,,0.0,1.0,generic_cale
0.0,0.0,FEVER,primary_construction,general,1.0,internal_constructed_evaluation,0.0,0.447,1.0,neutral,1.0,fever_102734::boundary_hard,0.0,Qwen/Qwen2.5-1.5B-Instruct,0.0,indeterminate_quality,True,False,False,NOT ENOUGH INFO,,low,attack_aware_cale,0.0,,0.0,1.0,attack_aware_cale
0.0,0.0,FEVER,primary_construction,general,1.0,internal_constructed_evaluation,0.0,0.447,1.0,neutral,1.0,fever_102734::boundary_hard,0.0,Qwen/Qwen2.5-1.5B-Instruct,0.0,indeterminate_quality,True,False,False,NOT ENOUGH INFO,,low,full_attack_aware_cale,0.0,,0.0,1.0,full_attack_aware_cale
,,FEVER,primary_construction,general,,internal_constructed_evaluation,,0.608,,neutral,,fever_115546::boundary_hard,,Qwen/Qwen2.5-1.5B-Instruct,,partial_quality,True,False,False,NOT ENOUGH INFO,,low,direct_trustllm_heuristic,,,0.0,,direct_trustllm_heuristic
0.0,0.0,FEVER,primary_construction,general,1.0,internal_constructed_evaluation,1.0,0.447,1.0,neutral,1.0,fever_115546::boundary_hard,0.0,Qwen/Qwen2.5-1.5B-Instruct,1.0,indeterminate_quality,True,False,False,NOT ENOUGH INFO,,low,generic_cale,0.0,,0.0,0.0,generic_cale
0.0,0.0,FEVER,primary_construction,general,1.0,internal_constructed_evaluation,1.0,0.447,1.0,neutral,1.0,fever_115546::boundary_hard,0.0,Qwen/Qwen2.5-1.5B-Instruct,1.0,indeterminate_quality,True,False,False,NOT ENOUGH INFO,,low,attack_aware_cale,0.0,,0.0,0.0,attack_aware_cale
0.0,0.0,FEVER,primary_construction,general,1.0,internal_constructed_evaluation,1.0,0.447,1.0,neutral,1.0,fever_115546::boundary_hard,0.0,Qwen/Qwen2.5-1.5B-Instruct,1.0,indeterminate_quality,True,False,False,NOT ENOUGH INFO,,low,full_attack_aware_cale,0.0,,0.0,0.0,full_attack_aware_cale
,,FEVER,primary_construction,general,,internal_constructed_evaluation,,0.608,,neutral,,fever_115546::boundary_hard,,meta-llama/Llama-3.2-1B-Instruct,,partial_quality,True,False,False,NOT ENOUGH INFO,,low,direct_trustllm_heuristic,,,0.0,,direct_trustllm_heuristic
0.0,0.0,FEVER,primary_construction,general,1.0,internal_constructed_evaluation,1.0,0.447,1.0,neutral,1.0,fever_115546::boundary_hard,0.0,meta-llama/Llama-3.2-1B-Instruct,1.0,indeterminate_quality,True,False,False,NOT ENOUGH INFO,,low,generic_cale,0.0,,0.0,0.0,generic_cale
0.0,0.0,FEVER,primary_construction,general,1.0,internal_constructed_evaluation,1.0,0.447,1.0,neutral,1.0,fever_115546::boundary_hard,0.0,meta-llama/Llama-3.2-1B-Instruct,1.0,indeterminate_quality,True,False,False,NOT ENOUGH INFO,,low,attack_aware_cale,0.0,,0.0,0.0,attack_aware_cale
0.0,0.0,FEVER,primary_construction,general,1.0,internal_constructed_evaluation,1.0,0.447,1.0,neutral,1.0,fever_115546::boundary_hard,0.0,meta-llama/Llama-3.2-1B-Instruct,1.0,indeterminate_quality,True,False,False,NOT ENOUGH INFO,,low,full_attack_aware_cale,0.0,,0.0,0.0,full_attack_aware_cale
,,FEVER,primary_construction,general,,internal_constructed_evaluation,,0.608,,neutral,,fever_116064::boundary_hard,,meta-llama/Llama-3.2-1B-Instruct,,partial_quality,True,False,False,NOT ENOUGH INFO,,low,direct_trustllm_heuristic,,,0.0,,direct_trustllm_heuristic
0.0,0.0,FEVER,primary_construction,general,1.0,internal_constructed_evaluation,1.0,0.447,1.0,neutral,1.0,fever_116064::boundary_hard,0.0,meta-llama/Llama-3.2-1B-Instruct,1.0,indeterminate_quality,True,False,False,NOT ENOUGH INFO,,low,generic_cale,0.0,,0.0,0.0,generic_cale
0.0,0.0,FEVER,primary_construction,general,1.0,internal_constructed_evaluation,1.0,0.447,1.0,neutral,1.0,fever_116064::boundary_hard,0.0,meta-llama/Llama-3.2-1B-Instruct,1.0,indeterminate_quality,True,False,False,NOT ENOUGH INFO,,low,attack_aware_cale,0.0,,0.0,0.0,attack_aware_cale
0.0,0.0,FEVER,primary_construction,general,1.0,internal_constructed_evaluation,1.0,0.447,1.0,neutral,1.0,fever_116064::boundary_hard,0.0,meta-llama/Llama-3.2-1B-Instruct,1.0,indeterminate_quality,True,False,False,NOT ENOUGH INFO,,low,full_attack_aware_cale,0.0,,0.0,0.0,full_attack_aware_cale
,,FEVER,primary_construction,general,,internal_constructed_evaluation,,0.608,,neutral,,fever_118874::boundary_hard,,meta-llama/Llama-3.2-1B-Instruct,,partial_quality,True,False,False,NOT ENOUGH INFO,,low,direct_trustllm_heuristic,,,0.0,,direct_trustllm_heuristic
0.0,0.0,FEVER,primary_construction,general,1.0,internal_constructed_evaluation,1.0,0.447,1.0,neutral,1.0,fever_118874::boundary_hard,0.0,meta-llama/Llama-3.2-1B-Instruct,1.0,indeterminate_quality,True,False,False,NOT ENOUGH INFO,,low,generic_cale,0.0,,0.0,0.0,generic_cale
0.0,0.0,FEVER,primary_construction,general,1.0,internal_constructed_evaluation,1.0,0.447,1.0,neutral,1.0,fever_118874::boundary_hard,0.0,meta-llama/Llama-3.2-1B-Instruct,1.0,indeterminate_quality,True,False,False,NOT ENOUGH INFO,,low,attack_aware_cale,0.0,,0.0,0.0,attack_aware_cale
0.0,0.0,FEVER,primary_construction,general,1.0,internal_constructed_evaluation,1.0,0.447,1.0,neutral,1.0,fever_118874::boundary_hard,0.0,meta-llama/Llama-3.2-1B-Instruct,1.0,indeterminate_quality,True,False,False,NOT ENOUGH INFO,,low,full_attack_aware_cale,0.0,,0.0,0.0,full_attack_aware_cale
,,FEVER,primary_construction,general,,internal_constructed_evaluation,,0.608,,neutral,,fever_83529::boundary_hard,,Qwen/Qwen2.5-1.5B-Instruct,,partial_quality,True,False,False,NOT ENOUGH INFO,,low,direct_trustllm_heuristic,,,0.0,,direct_trustllm_heuristic
0.0,0.0,FEVER,primary_construction,general,1.0,internal_constructed_evaluation,1.0,0.538,1.0,neutral,1.0,fever_83529::boundary_hard,1.0,Qwen/Qwen2.5-1.5B-Instruct,1.0,partial_quality,True,False,False,NOT ENOUGH INFO,,low,generic_cale,0.0,,0.0,0.0,generic_cale
0.0,0.0,FEVER,primary_construction,general,1.0,internal_constructed_evaluation,1.0,0.538,1.0,neutral,1.0,fever_83529::boundary_hard,1.0,Qwen/Qwen2.5-1.5B-Instruct,1.0,partial_quality,True,False,False,NOT ENOUGH INFO,,low,attack_aware_cale,0.0,,0.0,0.0,attack_aware_cale
0.0,0.0,FEVER,primary_construction,general,1.0,internal_constructed_evaluation,1.0,0.538,1.0,neutral,1.0,fever_83529::boundary_hard,1.0,Qwen/Qwen2.5-1.5B-Instruct,1.0,partial_quality,True,False,False,NOT ENOUGH INFO,,low,full_attack_aware_cale,0.0,,0.0,0.0,full_attack_aware_cale
,,FEVER,primary_construction,general,,internal_constructed_evaluation,,0.608,,neutral,,fever_118874::boundary_hard,,Qwen/Qwen2.5-1.5B-Instruct,,partial_quality,True,False,False,NOT ENOUGH INFO,,low,direct_trustllm_heuristic,,,0.0,,direct_trustllm_heuristic
0.0,0.0,FEVER,primary_construction,general,1.0,internal_constructed_evaluation,1.0,0.538,1.0,neutral,1.0,fever_118874::boundary_hard,1.0,Qwen/Qwen2.5-1.5B-Instruct,1.0,partial_quality,True,False,False,NOT ENOUGH INFO,,low,generic_cale,0.0,,0.0,0.0,generic_cale
0.0,0.0,FEVER,primary_construction,general,1.0,internal_constructed_evaluation,1.0,0.538,1.0,neutral,1.0,fever_118874::boundary_hard,1.0,Qwen/Qwen2.5-1.5B-Instruct,1.0,partial_quality,True,False,False,NOT ENOUGH INFO,,low,attack_aware_cale,0.0,,0.0,0.0,attack_aware_cale
0.0,0.0,FEVER,primary_construction,general,1.0,internal_constructed_evaluation,1.0,0.538,1.0,neutral,1.0,fever_118874::boundary_hard,1.0,Qwen/Qwen2.5-1.5B-Instruct,1.0,partial_quality,True,False,False,NOT ENOUGH INFO,,low,full_attack_aware_cale,0.0,,0.0,0.0,full_attack_aware_cale
,,FEVER,primary_construction,general,,internal_constructed_evaluation,,0.608,,neutral,,fever_116064::boundary_hard,,Qwen/Qwen2.5-1.5B-Instruct,,partial_quality,True,False,False,NOT ENOUGH INFO,,low,direct_trustllm_heuristic,,,0.0,,direct_trustllm_heuristic
0.0,0.0,FEVER,primary_construction,general,1.0,internal_constructed_evaluation,1.0,0.538,1.0,neutral,1.0,fever_116064::boundary_hard,1.0,Qwen/Qwen2.5-1.5B-Instruct,1.0,partial_quality,True,False,False,NOT ENOUGH INFO,,low,generic_cale,0.0,,0.0,0.0,generic_cale
0.0,0.0,FEVER,primary_construction,general,1.0,internal_constructed_evaluation,1.0,0.538,1.0,neutral,1.0,fever_116064::boundary_hard,1.0,Qwen/Qwen2.5-1.5B-Instruct,1.0,partial_quality,True,False,False,NOT ENOUGH INFO,,low,attack_aware_cale,0.0,,0.0,0.0,attack_aware_cale
0.0,0.0,FEVER,primary_construction,general,1.0,internal_constructed_evaluation,1.0,0.538,1.0,neutral,1.0,fever_116064::boundary_hard,1.0,Qwen/Qwen2.5-1.5B-Instruct,1.0,partial_quality,True,False,False,NOT ENOUGH INFO,,low,full_attack_aware_cale,0.0,,0.0,0.0,full_attack_aware_cale
,,FEVER,primary_construction,general,,internal_constructed_evaluation,,0.432,,neutral,,fever_28370::boundary_hard,,Qwen/Qwen2.5-1.5B-Instruct,,indeterminate_quality,True,False,False,NOT ENOUGH INFO,,low,direct_trustllm_heuristic,,,0.0,,direct_trustllm_heuristic
0.0,0.0,FEVER,primary_construction,general,1.0,internal_constructed_evaluation,0.0,0.355,1.0,neutral,0.0,fever_28370::boundary_hard,0.0,Qwen/Qwen2.5-1.5B-Instruct,0.0,indeterminate_quality,True,False,False,NOT ENOUGH INFO,,low,generic_cale,0.0,,0.0,1.0,generic_cale
0.0,0.0,FEVER,primary_construction,general,1.0,internal_constructed_evaluation,0.0,0.355,1.0,neutral,0.0,fever_28370::boundary_hard,0.0,Qwen/Qwen2.5-1.5B-Instruct,0.0,indeterminate_quality,True,False,False,NOT ENOUGH INFO,,low,attack_aware_cale,0.0,,0.0,1.0,attack_aware_cale
0.0,0.0,FEVER,primary_construction,general,1.0,internal_constructed_evaluation,0.0,0.355,1.0,neutral,0.0,fever_28370::boundary_hard,0.0,Qwen/Qwen2.5-1.5B-Instruct,0.0,indeterminate_quality,True,False,False,NOT ENOUGH INFO,,low,full_attack_aware_cale,0.0,,0.0,1.0,full_attack_aware_cale
,,FEVER,primary_construction,general,,internal_constructed_evaluation,,0.432,,neutral,,fever_130368::boundary_hard,,meta-llama/Llama-3.2-1B-Instruct,,indeterminate_quality,True,False,False,NOT ENOUGH INFO,,low,direct_trustllm_heuristic,,,0.0,,direct_trustllm_heuristic
0.0,0.0,FEVER,primary_construction,general,1.0,internal_constructed_evaluation,0.0,0.355,1.0,neutral,0.0,fever_130368::boundary_hard,0.0,meta-llama/Llama-3.2-1B-Instruct,0.0,indeterminate_quality,True,False,False,NOT ENOUGH INFO,,low,generic_cale,0.0,,0.0,1.0,generic_cale
0.0,0.0,FEVER,primary_construction,general,1.0,internal_constructed_evaluation,0.0,0.355,1.0,neutral,0.0,fever_130368::boundary_hard,0.0,meta-llama/Llama-3.2-1B-Instruct,0.0,indeterminate_quality,True,False,False,NOT ENOUGH INFO,,low,attack_aware_cale,0.0,,0.0,1.0,attack_aware_cale
0.0,0.0,FEVER,primary_construction,general,1.0,internal_constructed_evaluation,0.0,0.355,1.0,neutral,0.0,fever_130368::boundary_hard,0.0,meta-llama/Llama-3.2-1B-Instruct,0.0,indeterminate_quality,True,False,False,NOT ENOUGH INFO,,low,full_attack_aware_cale,0.0,,0.0,1.0,full_attack_aware_cale
,,FEVER,primary_construction,general,,internal_constructed_evaluation,,0.432,,neutral,,fever_118114::boundary_hard,,meta-llama/Llama-3.2-1B-Instruct,,indeterminate_quality,True,False,False,NOT ENOUGH INFO,,low,direct_trustllm_heuristic,,,0.0,,direct_trustllm_heuristic
0.0,0.0,FEVER,primary_construction,general,1.0,internal_constructed_evaluation,0.0,0.447,1.0,neutral,0.0,fever_118114::boundary_hard,1.0,meta-llama/Llama-3.2-1B-Instruct,0.0,indeterminate_quality,True,False,False,NOT ENOUGH INFO,,low,generic_cale,0.0,,0.0,1.0,generic_cale
0.0,0.0,FEVER,primary_construction,general,1.0,internal_constructed_evaluation,0.0,0.447,1.0,neutral,0.0,fever_118114::boundary_hard,1.0,meta-llama/Llama-3.2-1B-Instruct,0.0,indeterminate_quality,True,False,False,NOT ENOUGH INFO,,low,attack_aware_cale,0.0,,0.0,1.0,attack_aware_cale
0.0,0.0,FEVER,primary_construction,general,1.0,internal_constructed_evaluation,0.0,0.447,1.0,neutral,0.0,fever_118114::boundary_hard,1.0,meta-llama/Llama-3.2-1B-Instruct,0.0,indeterminate_quality,True,False,False,NOT ENOUGH INFO,,low,full_attack_aware_cale,0.0,,0.0,1.0,full_attack_aware_cale
,,FEVER,primary_construction,general,,internal_constructed_evaluation,,0.608,,neutral,,fever_185397::boundary_hard,,meta-llama/Llama-3.2-1B-Instruct,,partial_quality,True,False,False,NOT ENOUGH INFO,,low,direct_trustllm_heuristic,,,0.0,,direct_trustllm_heuristic
0.0,0.0,FEVER,primary_construction,general,1.0,internal_constructed_evaluation,1.0,0.639,1.0,neutral,1.0,fever_185397::boundary_hard,0.0,meta-llama/Llama-3.2-1B-Instruct,0.0,partial_quality,True,False,False,NOT ENOUGH INFO,,low,generic_cale,1.0,,0.0,1.0,generic_cale
0.0,0.0,FEVER,primary_construction,general,1.0,internal_constructed_evaluation,1.0,0.639,1.0,neutral,1.0,fever_185397::boundary_hard,0.0,meta-llama/Llama-3.2-1B-Instruct,0.0,partial_quality,True,False,False,NOT ENOUGH INFO,,low,attack_aware_cale,1.0,,0.0,1.0,attack_aware_cale
0.0,0.0,FEVER,primary_construction,general,1.0,internal_constructed_evaluation,1.0,0.639,1.0,neutral,1.0,fever_185397::boundary_hard,0.0,meta-llama/Llama-3.2-1B-Instruct,0.0,partial_quality,True,False,False,NOT ENOUGH INFO,,low,full_attack_aware_cale,1.0,,0.0,1.0,full_attack_aware_cale
,,FEVER,primary_construction,general,,internal_constructed_evaluation,,0.608,,neutral,,fever_192980::boundary_hard,,meta-llama/Llama-3.2-1B-Instruct,,partial_quality,True,False,False,NOT ENOUGH INFO,,low,direct_trustllm_heuristic,,,0.0,,direct_trustllm_heuristic
0.0,0.0,FEVER,primary_construction,general,1.0,internal_constructed_evaluation,1.0,0.639,1.0,neutral,1.0,fever_192980::boundary_hard,0.0,meta-llama/Llama-3.2-1B-Instruct,0.0,partial_quality,True,False,False,NOT ENOUGH INFO,,low,generic_cale,1.0,,0.0,1.0,generic_cale
0.0,0.0,FEVER,primary_construction,general,1.0,internal_constructed_evaluation,1.0,0.639,1.0,neutral,1.0,fever_192980::boundary_hard,0.0,meta-llama/Llama-3.2-1B-Instruct,0.0,partial_quality,True,False,False,NOT ENOUGH INFO,,low,attack_aware_cale,1.0,,0.0,1.0,attack_aware_cale
0.0,0.0,FEVER,primary_construction,general,1.0,internal_constructed_evaluation,1.0,0.639,1.0,neutral,1.0,fever_192980::boundary_hard,0.0,meta-llama/Llama-3.2-1B-Instruct,0.0,partial_quality,True,False,False,NOT ENOUGH INFO,,low,full_attack_aware_cale,1.0,,0.0,1.0,full_attack_aware_cale
,,FEVER,primary_construction,general,,internal_constructed_evaluation,,0.608,,neutral,,fever_192976::boundary_hard,,meta-llama/Llama-3.2-1B-Instruct,,partial_quality,True,False,False,NOT ENOUGH INFO,,low,direct_trustllm_heuristic,,,0.0,,direct_trustllm_heuristic
0.0,0.0,FEVER,primary_construction,general,1.0,internal_constructed_evaluation,1.0,0.639,1.0,neutral,1.0,fever_192976::boundary_hard,0.0,meta-llama/Llama-3.2-1B-Instruct,0.0,partial_quality,True,False,False,NOT ENOUGH INFO,,low,generic_cale,1.0,,0.0,1.0,generic_cale
0.0,0.0,FEVER,primary_construction,general,1.0,internal_constructed_evaluation,1.0,0.639,1.0,neutral,1.0,fever_192976::boundary_hard,0.0,meta-llama/Llama-3.2-1B-Instruct,0.0,partial_quality,True,False,False,NOT ENOUGH INFO,,low,attack_aware_cale,1.0,,0.0,1.0,attack_aware_cale
0.0,0.0,FEVER,primary_construction,general,1.0,internal_constructed_evaluation,1.0,0.639,1.0,neutral,1.0,fever_192976::boundary_hard,0.0,meta-llama/Llama-3.2-1B-Instruct,0.0,partial_quality,True,False,False,NOT ENOUGH INFO,,low,full_attack_aware_cale,1.0,,0.0,1.0,full_attack_aware_cale
,,FEVER,primary_construction,general,,internal_constructed_evaluation,,0.608,,neutral,,fever_14762::boundary_hard,,meta-llama/Llama-3.2-1B-Instruct,,partial_quality,True,False,False,NOT ENOUGH INFO,,low,direct_trustllm_heuristic,,,0.0,,direct_trustllm_heuristic
0.0,0.0,FEVER,primary_construction,general,1.0,internal_constructed_evaluation,1.0,0.639,1.0,neutral,1.0,fever_14762::boundary_hard,0.0,meta-llama/Llama-3.2-1B-Instruct,0.0,partial_quality,True,False,False,NOT ENOUGH INFO,,low,generic_cale,1.0,,0.0,1.0,generic_cale
0.0,0.0,FEVER,primary_construction,general,1.0,internal_constructed_evaluation,1.0,0.639,1.0,neutral,1.0,fever_14762::boundary_hard,0.0,meta-llama/Llama-3.2-1B-Instruct,0.0,partial_quality,True,False,False,NOT ENOUGH INFO,,low,attack_aware_cale,1.0,,0.0,1.0,attack_aware_cale
0.0,0.0,FEVER,primary_construction,general,1.0,internal_constructed_evaluation,1.0,0.639,1.0,neutral,1.0,fever_14762::boundary_hard,0.0,meta-llama/Llama-3.2-1B-Instruct,0.0,partial_quality,True,False,False,NOT ENOUGH INFO,,low,full_attack_aware_cale,1.0,,0.0,1.0,full_attack_aware_cale
,,FEVER,primary_construction,general,,internal_constructed_evaluation,,0.608,,neutral,,fever_121113::boundary_hard,,Qwen/Qwen2.5-1.5B-Instruct,,partial_quality,True,False,False,NOT ENOUGH INFO,,low,direct_trustllm_heuristic,,,0.0,,direct_trustllm_heuristic
0.0,0.0,FEVER,primary_construction,general,1.0,internal_constructed_evaluation,1.0,0.731,1.0,neutral,1.0,fever_121113::boundary_hard,1.0,Qwen/Qwen2.5-1.5B-Instruct,0.0,partial_quality,True,False,False,NOT ENOUGH INFO,,low,generic_cale,1.0,,0.0,1.0,generic_cale
0.0,0.0,FEVER,primary_construction,general,1.0,internal_constructed_evaluation,1.0,0.731,1.0,neutral,1.0,fever_121113::boundary_hard,1.0,Qwen/Qwen2.5-1.5B-Instruct,0.0,partial_quality,True,False,False,NOT ENOUGH INFO,,low,attack_aware_cale,1.0,,0.0,1.0,attack_aware_cale
0.0,0.0,FEVER,primary_construction,general,1.0,internal_constructed_evaluation,1.0,0.731,1.0,neutral,1.0,fever_121113::boundary_hard,1.0,Qwen/Qwen2.5-1.5B-Instruct,0.0,partial_quality,True,False,False,NOT ENOUGH INFO,,low,full_attack_aware_cale,1.0,,0.0,1.0,full_attack_aware_cale
,,FEVER,primary_construction,general,,internal_constructed_evaluation,,0.608,,neutral,,fever_30186::boundary_hard,,Qwen/Qwen2.5-1.5B-Instruct,,partial_quality,True,False,False,NOT ENOUGH INFO,,low,direct_trustllm_heuristic,,,0.0,,direct_trustllm_heuristic
0.0,0.0,FEVER,primary_construction,general,1.0,internal_constructed_evaluation,1.0,0.639,1.0,neutral,1.0,fever_30186::boundary_hard,0.0,Qwen/Qwen2.5-1.5B-Instruct,0.0,partial_quality,True,False,False,NOT ENOUGH INFO,,low,generic_cale,1.0,,0.0,1.0,generic_cale
0.0,0.0,FEVER,primary_construction,general,1.0,internal_constructed_evaluation,1.0,0.639,1.0,neutral,1.0,fever_30186::boundary_hard,0.0,Qwen/Qwen2.5-1.5B-Instruct,0.0,partial_quality,True,False,False,NOT ENOUGH INFO,,low,attack_aware_cale,1.0,,0.0,1.0,attack_aware_cale
0.0,0.0,FEVER,primary_construction,general,1.0,internal_constructed_evaluation,1.0,0.639,1.0,neutral,1.0,fever_30186::boundary_hard,0.0,Qwen/Qwen2.5-1.5B-Instruct,0.0,partial_quality,True,False,False,NOT ENOUGH INFO,,low,full_attack_aware_cale,1.0,,0.0,1.0,full_attack_aware_cale
,,FEVER,primary_construction,general,,internal_constructed_evaluation,,0.608,,neutral,,fever_106417::boundary_hard,,Qwen/Qwen2.5-1.5B-Instruct,,partial_quality,True,False,False,NOT ENOUGH INFO,,low,direct_trustllm_heuristic,,,0.0,,direct_trustllm_heuristic
0.0,0.0,FEVER,primary_construction,general,1.0,internal_constructed_evaluation,1.0,0.639,1.0,neutral,1.0,fever_106417::boundary_hard,0.0,Qwen/Qwen2.5-1.5B-Instruct,0.0,partial_quality,True,False,False,NOT ENOUGH INFO,,low,generic_cale,1.0,,0.0,1.0,generic_cale
0.0,0.0,FEVER,primary_construction,general,1.0,internal_constructed_evaluation,1.0,0.639,1.0,neutral,1.0,fever_106417::boundary_hard,0.0,Qwen/Qwen2.5-1.5B-Instruct,0.0,partial_quality,True,False,False,NOT ENOUGH INFO,,low,attack_aware_cale,1.0,,0.0,1.0,attack_aware_cale
0.0,0.0,FEVER,primary_construction,general,1.0,internal_constructed_evaluation,1.0,0.639,1.0,neutral,1.0,fever_106417::boundary_hard,0.0,Qwen/Qwen2.5-1.5B-Instruct,0.0,partial_quality,True,False,False,NOT ENOUGH INFO,,low,full_attack_aware_cale,1.0,,0.0,1.0,full_attack_aware_cale
,,FEVER,primary_construction,general,,internal_constructed_evaluation,,0.608,,neutral,,fever_198011::boundary_hard,,Qwen/Qwen2.5-1.5B-Instruct,,partial_quality,True,False,False,NOT ENOUGH INFO,,low,direct_trustllm_heuristic,,,0.0,,direct_trustllm_heuristic
0.0,0.0,FEVER,primary_construction,general,1.0,internal_constructed_evaluation,1.0,0.639,1.0,neutral,1.0,fever_198011::boundary_hard,0.0,Qwen/Qwen2.5-1.5B-Instruct,0.0,partial_quality,True,False,False,NOT ENOUGH INFO,,low,generic_cale,1.0,,0.0,1.0,generic_cale
0.0,0.0,FEVER,primary_construction,general,1.0,internal_constructed_evaluation,1.0,0.639,1.0,neutral,1.0,fever_198011::boundary_hard,0.0,Qwen/Qwen2.5-1.5B-Instruct,0.0,partial_quality,True,False,False,NOT ENOUGH INFO,,low,attack_aware_cale,1.0,,0.0,1.0,attack_aware_cale
0.0,0.0,FEVER,primary_construction,general,1.0,internal_constructed_evaluation,1.0,0.639,1.0,neutral,1.0,fever_198011::boundary_hard,0.0,Qwen/Qwen2.5-1.5B-Instruct,0.0,partial_quality,True,False,False,NOT ENOUGH INFO,,low,full_attack_aware_cale,1.0,,0.0,1.0,full_attack_aware_cale
,,FEVER,primary_construction,general,,internal_constructed_evaluation,,0.608,,neutral,,fever_163989::boundary_hard,,Qwen/Qwen2.5-1.5B-Instruct,,partial_quality,True,False,False,NOT ENOUGH INFO,,low,direct_trustllm_heuristic,,,0.0,,direct_trustllm_heuristic
0.0,0.0,FEVER,primary_construction,general,1.0,internal_constructed_evaluation,0.0,0.447,1.0,neutral,1.0,fever_163989::boundary_hard,0.0,Qwen/Qwen2.5-1.5B-Instruct,0.0,indeterminate_quality,True,False,False,NOT ENOUGH INFO,,low,generic_cale,0.0,,0.0,1.0,generic_cale
0.0,0.0,FEVER,primary_construction,general,1.0,internal_constructed_evaluation,0.0,0.447,1.0,neutral,1.0,fever_163989::boundary_hard,0.0,Qwen/Qwen2.5-1.5B-Instruct,0.0,indeterminate_quality,True,False,False,NOT ENOUGH INFO,,low,attack_aware_cale,0.0,,0.0,1.0,attack_aware_cale
0.0,0.0,FEVER,primary_construction,general,1.0,internal_constructed_evaluation,0.0,0.447,1.0,neutral,1.0,fever_163989::boundary_hard,0.0,Qwen/Qwen2.5-1.5B-Instruct,0.0,indeterminate_quality,True,False,False,NOT ENOUGH INFO,,low,full_attack_aware_cale,0.0,,0.0,1.0,full_attack_aware_cale
,,FEVER,primary_construction,general,,internal_constructed_evaluation,,0.608,,neutral,,fever_100973::boundary_hard,,meta-llama/Llama-3.2-1B-Instruct,,partial_quality,True,False,False,NOT ENOUGH INFO,,low,direct_trustllm_heuristic,,,0.0,,direct_trustllm_heuristic
0.0,0.0,FEVER,primary_construction,general,1.0,internal_constructed_evaluation,1.0,0.639,1.0,neutral,1.0,fever_100973::boundary_hard,0.0,meta-llama/Llama-3.2-1B-Instruct,0.0,partial_quality,True,False,False,NOT ENOUGH INFO,,low,generic_cale,1.0,,0.0,1.0,generic_cale
0.0,0.0,FEVER,primary_construction,general,1.0,internal_constructed_evaluation,1.0,0.639,1.0,neutral,1.0,fever_100973::boundary_hard,0.0,meta-llama/Llama-3.2-1B-Instruct,0.0,partial_quality,True,False,False,NOT ENOUGH INFO,,low,attack_aware_cale,1.0,,0.0,1.0,attack_aware_cale
0.0,0.0,FEVER,primary_construction,general,1.0,internal_constructed_evaluation,1.0,0.639,1.0,neutral,1.0,fever_100973::boundary_hard,0.0,meta-llama/Llama-3.2-1B-Instruct,0.0,partial_quality,True,False,False,NOT ENOUGH INFO,,low,full_attack_aware_cale,1.0,,0.0,1.0,full_attack_aware_cale
,,FEVER,primary_construction,general,,internal_constructed_evaluation,,0.432,,neutral,,fever_82608::boundary_hard,,Qwen/Qwen2.5-1.5B-Instruct,,indeterminate_quality,True,False,False,NOT ENOUGH INFO,,low,direct_trustllm_heuristic,,,0.0,,direct_trustllm_heuristic
0.0,0.0,FEVER,primary_construction,general,1.0,internal_constructed_evaluation,0.0,0.447,1.0,neutral,0.0,fever_82608::boundary_hard,1.0,Qwen/Qwen2.5-1.5B-Instruct,0.0,indeterminate_quality,True,False,False,NOT ENOUGH INFO,,low,generic_cale,0.0,,0.0,1.0,generic_cale
0.0,0.0,FEVER,primary_construction,general,1.0,internal_constructed_evaluation,0.0,0.447,1.0,neutral,0.0,fever_82608::boundary_hard,1.0,Qwen/Qwen2.5-1.5B-Instruct,0.0,indeterminate_quality,True,False,False,NOT ENOUGH INFO,,low,attack_aware_cale,0.0,,0.0,1.0,attack_aware_cale
0.0,0.0,FEVER,primary_construction,general,1.0,internal_constructed_evaluation,0.0,0.447,1.0,neutral,0.0,fever_82608::boundary_hard,1.0,Qwen/Qwen2.5-1.5B-Instruct,0.0,indeterminate_quality,True,False,False,NOT ENOUGH INFO,,low,full_attack_aware_cale,0.0,,0.0,1.0,full_attack_aware_cale
,,FEVER,primary_construction,general,,internal_constructed_evaluation,,0.608,,neutral,,fever_212320::boundary_hard,,meta-llama/Llama-3.2-1B-Instruct,,partial_quality,True,False,False,NOT ENOUGH INFO,,low,direct_trustllm_heuristic,,,0.0,,direct_trustllm_heuristic
0.0,0.0,FEVER,primary_construction,general,1.0,internal_constructed_evaluation,1.0,0.639,1.0,neutral,1.0,fever_212320::boundary_hard,0.0,meta-llama/Llama-3.2-1B-Instruct,0.0,partial_quality,True,False,False,NOT ENOUGH INFO,,low,generic_cale,1.0,,0.0,1.0,generic_cale
0.0,0.0,FEVER,primary_construction,general,1.0,internal_constructed_evaluation,1.0,0.639,1.0,neutral,1.0,fever_212320::boundary_hard,0.0,meta-llama/Llama-3.2-1B-Instruct,0.0,partial_quality,True,False,False,NOT ENOUGH INFO,,low,attack_aware_cale,1.0,,0.0,1.0,attack_aware_cale
0.0,0.0,FEVER,primary_construction,general,1.0,internal_constructed_evaluation,1.0,0.639,1.0,neutral,1.0,fever_212320::boundary_hard,0.0,meta-llama/Llama-3.2-1B-Instruct,0.0,partial_quality,True,False,False,NOT ENOUGH INFO,,low,full_attack_aware_cale,1.0,,0.0,1.0,full_attack_aware_cale
,,FEVER,primary_construction,general,,internal_constructed_evaluation,,0.608,,neutral,,fever_154348::boundary_hard,,meta-llama/Llama-3.2-1B-Instruct,,partial_quality,True,False,False,NOT ENOUGH INFO,,low,direct_trustllm_heuristic,,,0.0,,direct_trustllm_heuristic
0.0,0.0,FEVER,primary_construction,general,1.0,internal_constructed_evaluation,1.0,0.639,1.0,neutral,1.0,fever_154348::boundary_hard,0.0,meta-llama/Llama-3.2-1B-Instruct,0.0,partial_quality,True,False,False,NOT ENOUGH INFO,,low,generic_cale,1.0,,0.0,1.0,generic_cale
0.0,0.0,FEVER,primary_construction,general,1.0,internal_constructed_evaluation,1.0,0.639,1.0,neutral,1.0,fever_154348::boundary_hard,0.0,meta-llama/Llama-3.2-1B-Instruct,0.0,partial_quality,True,False,False,NOT ENOUGH INFO,,low,attack_aware_cale,1.0,,0.0,1.0,attack_aware_cale
0.0,0.0,FEVER,primary_construction,general,1.0,internal_constructed_evaluation,1.0,0.639,1.0,neutral,1.0,fever_154348::boundary_hard,0.0,meta-llama/Llama-3.2-1B-Instruct,0.0,partial_quality,True,False,False,NOT ENOUGH INFO,,low,full_attack_aware_cale,1.0,,0.0,1.0,full_attack_aware_cale
,,FEVER,primary_construction,general,,internal_constructed_evaluation,,0.608,,neutral,,fever_27399::boundary_hard,,meta-llama/Llama-3.2-1B-Instruct,,partial_quality,True,False,False,NOT ENOUGH INFO,,low,direct_trustllm_heuristic,,,0.0,,direct_trustllm_heuristic
0.0,0.0,FEVER,primary_construction,general,1.0,internal_constructed_evaluation,1.0,0.639,1.0,neutral,1.0,fever_27399::boundary_hard,0.0,meta-llama/Llama-3.2-1B-Instruct,0.0,partial_quality,True,False,False,NOT ENOUGH INFO,,low,generic_cale,1.0,,0.0,1.0,generic_cale
0.0,0.0,FEVER,primary_construction,general,1.0,internal_constructed_evaluation,1.0,0.639,1.0,neutral,1.0,fever_27399::boundary_hard,0.0,meta-llama/Llama-3.2-1B-Instruct,0.0,partial_quality,True,False,False,NOT ENOUGH INFO,,low,attack_aware_cale,1.0,,0.0,1.0,attack_aware_cale
0.0,0.0,FEVER,primary_construction,general,1.0,internal_constructed_evaluation,1.0,0.639,1.0,neutral,1.0,fever_27399::boundary_hard,0.0,meta-llama/Llama-3.2-1B-Instruct,0.0,partial_quality,True,False,False,NOT ENOUGH INFO,,low,full_attack_aware_cale,1.0,,0.0,1.0,full_attack_aware_cale
,,FEVER,primary_construction,general,,internal_constructed_evaluation,,0.608,,neutral,,fever_181845::boundary_hard,,Qwen/Qwen2.5-1.5B-Instruct,,partial_quality,True,False,False,NOT ENOUGH INFO,,low,direct_trustllm_heuristic,,,0.0,,direct_trustllm_heuristic
0.0,0.0,FEVER,primary_construction,general,1.0,internal_constructed_evaluation,1.0,0.639,1.0,neutral,1.0,fever_181845::boundary_hard,0.0,Qwen/Qwen2.5-1.5B-Instruct,0.0,partial_quality,True,False,False,NOT ENOUGH INFO,,low,generic_cale,1.0,,0.0,1.0,generic_cale
0.0,0.0,FEVER,primary_construction,general,1.0,internal_constructed_evaluation,1.0,0.639,1.0,neutral,1.0,fever_181845::boundary_hard,0.0,Qwen/Qwen2.5-1.5B-Instruct,0.0,partial_quality,True,False,False,NOT ENOUGH INFO,,low,attack_aware_cale,1.0,,0.0,1.0,attack_aware_cale
0.0,0.0,FEVER,primary_construction,general,1.0,internal_constructed_evaluation,1.0,0.639,1.0,neutral,1.0,fever_181845::boundary_hard,0.0,Qwen/Qwen2.5-1.5B-Instruct,0.0,partial_quality,True,False,False,NOT ENOUGH INFO,,low,full_attack_aware_cale,1.0,,0.0,1.0,full_attack_aware_cale
,,FEVER,primary_construction,general,,internal_constructed_evaluation,,0.608,,neutral,,fever_185425::boundary_hard,,meta-llama/Llama-3.2-1B-Instruct,,partial_quality,True,False,False,NOT ENOUGH INFO,,low,direct_trustllm_heuristic,,,0.0,,direct_trustllm_heuristic
0.0,0.0,FEVER,primary_construction,general,1.0,internal_constructed_evaluation,1.0,0.639,1.0,neutral,1.0,fever_185425::boundary_hard,0.0,meta-llama/Llama-3.2-1B-Instruct,0.0,partial_quality,True,False,False,NOT ENOUGH INFO,,low,generic_cale,1.0,,0.0,1.0,generic_cale
0.0,0.0,FEVER,primary_construction,general,1.0,internal_constructed_evaluation,1.0,0.639,1.0,neutral,1.0,fever_185425::boundary_hard,0.0,meta-llama/Llama-3.2-1B-Instruct,0.0,partial_quality,True,False,False,NOT ENOUGH INFO,,low,attack_aware_cale,1.0,,0.0,1.0,attack_aware_cale
0.0,0.0,FEVER,primary_construction,general,1.0,internal_constructed_evaluation,1.0,0.639,1.0,neutral,1.0,fever_185425::boundary_hard,0.0,meta-llama/Llama-3.2-1B-Instruct,0.0,partial_quality,True,False,False,NOT ENOUGH INFO,,low,full_attack_aware_cale,1.0,,0.0,1.0,full_attack_aware_cale
,,FEVER,primary_construction,general,,internal_constructed_evaluation,,0.608,,neutral,,fever_186983::boundary_hard,,meta-llama/Llama-3.2-1B-Instruct,,partial_quality,True,False,False,NOT ENOUGH INFO,,low,direct_trustllm_heuristic,,,0.0,,direct_trustllm_heuristic
0.0,0.0,FEVER,primary_construction,general,1.0,internal_constructed_evaluation,1.0,0.639,1.0,neutral,1.0,fever_186983::boundary_hard,0.0,meta-llama/Llama-3.2-1B-Instruct,0.0,partial_quality,True,False,False,NOT ENOUGH INFO,,low,generic_cale,1.0,,0.0,1.0,generic_cale
0.0,0.0,FEVER,primary_construction,general,1.0,internal_constructed_evaluation,1.0,0.639,1.0,neutral,1.0,fever_186983::boundary_hard,0.0,meta-llama/Llama-3.2-1B-Instruct,0.0,partial_quality,True,False,False,NOT ENOUGH INFO,,low,attack_aware_cale,1.0,,0.0,1.0,attack_aware_cale
0.0,0.0,FEVER,primary_construction,general,1.0,internal_constructed_evaluation,1.0,0.639,1.0,neutral,1.0,fever_186983::boundary_hard,0.0,meta-llama/Llama-3.2-1B-Instruct,0.0,partial_quality,True,False,False,NOT ENOUGH INFO,,low,full_attack_aware_cale,1.0,,0.0,1.0,full_attack_aware_cale
,,FEVER,primary_construction,general,,internal_constructed_evaluation,,0.608,,neutral,,fever_13218::boundary_hard,,meta-llama/Llama-3.2-1B-Instruct,,partial_quality,True,False,False,NOT ENOUGH INFO,,low,direct_trustllm_heuristic,,,0.0,,direct_trustllm_heuristic
0.0,0.0,FEVER,primary_construction,general,1.0,internal_constructed_evaluation,1.0,0.639,1.0,neutral,1.0,fever_13218::boundary_hard,0.0,meta-llama/Llama-3.2-1B-Instruct,0.0,partial_quality,True,False,False,NOT ENOUGH INFO,,low,generic_cale,1.0,,0.0,1.0,generic_cale
0.0,0.0,FEVER,primary_construction,general,1.0,internal_constructed_evaluation,1.0,0.639,1.0,neutral,1.0,fever_13218::boundary_hard,0.0,meta-llama/Llama-3.2-1B-Instruct,0.0,partial_quality,True,False,False,NOT ENOUGH INFO,,low,attack_aware_cale,1.0,,0.0,1.0,attack_aware_cale
0.0,0.0,FEVER,primary_construction,general,1.0,internal_constructed_evaluation,1.0,0.639,1.0,neutral,1.0,fever_13218::boundary_hard,0.0,meta-llama/Llama-3.2-1B-Instruct,0.0,partial_quality,True,False,False,NOT ENOUGH INFO,,low,full_attack_aware_cale,1.0,,0.0,1.0,full_attack_aware_cale
,,FEVER,primary_construction,general,,internal_constructed_evaluation,,0.608,,neutral,,fever_223766::boundary_hard,,meta-llama/Llama-3.2-1B-Instruct,,partial_quality,True,False,False,NOT ENOUGH INFO,,low,direct_trustllm_heuristic,,,0.0,,direct_trustllm_heuristic
0.0,0.0,FEVER,primary_construction,general,1.0,internal_constructed_evaluation,1.0,0.639,1.0,neutral,1.0,fever_223766::boundary_hard,0.0,meta-llama/Llama-3.2-1B-Instruct,0.0,partial_quality,True,False,False,NOT ENOUGH INFO,,low,generic_cale,1.0,,0.0,1.0,generic_cale
0.0,0.0,FEVER,primary_construction,general,1.0,internal_constructed_evaluation,1.0,0.639,1.0,neutral,1.0,fever_223766::boundary_hard,0.0,meta-llama/Llama-3.2-1B-Instruct,0.0,partial_quality,True,False,False,NOT ENOUGH INFO,,low,attack_aware_cale,1.0,,0.0,1.0,attack_aware_cale
0.0,0.0,FEVER,primary_construction,general,1.0,internal_constructed_evaluation,1.0,0.639,1.0,neutral,1.0,fever_223766::boundary_hard,0.0,meta-llama/Llama-3.2-1B-Instruct,0.0,partial_quality,True,False,False,NOT ENOUGH INFO,,low,full_attack_aware_cale,1.0,,0.0,1.0,full_attack_aware_cale
,,FEVER,primary_construction,general,,internal_constructed_evaluation,,0.608,,neutral,,fever_148988::boundary_hard,,meta-llama/Llama-3.2-1B-Instruct,,partial_quality,True,False,False,NOT ENOUGH INFO,,low,direct_trustllm_heuristic,,,0.0,,direct_trustllm_heuristic
0.0,0.0,FEVER,primary_construction,general,1.0,internal_constructed_evaluation,1.0,0.639,1.0,neutral,1.0,fever_148988::boundary_hard,0.0,meta-llama/Llama-3.2-1B-Instruct,0.0,partial_quality,True,False,False,NOT ENOUGH INFO,,low,generic_cale,1.0,,0.0,1.0,generic_cale
0.0,0.0,FEVER,primary_construction,general,1.0,internal_constructed_evaluation,1.0,0.639,1.0,neutral,1.0,fever_148988::boundary_hard,0.0,meta-llama/Llama-3.2-1B-Instruct,0.0,partial_quality,True,False,False,NOT ENOUGH INFO,,low,attack_aware_cale,1.0,,0.0,1.0,attack_aware_cale
0.0,0.0,FEVER,primary_construction,general,1.0,internal_constructed_evaluation,1.0,0.639,1.0,neutral,1.0,fever_148988::boundary_hard,0.0,meta-llama/Llama-3.2-1B-Instruct,0.0,partial_quality,True,False,False,NOT ENOUGH INFO,,low,full_attack_aware_cale,1.0,,0.0,1.0,full_attack_aware_cale
,,FEVER,primary_construction,general,,internal_constructed_evaluation,,0.608,,neutral,,fever_128176::boundary_hard,,Qwen/Qwen2.5-1.5B-Instruct,,partial_quality,True,False,False,NOT ENOUGH INFO,,low,direct_trustllm_heuristic,,,0.0,,direct_trustllm_heuristic
0.0,0.0,FEVER,primary_construction,general,1.0,internal_constructed_evaluation,1.0,0.639,1.0,neutral,1.0,fever_128176::boundary_hard,0.0,Qwen/Qwen2.5-1.5B-Instruct,0.0,partial_quality,True,False,False,NOT ENOUGH INFO,,low,generic_cale,1.0,,0.0,1.0,generic_cale
0.0,0.0,FEVER,primary_construction,general,1.0,internal_constructed_evaluation,1.0,0.639,1.0,neutral,1.0,fever_128176::boundary_hard,0.0,Qwen/Qwen2.5-1.5B-Instruct,0.0,partial_quality,True,False,False,NOT ENOUGH INFO,,low,attack_aware_cale,1.0,,0.0,1.0,attack_aware_cale
0.0,0.0,FEVER,primary_construction,general,1.0,internal_constructed_evaluation,1.0,0.639,1.0,neutral,1.0,fever_128176::boundary_hard,0.0,Qwen/Qwen2.5-1.5B-Instruct,0.0,partial_quality,True,False,False,NOT ENOUGH INFO,,low,full_attack_aware_cale,1.0,,0.0,1.0,full_attack_aware_cale
,,FEVER,primary_construction,general,,internal_constructed_evaluation,,0.608,,neutral,,fever_191252::boundary_hard,,meta-llama/Llama-3.2-1B-Instruct,,partial_quality,True,False,False,NOT ENOUGH INFO,,low,direct_trustllm_heuristic,,,0.0,,direct_trustllm_heuristic
0.0,0.0,FEVER,primary_construction,general,1.0,internal_constructed_evaluation,1.0,0.639,1.0,neutral,1.0,fever_191252::boundary_hard,0.0,meta-llama/Llama-3.2-1B-Instruct,0.0,partial_quality,True,False,False,NOT ENOUGH INFO,,low,generic_cale,1.0,,0.0,1.0,generic_cale
0.0,0.0,FEVER,primary_construction,general,1.0,internal_constructed_evaluation,1.0,0.639,1.0,neutral,1.0,fever_191252::boundary_hard,0.0,meta-llama/Llama-3.2-1B-Instruct,0.0,partial_quality,True,False,False,NOT ENOUGH INFO,,low,attack_aware_cale,1.0,,0.0,1.0,attack_aware_cale
0.0,0.0,FEVER,primary_construction,general,1.0,internal_constructed_evaluation,1.0,0.639,1.0,neutral,1.0,fever_191252::boundary_hard,0.0,meta-llama/Llama-3.2-1B-Instruct,0.0,partial_quality,True,False,False,NOT ENOUGH INFO,,low,full_attack_aware_cale,1.0,,0.0,1.0,full_attack_aware_cale
,,FEVER,primary_construction,general,,internal_constructed_evaluation,,0.608,,neutral,,fever_148988::boundary_hard,,Qwen/Qwen2.5-1.5B-Instruct,,partial_quality,True,False,False,NOT ENOUGH INFO,,low,direct_trustllm_heuristic,,,0.0,,direct_trustllm_heuristic
0.0,0.0,FEVER,primary_construction,general,1.0,internal_constructed_evaluation,1.0,0.639,1.0,neutral,1.0,fever_148988::boundary_hard,0.0,Qwen/Qwen2.5-1.5B-Instruct,0.0,partial_quality,True,False,False,NOT ENOUGH INFO,,low,generic_cale,1.0,,0.0,1.0,generic_cale
0.0,0.0,FEVER,primary_construction,general,1.0,internal_constructed_evaluation,1.0,0.639,1.0,neutral,1.0,fever_148988::boundary_hard,0.0,Qwen/Qwen2.5-1.5B-Instruct,0.0,partial_quality,True,False,False,NOT ENOUGH INFO,,low,attack_aware_cale,1.0,,0.0,1.0,attack_aware_cale
0.0,0.0,FEVER,primary_construction,general,1.0,internal_constructed_evaluation,1.0,0.639,1.0,neutral,1.0,fever_148988::boundary_hard,0.0,Qwen/Qwen2.5-1.5B-Instruct,0.0,partial_quality,True,False,False,NOT ENOUGH INFO,,low,full_attack_aware_cale,1.0,,0.0,1.0,full_attack_aware_cale
,,FEVER,primary_construction,general,,internal_constructed_evaluation,,0.608,,neutral,,fever_216371::boundary_hard,,meta-llama/Llama-3.2-1B-Instruct,,partial_quality,True,False,False,NOT ENOUGH INFO,,low,direct_trustllm_heuristic,,,0.0,,direct_trustllm_heuristic
0.0,0.0,FEVER,primary_construction,general,1.0,internal_constructed_evaluation,1.0,0.639,1.0,neutral,1.0,fever_216371::boundary_hard,0.0,meta-llama/Llama-3.2-1B-Instruct,0.0,partial_quality,True,False,False,NOT ENOUGH INFO,,low,generic_cale,1.0,,0.0,1.0,generic_cale
0.0,0.0,FEVER,primary_construction,general,1.0,internal_constructed_evaluation,1.0,0.639,1.0,neutral,1.0,fever_216371::boundary_hard,0.0,meta-llama/Llama-3.2-1B-Instruct,0.0,partial_quality,True,False,False,NOT ENOUGH INFO,,low,attack_aware_cale,1.0,,0.0,1.0,attack_aware_cale
0.0,0.0,FEVER,primary_construction,general,1.0,internal_constructed_evaluation,1.0,0.639,1.0,neutral,1.0,fever_216371::boundary_hard,0.0,meta-llama/Llama-3.2-1B-Instruct,0.0,partial_quality,True,False,False,NOT ENOUGH INFO,,low,full_attack_aware_cale,1.0,,0.0,1.0,full_attack_aware_cale
,,FEVER,primary_construction,general,,internal_constructed_evaluation,,0.608,,neutral,,fever_72080::boundary_hard,,Qwen/Qwen2.5-1.5B-Instruct,,partial_quality,True,False,False,NOT ENOUGH INFO,,low,direct_trustllm_heuristic,,,0.0,,direct_trustllm_heuristic
0.0,0.0,FEVER,primary_construction,general,1.0,internal_constructed_evaluation,1.0,0.639,1.0,neutral,1.0,fever_72080::boundary_hard,0.0,Qwen/Qwen2.5-1.5B-Instruct,0.0,partial_quality,True,False,False,NOT ENOUGH INFO,,low,generic_cale,1.0,,0.0,1.0,generic_cale
0.0,0.0,FEVER,primary_construction,general,1.0,internal_constructed_evaluation,1.0,0.639,1.0,neutral,1.0,fever_72080::boundary_hard,0.0,Qwen/Qwen2.5-1.5B-Instruct,0.0,partial_quality,True,False,False,NOT ENOUGH INFO,,low,attack_aware_cale,1.0,,0.0,1.0,attack_aware_cale
0.0,0.0,FEVER,primary_construction,general,1.0,internal_constructed_evaluation,1.0,0.639,1.0,neutral,1.0,fever_72080::boundary_hard,0.0,Qwen/Qwen2.5-1.5B-Instruct,0.0,partial_quality,True,False,False,NOT ENOUGH INFO,,low,full_attack_aware_cale,1.0,,0.0,1.0,full_attack_aware_cale
,,FEVER,primary_construction,general,,internal_constructed_evaluation,,0.608,,neutral,,fever_189468::boundary_hard,,meta-llama/Llama-3.2-1B-Instruct,,partial_quality,True,False,False,NOT ENOUGH INFO,,low,direct_trustllm_heuristic,,,0.0,,direct_trustllm_heuristic
0.0,0.0,FEVER,primary_construction,general,1.0,internal_constructed_evaluation,1.0,0.639,1.0,neutral,1.0,fever_189468::boundary_hard,0.0,meta-llama/Llama-3.2-1B-Instruct,0.0,partial_quality,True,False,False,NOT ENOUGH INFO,,low,generic_cale,1.0,,0.0,1.0,generic_cale
0.0,0.0,FEVER,primary_construction,general,1.0,internal_constructed_evaluation,1.0,0.639,1.0,neutral,1.0,fever_189468::boundary_hard,0.0,meta-llama/Llama-3.2-1B-Instruct,0.0,partial_quality,True,False,False,NOT ENOUGH INFO,,low,attack_aware_cale,1.0,,0.0,1.0,attack_aware_cale
0.0,0.0,FEVER,primary_construction,general,1.0,internal_constructed_evaluation,1.0,0.639,1.0,neutral,1.0,fever_189468::boundary_hard,0.0,meta-llama/Llama-3.2-1B-Instruct,0.0,partial_quality,True,False,False,NOT ENOUGH INFO,,low,full_attack_aware_cale,1.0,,0.0,1.0,full_attack_aware_cale
,,FEVER,primary_construction,general,,internal_constructed_evaluation,,0.608,,neutral,,fever_51233::boundary_hard,,meta-llama/Llama-3.2-1B-Instruct,,partial_quality,True,False,False,NOT ENOUGH INFO,,low,direct_trustllm_heuristic,,,0.0,,direct_trustllm_heuristic
0.0,0.0,FEVER,primary_construction,general,1.0,internal_constructed_evaluation,1.0,0.639,1.0,neutral,1.0,fever_51233::boundary_hard,0.0,meta-llama/Llama-3.2-1B-Instruct,0.0,partial_quality,True,False,False,NOT ENOUGH INFO,,low,generic_cale,1.0,,0.0,1.0,generic_cale
0.0,0.0,FEVER,primary_construction,general,1.0,internal_constructed_evaluation,1.0,0.639,1.0,neutral,1.0,fever_51233::boundary_hard,0.0,meta-llama/Llama-3.2-1B-Instruct,0.0,partial_quality,True,False,False,NOT ENOUGH INFO,,low,attack_aware_cale,1.0,,0.0,1.0,attack_aware_cale
0.0,0.0,FEVER,primary_construction,general,1.0,internal_constructed_evaluation,1.0,0.639,1.0,neutral,1.0,fever_51233::boundary_hard,0.0,meta-llama/Llama-3.2-1B-Instruct,0.0,partial_quality,True,False,False,NOT ENOUGH INFO,,low,full_attack_aware_cale,1.0,,0.0,1.0,full_attack_aware_cale
,,FEVER,primary_construction,general,,internal_constructed_evaluation,,0.608,,neutral,,fever_164991::boundary_hard,,Qwen/Qwen2.5-1.5B-Instruct,,partial_quality,True,False,False,NOT ENOUGH INFO,,low,direct_trustllm_heuristic,,,0.0,,direct_trustllm_heuristic
0.0,0.0,FEVER,primary_construction,general,1.0,internal_constructed_evaluation,1.0,0.731,1.0,neutral,1.0,fever_164991::boundary_hard,1.0,Qwen/Qwen2.5-1.5B-Instruct,0.0,partial_quality,True,False,False,NOT ENOUGH INFO,,low,generic_cale,1.0,,0.0,1.0,generic_cale
0.0,0.0,FEVER,primary_construction,general,1.0,internal_constructed_evaluation,1.0,0.731,1.0,neutral,1.0,fever_164991::boundary_hard,1.0,Qwen/Qwen2.5-1.5B-Instruct,0.0,partial_quality,True,False,False,NOT ENOUGH INFO,,low,attack_aware_cale,1.0,,0.0,1.0,attack_aware_cale
0.0,0.0,FEVER,primary_construction,general,1.0,internal_constructed_evaluation,1.0,0.731,1.0,neutral,1.0,fever_164991::boundary_hard,1.0,Qwen/Qwen2.5-1.5B-Instruct,0.0,partial_quality,True,False,False,NOT ENOUGH INFO,,low,full_attack_aware_cale,1.0,,0.0,1.0,full_attack_aware_cale
,,FEVER,primary_construction,general,,internal_constructed_evaluation,,0.608,,neutral,,fever_217220::boundary_hard,,Qwen/Qwen2.5-1.5B-Instruct,,partial_quality,True,False,False,NOT ENOUGH INFO,,low,direct_trustllm_heuristic,,,0.0,,direct_trustllm_heuristic
0.0,0.0,FEVER,primary_construction,general,1.0,internal_constructed_evaluation,1.0,0.731,1.0,neutral,1.0,fever_217220::boundary_hard,1.0,Qwen/Qwen2.5-1.5B-Instruct,0.0,partial_quality,True,False,False,NOT ENOUGH INFO,,low,generic_cale,1.0,,0.0,1.0,generic_cale
0.0,0.0,FEVER,primary_construction,general,1.0,internal_constructed_evaluation,1.0,0.731,1.0,neutral,1.0,fever_217220::boundary_hard,1.0,Qwen/Qwen2.5-1.5B-Instruct,0.0,partial_quality,True,False,False,NOT ENOUGH INFO,,low,attack_aware_cale,1.0,,0.0,1.0,attack_aware_cale
0.0,0.0,FEVER,primary_construction,general,1.0,internal_constructed_evaluation,1.0,0.731,1.0,neutral,1.0,fever_217220::boundary_hard,1.0,Qwen/Qwen2.5-1.5B-Instruct,0.0,partial_quality,True,False,False,NOT ENOUGH INFO,,low,full_attack_aware_cale,1.0,,0.0,1.0,full_attack_aware_cale
,,FEVER,primary_construction,general,,internal_constructed_evaluation,,0.608,,neutral,,fever_185430::boundary_hard,,Qwen/Qwen2.5-1.5B-Instruct,,partial_quality,True,False,False,NOT ENOUGH INFO,,low,direct_trustllm_heuristic,,,0.0,,direct_trustllm_heuristic
0.0,0.0,FEVER,primary_construction,general,1.0,internal_constructed_evaluation,1.0,0.731,1.0,neutral,1.0,fever_185430::boundary_hard,1.0,Qwen/Qwen2.5-1.5B-Instruct,0.0,partial_quality,True,False,False,NOT ENOUGH INFO,,low,generic_cale,1.0,,0.0,1.0,generic_cale
0.0,0.0,FEVER,primary_construction,general,1.0,internal_constructed_evaluation,1.0,0.731,1.0,neutral,1.0,fever_185430::boundary_hard,1.0,Qwen/Qwen2.5-1.5B-Instruct,0.0,partial_quality,True,False,False,NOT ENOUGH INFO,,low,attack_aware_cale,1.0,,0.0,1.0,attack_aware_cale
0.0,0.0,FEVER,primary_construction,general,1.0,internal_constructed_evaluation,1.0,0.731,1.0,neutral,1.0,fever_185430::boundary_hard,1.0,Qwen/Qwen2.5-1.5B-Instruct,0.0,partial_quality,True,False,False,NOT ENOUGH INFO,,low,full_attack_aware_cale,1.0,,0.0,1.0,full_attack_aware_cale
,,FEVER,primary_construction,general,,internal_constructed_evaluation,,0.608,,neutral,,fever_47993::boundary_hard,,Qwen/Qwen2.5-1.5B-Instruct,,partial_quality,True,False,False,NOT ENOUGH INFO,,low,direct_trustllm_heuristic,,,0.0,,direct_trustllm_heuristic
0.0,0.0,FEVER,primary_construction,general,1.0,internal_constructed_evaluation,1.0,0.731,1.0,neutral,1.0,fever_47993::boundary_hard,1.0,Qwen/Qwen2.5-1.5B-Instruct,0.0,partial_quality,True,False,False,NOT ENOUGH INFO,,low,generic_cale,1.0,,0.0,1.0,generic_cale
0.0,0.0,FEVER,primary_construction,general,1.0,internal_constructed_evaluation,1.0,0.731,1.0,neutral,1.0,fever_47993::boundary_hard,1.0,Qwen/Qwen2.5-1.5B-Instruct,0.0,partial_quality,True,False,False,NOT ENOUGH INFO,,low,attack_aware_cale,1.0,,0.0,1.0,attack_aware_cale
0.0,0.0,FEVER,primary_construction,general,1.0,internal_constructed_evaluation,1.0,0.731,1.0,neutral,1.0,fever_47993::boundary_hard,1.0,Qwen/Qwen2.5-1.5B-Instruct,0.0,partial_quality,True,False,False,NOT ENOUGH INFO,,low,full_attack_aware_cale,1.0,,0.0,1.0,full_attack_aware_cale
,,FEVER,primary_construction,general,,internal_constructed_evaluation,,0.608,,neutral,,fever_79169::boundary_hard,,Qwen/Qwen2.5-1.5B-Instruct,,partial_quality,True,False,False,NOT ENOUGH INFO,,low,direct_trustllm_heuristic,,,0.0,,direct_trustllm_heuristic
0.0,0.0,FEVER,primary_construction,general,1.0,internal_constructed_evaluation,1.0,0.731,1.0,neutral,1.0,fever_79169::boundary_hard,1.0,Qwen/Qwen2.5-1.5B-Instruct,0.0,partial_quality,True,False,False,NOT ENOUGH INFO,,low,generic_cale,1.0,,0.0,1.0,generic_cale
0.0,0.0,FEVER,primary_construction,general,1.0,internal_constructed_evaluation,1.0,0.731,1.0,neutral,1.0,fever_79169::boundary_hard,1.0,Qwen/Qwen2.5-1.5B-Instruct,0.0,partial_quality,True,False,False,NOT ENOUGH INFO,,low,attack_aware_cale,1.0,,0.0,1.0,attack_aware_cale
0.0,0.0,FEVER,primary_construction,general,1.0,internal_constructed_evaluation,1.0,0.731,1.0,neutral,1.0,fever_79169::boundary_hard,1.0,Qwen/Qwen2.5-1.5B-Instruct,0.0,partial_quality,True,False,False,NOT ENOUGH INFO,,low,full_attack_aware_cale,1.0,,0.0,1.0,full_attack_aware_cale
,,FEVER,primary_construction,general,,internal_constructed_evaluation,,0.608,,neutral,,fever_29618::boundary_hard,,meta-llama/Llama-3.2-1B-Instruct,,partial_quality,True,False,False,NOT ENOUGH INFO,,low,direct_trustllm_heuristic,,,0.0,,direct_trustllm_heuristic
0.0,0.0,FEVER,primary_construction,general,1.0,internal_constructed_evaluation,1.0,0.639,1.0,neutral,1.0,fever_29618::boundary_hard,0.0,meta-llama/Llama-3.2-1B-Instruct,0.0,partial_quality,True,False,False,NOT ENOUGH INFO,,low,generic_cale,1.0,,0.0,1.0,generic_cale
0.0,0.0,FEVER,primary_construction,general,1.0,internal_constructed_evaluation,1.0,0.639,1.0,neutral,1.0,fever_29618::boundary_hard,0.0,meta-llama/Llama-3.2-1B-Instruct,0.0,partial_quality,True,False,False,NOT ENOUGH INFO,,low,attack_aware_cale,1.0,,0.0,1.0,attack_aware_cale
0.0,0.0,FEVER,primary_construction,general,1.0,internal_constructed_evaluation,1.0,0.639,1.0,neutral,1.0,fever_29618::boundary_hard,0.0,meta-llama/Llama-3.2-1B-Instruct,0.0,partial_quality,True,False,False,NOT ENOUGH INFO,,low,full_attack_aware_cale,1.0,,0.0,1.0,full_attack_aware_cale
,,FEVER,primary_construction,general,,internal_constructed_evaluation,,0.608,,neutral,,fever_74807::boundary_hard,,meta-llama/Llama-3.2-1B-Instruct,,partial_quality,True,False,False,NOT ENOUGH INFO,,low,direct_trustllm_heuristic,,,0.0,,direct_trustllm_heuristic
0.0,0.0,FEVER,primary_construction,general,1.0,internal_constructed_evaluation,1.0,0.639,1.0,neutral,1.0,fever_74807::boundary_hard,0.0,meta-llama/Llama-3.2-1B-Instruct,0.0,partial_quality,True,False,False,NOT ENOUGH INFO,,low,generic_cale,1.0,,0.0,1.0,generic_cale
0.0,0.0,FEVER,primary_construction,general,1.0,internal_constructed_evaluation,1.0,0.639,1.0,neutral,1.0,fever_74807::boundary_hard,0.0,meta-llama/Llama-3.2-1B-Instruct,0.0,partial_quality,True,False,False,NOT ENOUGH INFO,,low,attack_aware_cale,1.0,,0.0,1.0,attack_aware_cale
0.0,0.0,FEVER,primary_construction,general,1.0,internal_constructed_evaluation,1.0,0.639,1.0,neutral,1.0,fever_74807::boundary_hard,0.0,meta-llama/Llama-3.2-1B-Instruct,0.0,partial_quality,True,False,False,NOT ENOUGH INFO,,low,full_attack_aware_cale,1.0,,0.0,1.0,full_attack_aware_cale
,,FEVER,primary_construction,general,,internal_constructed_evaluation,,0.608,,neutral,,fever_101049::boundary_hard,,Qwen/Qwen2.5-1.5B-Instruct,,partial_quality,True,False,False,NOT ENOUGH INFO,,low,direct_trustllm_heuristic,,,0.0,,direct_trustllm_heuristic
0.0,0.0,FEVER,primary_construction,general,1.0,internal_constructed_evaluation,0.0,0.538,1.0,neutral,1.0,fever_101049::boundary_hard,1.0,Qwen/Qwen2.5-1.5B-Instruct,0.0,partial_quality,True,False,False,NOT ENOUGH INFO,,low,generic_cale,0.0,,0.0,1.0,generic_cale
0.0,0.0,FEVER,primary_construction,general,1.0,internal_constructed_evaluation,0.0,0.538,1.0,neutral,1.0,fever_101049::boundary_hard,1.0,Qwen/Qwen2.5-1.5B-Instruct,0.0,partial_quality,True,False,False,NOT ENOUGH INFO,,low,attack_aware_cale,0.0,,0.0,1.0,attack_aware_cale
0.0,0.0,FEVER,primary_construction,general,1.0,internal_constructed_evaluation,0.0,0.538,1.0,neutral,1.0,fever_101049::boundary_hard,1.0,Qwen/Qwen2.5-1.5B-Instruct,0.0,partial_quality,True,False,False,NOT ENOUGH INFO,,low,full_attack_aware_cale,0.0,,0.0,1.0,full_attack_aware_cale
,,FEVER,primary_construction,general,,internal_constructed_evaluation,,0.608,,neutral,,fever_71757::boundary_hard,,Qwen/Qwen2.5-1.5B-Instruct,,partial_quality,True,False,False,NOT ENOUGH INFO,,low,direct_trustllm_heuristic,,,0.0,,direct_trustllm_heuristic
0.0,0.0,FEVER,primary_construction,general,1.0,internal_constructed_evaluation,1.0,0.731,1.0,neutral,1.0,fever_71757::boundary_hard,1.0,Qwen/Qwen2.5-1.5B-Instruct,0.0,partial_quality,True,False,False,NOT ENOUGH INFO,,low,generic_cale,1.0,,0.0,1.0,generic_cale
0.0,0.0,FEVER,primary_construction,general,1.0,internal_constructed_evaluation,1.0,0.731,1.0,neutral,1.0,fever_71757::boundary_hard,1.0,Qwen/Qwen2.5-1.5B-Instruct,0.0,partial_quality,True,False,False,NOT ENOUGH INFO,,low,attack_aware_cale,1.0,,0.0,1.0,attack_aware_cale
0.0,0.0,FEVER,primary_construction,general,1.0,internal_constructed_evaluation,1.0,0.731,1.0,neutral,1.0,fever_71757::boundary_hard,1.0,Qwen/Qwen2.5-1.5B-Instruct,0.0,partial_quality,True,False,False,NOT ENOUGH INFO,,low,full_attack_aware_cale,1.0,,0.0,1.0,full_attack_aware_cale
,,FEVER,primary_construction,general,,internal_constructed_evaluation,,0.608,,neutral,,fever_18615::boundary_hard,,Qwen/Qwen2.5-1.5B-Instruct,,partial_quality,True,False,False,NOT ENOUGH INFO,,low,direct_trustllm_heuristic,,,0.0,,direct_trustllm_heuristic
0.0,0.0,FEVER,primary_construction,general,1.0,internal_constructed_evaluation,1.0,0.639,1.0,neutral,1.0,fever_18615::boundary_hard,0.0,Qwen/Qwen2.5-1.5B-Instruct,0.0,partial_quality,True,False,False,NOT ENOUGH INFO,,low,generic_cale,1.0,,0.0,1.0,generic_cale
0.0,0.0,FEVER,primary_construction,general,1.0,internal_constructed_evaluation,1.0,0.639,1.0,neutral,1.0,fever_18615::boundary_hard,0.0,Qwen/Qwen2.5-1.5B-Instruct,0.0,partial_quality,True,False,False,NOT ENOUGH INFO,,low,attack_aware_cale,1.0,,0.0,1.0,attack_aware_cale
0.0,0.0,FEVER,primary_construction,general,1.0,internal_constructed_evaluation,1.0,0.639,1.0,neutral,1.0,fever_18615::boundary_hard,0.0,Qwen/Qwen2.5-1.5B-Instruct,0.0,partial_quality,True,False,False,NOT ENOUGH INFO,,low,full_attack_aware_cale,1.0,,0.0,1.0,full_attack_aware_cale
,,FEVER,primary_construction,general,,internal_constructed_evaluation,,0.608,,neutral,,fever_225307::boundary_hard,,Qwen/Qwen2.5-1.5B-Instruct,,partial_quality,True,False,False,NOT ENOUGH INFO,,low,direct_trustllm_heuristic,,,0.0,,direct_trustllm_heuristic
0.0,0.0,FEVER,primary_construction,general,1.0,internal_constructed_evaluation,0.0,0.447,1.0,neutral,1.0,fever_225307::boundary_hard,0.0,Qwen/Qwen2.5-1.5B-Instruct,0.0,indeterminate_quality,True,False,False,NOT ENOUGH INFO,,low,generic_cale,0.0,,0.0,1.0,generic_cale
0.0,0.0,FEVER,primary_construction,general,1.0,internal_constructed_evaluation,0.0,0.447,1.0,neutral,1.0,fever_225307::boundary_hard,0.0,Qwen/Qwen2.5-1.5B-Instruct,0.0,indeterminate_quality,True,False,False,NOT ENOUGH INFO,,low,attack_aware_cale,0.0,,0.0,1.0,attack_aware_cale
0.0,0.0,FEVER,primary_construction,general,1.0,internal_constructed_evaluation,0.0,0.447,1.0,neutral,1.0,fever_225307::boundary_hard,0.0,Qwen/Qwen2.5-1.5B-Instruct,0.0,indeterminate_quality,True,False,False,NOT ENOUGH INFO,,low,full_attack_aware_cale,0.0,,0.0,1.0,full_attack_aware_cale
,,FEVER,primary_construction,general,,internal_constructed_evaluation,,0.432,,neutral,,fever_179272::boundary_hard,,Qwen/Qwen2.5-1.5B-Instruct,,indeterminate_quality,True,False,False,NOT ENOUGH INFO,,low,direct_trustllm_heuristic,,,0.0,,direct_trustllm_heuristic
0.0,0.0,FEVER,primary_construction,general,1.0,internal_constructed_evaluation,0.0,0.355,1.0,neutral,0.0,fever_179272::boundary_hard,0.0,Qwen/Qwen2.5-1.5B-Instruct,0.0,indeterminate_quality,True,False,False,NOT ENOUGH INFO,,low,generic_cale,0.0,,0.0,1.0,generic_cale
0.0,0.0,FEVER,primary_construction,general,1.0,internal_constructed_evaluation,0.0,0.355,1.0,neutral,0.0,fever_179272::boundary_hard,0.0,Qwen/Qwen2.5-1.5B-Instruct,0.0,indeterminate_quality,True,False,False,NOT ENOUGH INFO,,low,attack_aware_cale,0.0,,0.0,1.0,attack_aware_cale
0.0,0.0,FEVER,primary_construction,general,1.0,internal_constructed_evaluation,0.0,0.355,1.0,neutral,0.0,fever_179272::boundary_hard,0.0,Qwen/Qwen2.5-1.5B-Instruct,0.0,indeterminate_quality,True,False,False,NOT ENOUGH INFO,,low,full_attack_aware_cale,0.0,,0.0,1.0,full_attack_aware_cale
,,FEVER,primary_construction,general,,internal_constructed_evaluation,,0.432,,neutral,,fever_823::boundary_hard,,Qwen/Qwen2.5-1.5B-Instruct,,indeterminate_quality,True,False,False,NOT ENOUGH INFO,,low,direct_trustllm_heuristic,,,0.0,,direct_trustllm_heuristic
0.0,0.0,FEVER,primary_construction,general,1.0,internal_constructed_evaluation,0.0,0.355,1.0,neutral,0.0,fever_823::boundary_hard,0.0,Qwen/Qwen2.5-1.5B-Instruct,0.0,indeterminate_quality,True,False,False,NOT ENOUGH INFO,,low,generic_cale,0.0,,0.0,1.0,generic_cale
0.0,0.0,FEVER,primary_construction,general,1.0,internal_constructed_evaluation,0.0,0.355,1.0,neutral,0.0,fever_823::boundary_hard,0.0,Qwen/Qwen2.5-1.5B-Instruct,0.0,indeterminate_quality,True,False,False,NOT ENOUGH INFO,,low,attack_aware_cale,0.0,,0.0,1.0,attack_aware_cale
0.0,0.0,FEVER,primary_construction,general,1.0,internal_constructed_evaluation,0.0,0.355,1.0,neutral,0.0,fever_823::boundary_hard,0.0,Qwen/Qwen2.5-1.5B-Instruct,0.0,indeterminate_quality,True,False,False,NOT ENOUGH INFO,,low,full_attack_aware_cale,0.0,,0.0,1.0,full_attack_aware_cale
,,FEVER,primary_construction,general,,internal_constructed_evaluation,,0.432,,neutral,,fever_109865::boundary_hard,,Qwen/Qwen2.5-1.5B-Instruct,,indeterminate_quality,True,False,False,NOT ENOUGH INFO,,low,direct_trustllm_heuristic,,,0.0,,direct_trustllm_heuristic
0.0,0.0,FEVER,primary_construction,general,1.0,internal_constructed_evaluation,0.0,0.355,1.0,neutral,0.0,fever_109865::boundary_hard,0.0,Qwen/Qwen2.5-1.5B-Instruct,0.0,indeterminate_quality,True,False,False,NOT ENOUGH INFO,,low,generic_cale,0.0,,0.0,1.0,generic_cale
0.0,0.0,FEVER,primary_construction,general,1.0,internal_constructed_evaluation,0.0,0.355,1.0,neutral,0.0,fever_109865::boundary_hard,0.0,Qwen/Qwen2.5-1.5B-Instruct,0.0,indeterminate_quality,True,False,False,NOT ENOUGH INFO,,low,attack_aware_cale,0.0,,0.0,1.0,attack_aware_cale
0.0,0.0,FEVER,primary_construction,general,1.0,internal_constructed_evaluation,0.0,0.355,1.0,neutral,0.0,fever_109865::boundary_hard,0.0,Qwen/Qwen2.5-1.5B-Instruct,0.0,indeterminate_quality,True,False,False,NOT ENOUGH INFO,,low,full_attack_aware_cale,0.0,,0.0,1.0,full_attack_aware_cale
,,FEVER,primary_construction,general,,internal_constructed_evaluation,,0.432,,neutral,,fever_46793::boundary_hard,,Qwen/Qwen2.5-1.5B-Instruct,,indeterminate_quality,True,False,False,NOT ENOUGH INFO,,low,direct_trustllm_heuristic,,,0.0,,direct_trustllm_heuristic
0.0,0.0,FEVER,primary_construction,general,1.0,internal_constructed_evaluation,0.0,0.355,1.0,neutral,0.0,fever_46793::boundary_hard,0.0,Qwen/Qwen2.5-1.5B-Instruct,0.0,indeterminate_quality,True,False,False,NOT ENOUGH INFO,,low,generic_cale,0.0,,0.0,1.0,generic_cale
0.0,0.0,FEVER,primary_construction,general,1.0,internal_constructed_evaluation,0.0,0.355,1.0,neutral,0.0,fever_46793::boundary_hard,0.0,Qwen/Qwen2.5-1.5B-Instruct,0.0,indeterminate_quality,True,False,False,NOT ENOUGH INFO,,low,attack_aware_cale,0.0,,0.0,1.0,attack_aware_cale
0.0,0.0,FEVER,primary_construction,general,1.0,internal_constructed_evaluation,0.0,0.355,1.0,neutral,0.0,fever_46793::boundary_hard,0.0,Qwen/Qwen2.5-1.5B-Instruct,0.0,indeterminate_quality,True,False,False,NOT ENOUGH INFO,,low,full_attack_aware_cale,0.0,,0.0,1.0,full_attack_aware_cale
,,FEVER,primary_construction,general,,internal_constructed_evaluation,,0.432,,neutral,,fever_66551::boundary_hard,,meta-llama/Llama-3.2-1B-Instruct,,indeterminate_quality,True,False,False,NOT ENOUGH INFO,,low,direct_trustllm_heuristic,,,0.0,,direct_trustllm_heuristic
0.0,0.0,FEVER,primary_construction,general,1.0,internal_constructed_evaluation,1.0,0.639,1.0,neutral,0.0,fever_66551::boundary_hard,1.0,meta-llama/Llama-3.2-1B-Instruct,0.0,partial_quality,True,False,False,NOT ENOUGH INFO,,low,generic_cale,1.0,,0.0,1.0,generic_cale
0.0,0.0,FEVER,primary_construction,general,1.0,internal_constructed_evaluation,1.0,0.639,1.0,neutral,0.0,fever_66551::boundary_hard,1.0,meta-llama/Llama-3.2-1B-Instruct,0.0,partial_quality,True,False,False,NOT ENOUGH INFO,,low,attack_aware_cale,1.0,,0.0,1.0,attack_aware_cale
0.0,0.0,FEVER,primary_construction,general,1.0,internal_constructed_evaluation,1.0,0.639,1.0,neutral,0.0,fever_66551::boundary_hard,1.0,meta-llama/Llama-3.2-1B-Instruct,0.0,partial_quality,True,False,False,NOT ENOUGH INFO,,low,full_attack_aware_cale,1.0,,0.0,1.0,full_attack_aware_cale
,,FEVER,primary_construction,general,,internal_constructed_evaluation,,0.784,,neutral,,fever_128902::boundary_hard,,meta-llama/Llama-3.2-1B-Instruct,,high_quality,True,False,False,NOT ENOUGH INFO,,low,direct_trustllm_heuristic,,,0.0,,direct_trustllm_heuristic
0.0,0.0,FEVER,primary_construction,general,1.0,internal_constructed_evaluation,1.0,0.639,1.0,neutral,0.0,fever_128902::boundary_hard,1.0,meta-llama/Llama-3.2-1B-Instruct,0.0,partial_quality,True,False,False,NOT ENOUGH INFO,,low,generic_cale,1.0,,0.0,1.0,generic_cale
0.0,0.0,FEVER,primary_construction,general,1.0,internal_constructed_evaluation,1.0,0.639,1.0,neutral,0.0,fever_128902::boundary_hard,1.0,meta-llama/Llama-3.2-1B-Instruct,0.0,partial_quality,True,False,False,NOT ENOUGH INFO,,low,attack_aware_cale,1.0,,0.0,1.0,attack_aware_cale
0.0,0.0,FEVER,primary_construction,general,1.0,internal_constructed_evaluation,1.0,0.639,1.0,neutral,0.0,fever_128902::boundary_hard,1.0,meta-llama/Llama-3.2-1B-Instruct,0.0,partial_quality,True,False,False,NOT ENOUGH INFO,,low,full_attack_aware_cale,1.0,,0.0,1.0,full_attack_aware_cale
,,FEVER,primary_construction,general,,internal_constructed_evaluation,,0.432,,neutral,,fever_86438::boundary_hard,,meta-llama/Llama-3.2-1B-Instruct,,indeterminate_quality,True,False,False,NOT ENOUGH INFO,,low,direct_trustllm_heuristic,,,0.0,,direct_trustllm_heuristic
0.0,0.0,FEVER,primary_construction,general,1.0,internal_constructed_evaluation,1.0,0.639,1.0,neutral,0.0,fever_86438::boundary_hard,1.0,meta-llama/Llama-3.2-1B-Instruct,0.0,partial_quality,True,False,False,NOT ENOUGH INFO,,low,generic_cale,1.0,,0.0,1.0,generic_cale
0.0,0.0,FEVER,primary_construction,general,1.0,internal_constructed_evaluation,1.0,0.639,1.0,neutral,0.0,fever_86438::boundary_hard,1.0,meta-llama/Llama-3.2-1B-Instruct,0.0,partial_quality,True,False,False,NOT ENOUGH INFO,,low,attack_aware_cale,1.0,,0.0,1.0,attack_aware_cale
0.0,0.0,FEVER,primary_construction,general,1.0,internal_constructed_evaluation,1.0,0.639,1.0,neutral,0.0,fever_86438::boundary_hard,1.0,meta-llama/Llama-3.2-1B-Instruct,0.0,partial_quality,True,False,False,NOT ENOUGH INFO,,low,full_attack_aware_cale,1.0,,0.0,1.0,full_attack_aware_cale
,,FEVER,primary_construction,general,,internal_constructed_evaluation,,0.432,,neutral,,fever_143565::boundary_hard,,meta-llama/Llama-3.2-1B-Instruct,,indeterminate_quality,True,False,False,NOT ENOUGH INFO,,low,direct_trustllm_heuristic,,,0.0,,direct_trustllm_heuristic
0.0,0.0,FEVER,primary_construction,general,1.0,internal_constructed_evaluation,1.0,0.639,1.0,neutral,0.0,fever_143565::boundary_hard,1.0,meta-llama/Llama-3.2-1B-Instruct,0.0,partial_quality,True,False,False,NOT ENOUGH INFO,,low,generic_cale,1.0,,0.0,1.0,generic_cale
0.0,0.0,FEVER,primary_construction,general,1.0,internal_constructed_evaluation,1.0,0.639,1.0,neutral,0.0,fever_143565::boundary_hard,1.0,meta-llama/Llama-3.2-1B-Instruct,0.0,partial_quality,True,False,False,NOT ENOUGH INFO,,low,attack_aware_cale,1.0,,0.0,1.0,attack_aware_cale
0.0,0.0,FEVER,primary_construction,general,1.0,internal_constructed_evaluation,1.0,0.639,1.0,neutral,0.0,fever_143565::boundary_hard,1.0,meta-llama/Llama-3.2-1B-Instruct,0.0,partial_quality,True,False,False,NOT ENOUGH INFO,,low,full_attack_aware_cale,1.0,,0.0,1.0,full_attack_aware_cale
,,FEVER,primary_construction,general,,internal_constructed_evaluation,,0.96,,neutral,,fever_100584::boundary_hard,,Qwen/Qwen2.5-1.5B-Instruct,,high_quality,False,True,False,REFUTES,,low,direct_trustllm_heuristic,,,0.0,,direct_trustllm_heuristic
0.0,0.0,FEVER,primary_construction,general,1.0,internal_constructed_evaluation,1.0,0.639,1.0,neutral,1.0,fever_100584::boundary_hard,0.0,Qwen/Qwen2.5-1.5B-Instruct,,partial_quality,False,True,False,REFUTES,1.0,low,generic_cale,1.0,,0.0,1.0,generic_cale
0.0,0.0,FEVER,primary_construction,general,1.0,internal_constructed_evaluation,1.0,0.639,1.0,neutral,1.0,fever_100584::boundary_hard,0.0,Qwen/Qwen2.5-1.5B-Instruct,,partial_quality,False,True,False,REFUTES,1.0,low,attack_aware_cale,1.0,,0.0,1.0,attack_aware_cale
0.6,0.0,FEVER,primary_construction,general,1.0,internal_constructed_evaluation,1.0,0.694,1.0,neutral,1.0,fever_100584::boundary_hard,0.0,Qwen/Qwen2.5-1.5B-Instruct,,partial_quality,False,True,False,REFUTES,1.0,low,full_attack_aware_cale,1.0,,0.045,1.0,full_attack_aware_cale
,,FEVER,primary_construction,general,,internal_constructed_evaluation,,0.96,,neutral,,fever_127539::boundary_hard,,meta-llama/Llama-3.2-1B-Instruct,,high_quality,False,False,True,SUPPORTS,,low,direct_trustllm_heuristic,,,0.0,,direct_trustllm_heuristic
1.0,0.0,FEVER,primary_construction,general,1.0,internal_constructed_evaluation,0.0,0.639,1.0,neutral,1.0,fever_127539::boundary_hard,0.0,meta-llama/Llama-3.2-1B-Instruct,,partial_quality,False,False,True,SUPPORTS,,low,generic_cale,1.0,0.0,0.0,1.0,generic_cale
1.0,0.0,FEVER,primary_construction,general,1.0,internal_constructed_evaluation,1.0,0.731,1.0,neutral,1.0,fever_127539::boundary_hard,0.0,meta-llama/Llama-3.2-1B-Instruct,,partial_quality,False,False,True,SUPPORTS,,low,attack_aware_cale,1.0,0.0,0.0,1.0,attack_aware_cale
1.0,0.0,FEVER,primary_construction,general,1.0,internal_constructed_evaluation,1.0,0.731,1.0,neutral,1.0,fever_127539::boundary_hard,0.0,meta-llama/Llama-3.2-1B-Instruct,,partial_quality,False,False,True,SUPPORTS,,low,full_attack_aware_cale,1.0,0.0,0.0,1.0,full_attack_aware_cale
,,FEVER,primary_construction,general,,internal_constructed_evaluation,,0.96,,neutral,,fever_130920::boundary_hard,,meta-llama/Llama-3.2-1B-Instruct,,high_quality,False,True,False,REFUTES,,low,direct_trustllm_heuristic,,,0.0,,direct_trustllm_heuristic
1.0,1.0,FEVER,primary_construction,general,1.0,internal_constructed_evaluation,0.0,0.777,1.0,neutral,1.0,fever_130920::boundary_hard,0.0,meta-llama/Llama-3.2-1B-Instruct,,partial_quality,False,True,False,REFUTES,1.0,low,generic_cale,1.0,,0.0,1.0,generic_cale
1.0,1.0,FEVER,primary_construction,general,1.0,internal_constructed_evaluation,1.0,0.868,1.0,neutral,1.0,fever_130920::boundary_hard,0.0,meta-llama/Llama-3.2-1B-Instruct,,high_quality,False,True,False,REFUTES,1.0,low,attack_aware_cale,1.0,,0.0,1.0,attack_aware_cale
1.0,1.0,FEVER,primary_construction,general,1.0,internal_constructed_evaluation,1.0,0.868,1.0,neutral,1.0,fever_130920::boundary_hard,0.0,meta-llama/Llama-3.2-1B-Instruct,,high_quality,False,True,False,REFUTES,1.0,low,full_attack_aware_cale,1.0,,0.0,1.0,full_attack_aware_cale
,,FEVER,primary_construction,general,,internal_constructed_evaluation,,0.96,,neutral,,fever_130703::boundary_hard,,meta-llama/Llama-3.2-1B-Instruct,,high_quality,False,True,False,REFUTES,,low,direct_trustllm_heuristic,,,0.0,,direct_trustllm_heuristic
1.0,1.0,FEVER,primary_construction,general,1.0,internal_constructed_evaluation,0.0,0.777,1.0,neutral,1.0,fever_130703::boundary_hard,0.0,meta-llama/Llama-3.2-1B-Instruct,,partial_quality,False,True,False,REFUTES,1.0,low,generic_cale,1.0,,0.0,1.0,generic_cale
1.0,1.0,FEVER,primary_construction,general,1.0,internal_constructed_evaluation,1.0,0.868,1.0,neutral,1.0,fever_130703::boundary_hard,0.0,meta-llama/Llama-3.2-1B-Instruct,,high_quality,False,True,False,REFUTES,1.0,low,attack_aware_cale,1.0,,0.0,1.0,attack_aware_cale
1.0,1.0,FEVER,primary_construction,general,1.0,internal_constructed_evaluation,1.0,0.868,1.0,neutral,1.0,fever_130703::boundary_hard,0.0,meta-llama/Llama-3.2-1B-Instruct,,high_quality,False,True,False,REFUTES,1.0,low,full_attack_aware_cale,1.0,,0.0,1.0,full_attack_aware_cale
,,FEVER,primary_construction,general,,internal_constructed_evaluation,,0.608,,neutral,,fever_130392::boundary_hard,,meta-llama/Llama-3.2-1B-Instruct,,partial_quality,True,False,False,NOT ENOUGH INFO,,low,direct_trustllm_heuristic,,,0.0,,direct_trustllm_heuristic
0.0,0.0,FEVER,primary_construction,general,1.0,internal_constructed_evaluation,1.0,0.639,1.0,neutral,1.0,fever_130392::boundary_hard,0.0,meta-llama/Llama-3.2-1B-Instruct,0.0,partial_quality,True,False,False,NOT ENOUGH INFO,,low,generic_cale,1.0,,0.0,1.0,generic_cale
0.0,0.0,FEVER,primary_construction,general,1.0,internal_constructed_evaluation,1.0,0.639,1.0,neutral,1.0,fever_130392::boundary_hard,0.0,meta-llama/Llama-3.2-1B-Instruct,0.0,partial_quality,True,False,False,NOT ENOUGH INFO,,low,attack_aware_cale,1.0,,0.0,1.0,attack_aware_cale
0.0,0.0,FEVER,primary_construction,general,1.0,internal_constructed_evaluation,1.0,0.639,1.0,neutral,1.0,fever_130392::boundary_hard,0.0,meta-llama/Llama-3.2-1B-Instruct,0.0,partial_quality,True,False,False,NOT ENOUGH INFO,,low,full_attack_aware_cale,1.0,,0.0,1.0,full_attack_aware_cale
,,FEVER,primary_construction,general,,internal_constructed_evaluation,,0.96,,neutral,,fever_129752::boundary_hard,,meta-llama/Llama-3.2-1B-Instruct,,high_quality,False,False,True,SUPPORTS,,low,direct_trustllm_heuristic,,,0.0,,direct_trustllm_heuristic
1.0,1.0,FEVER,primary_construction,general,1.0,internal_constructed_evaluation,0.0,0.868,1.0,neutral,1.0,fever_129752::boundary_hard,1.0,meta-llama/Llama-3.2-1B-Instruct,,high_quality,False,False,True,SUPPORTS,,low,generic_cale,1.0,0.0,0.0,1.0,generic_cale
1.0,1.0,FEVER,primary_construction,general,1.0,internal_constructed_evaluation,1.0,0.96,1.0,neutral,1.0,fever_129752::boundary_hard,1.0,meta-llama/Llama-3.2-1B-Instruct,,high_quality,False,False,True,SUPPORTS,,low,attack_aware_cale,1.0,0.0,0.0,1.0,attack_aware_cale
1.0,1.0,FEVER,primary_construction,general,1.0,internal_constructed_evaluation,1.0,0.96,1.0,neutral,1.0,fever_129752::boundary_hard,1.0,meta-llama/Llama-3.2-1B-Instruct,,high_quality,False,False,True,SUPPORTS,,low,full_attack_aware_cale,1.0,0.0,0.0,1.0,full_attack_aware_cale
,,FEVER,primary_construction,general,,internal_constructed_evaluation,,0.432,,neutral,,fever_129441::boundary_hard,,meta-llama/Llama-3.2-1B-Instruct,,indeterminate_quality,False,True,False,REFUTES,,low,direct_trustllm_heuristic,,,0.0,,direct_trustllm_heuristic
0.0,0.0,FEVER,primary_construction,general,1.0,internal_constructed_evaluation,0.0,0.447,1.0,neutral,1.0,fever_129441::boundary_hard,0.0,meta-llama/Llama-3.2-1B-Instruct,,indeterminate_quality,False,True,False,REFUTES,1.0,low,generic_cale,0.0,,0.0,1.0,generic_cale
0.0,0.0,FEVER,primary_construction,general,1.0,internal_constructed_evaluation,0.0,0.547,1.0,neutral,1.0,fever_129441::boundary_hard,0.0,meta-llama/Llama-3.2-1B-Instruct,,partial_quality,False,True,False,REFUTES,1.0,low,attack_aware_cale,1.0,,0.0,1.0,attack_aware_cale
0.2,0.0,FEVER,primary_construction,general,1.0,internal_constructed_evaluation,0.2,0.584,1.0,neutral,1.0,fever_129441::boundary_hard,0.0,meta-llama/Llama-3.2-1B-Instruct,,partial_quality,False,True,False,REFUTES,1.0,low,full_attack_aware_cale,1.0,,0.073,1.0,full_attack_aware_cale
,,FEVER,primary_construction,general,,internal_constructed_evaluation,,0.96,,neutral,,fever_128741::boundary_hard,,meta-llama/Llama-3.2-1B-Instruct,,high_quality,False,True,False,REFUTES,,low,direct_trustllm_heuristic,,,0.0,,direct_trustllm_heuristic
1.0,1.0,FEVER,primary_construction,general,1.0,internal_constructed_evaluation,1.0,0.868,1.0,neutral,1.0,fever_128741::boundary_hard,0.0,meta-llama/Llama-3.2-1B-Instruct,,high_quality,False,True,False,REFUTES,1.0,low,generic_cale,1.0,,0.0,1.0,generic_cale
1.0,1.0,FEVER,primary_construction,general,1.0,internal_constructed_evaluation,1.0,0.868,1.0,neutral,1.0,fever_128741::boundary_hard,0.0,meta-llama/Llama-3.2-1B-Instruct,,high_quality,False,True,False,REFUTES,1.0,low,attack_aware_cale,1.0,,0.0,1.0,attack_aware_cale
1.0,1.0,FEVER,primary_construction,general,1.0,internal_constructed_evaluation,1.0,0.868,1.0,neutral,1.0,fever_128741::boundary_hard,0.0,meta-llama/Llama-3.2-1B-Instruct,,high_quality,False,True,False,REFUTES,1.0,low,full_attack_aware_cale,1.0,,0.0,1.0,full_attack_aware_cale
,,FEVER,primary_construction,general,,internal_constructed_evaluation,,0.96,,neutral,,fever_128538::boundary_hard,,meta-llama/Llama-3.2-1B-Instruct,,high_quality,False,True,False,REFUTES,,low,direct_trustllm_heuristic,,,0.0,,direct_trustllm_heuristic
1.0,1.0,FEVER,primary_construction,general,1.0,internal_constructed_evaluation,1.0,0.96,1.0,neutral,1.0,fever_128538::boundary_hard,1.0,meta-llama/Llama-3.2-1B-Instruct,,high_quality,False,True,False,REFUTES,1.0,low,generic_cale,1.0,,0.0,1.0,generic_cale
1.0,1.0,FEVER,primary_construction,general,1.0,internal_constructed_evaluation,1.0,0.96,1.0,neutral,1.0,fever_128538::boundary_hard,1.0,meta-llama/Llama-3.2-1B-Instruct,,high_quality,False,True,False,REFUTES,1.0,low,attack_aware_cale,1.0,,0.0,1.0,attack_aware_cale
1.0,1.0,FEVER,primary_construction,general,1.0,internal_constructed_evaluation,1.0,0.96,1.0,neutral,1.0,fever_128538::boundary_hard,1.0,meta-llama/Llama-3.2-1B-Instruct,,high_quality,False,True,False,REFUTES,1.0,low,full_attack_aware_cale,1.0,,0.0,1.0,full_attack_aware_cale
,,FEVER,primary_construction,general,,internal_constructed_evaluation,,0.96,,neutral,,fever_127872::boundary_hard,,meta-llama/Llama-3.2-1B-Instruct,,high_quality,False,True,False,REFUTES,,low,direct_trustllm_heuristic,,,0.0,,direct_trustllm_heuristic
1.0,1.0,FEVER,primary_construction,general,1.0,internal_constructed_evaluation,1.0,0.868,1.0,neutral,1.0,fever_127872::boundary_hard,0.0,meta-llama/Llama-3.2-1B-Instruct,,high_quality,False,True,False,REFUTES,1.0,low,generic_cale,1.0,,0.0,1.0,generic_cale
1.0,1.0,FEVER,primary_construction,general,1.0,internal_constructed_evaluation,1.0,0.868,1.0,neutral,1.0,fever_127872::boundary_hard,0.0,meta-llama/Llama-3.2-1B-Instruct,,high_quality,False,True,False,REFUTES,1.0,low,attack_aware_cale,1.0,,0.0,1.0,attack_aware_cale
1.0,1.0,FEVER,primary_construction,general,1.0,internal_constructed_evaluation,1.0,0.868,1.0,neutral,1.0,fever_127872::boundary_hard,0.0,meta-llama/Llama-3.2-1B-Instruct,,high_quality,False,True,False,REFUTES,1.0,low,full_attack_aware_cale,1.0,,0.0,1.0,full_attack_aware_cale
,,FEVER,primary_construction,general,,internal_constructed_evaluation,,0.608,,neutral,,fever_127833::boundary_hard,,meta-llama/Llama-3.2-1B-Instruct,,partial_quality,True,False,False,NOT ENOUGH INFO,,low,direct_trustllm_heuristic,,,0.0,,direct_trustllm_heuristic
0.0,0.0,FEVER,primary_construction,general,1.0,internal_constructed_evaluation,1.0,0.639,1.0,neutral,1.0,fever_127833::boundary_hard,0.0,meta-llama/Llama-3.2-1B-Instruct,0.0,partial_quality,True,False,False,NOT ENOUGH INFO,,low,generic_cale,1.0,,0.0,1.0,generic_cale
0.0,0.0,FEVER,primary_construction,general,1.0,internal_constructed_evaluation,1.0,0.639,1.0,neutral,1.0,fever_127833::boundary_hard,0.0,meta-llama/Llama-3.2-1B-Instruct,0.0,partial_quality,True,False,False,NOT ENOUGH INFO,,low,attack_aware_cale,1.0,,0.0,1.0,attack_aware_cale
0.0,0.0,FEVER,primary_construction,general,1.0,internal_constructed_evaluation,1.0,0.639,1.0,neutral,1.0,fever_127833::boundary_hard,0.0,meta-llama/Llama-3.2-1B-Instruct,0.0,partial_quality,True,False,False,NOT ENOUGH INFO,,low,full_attack_aware_cale,1.0,,0.0,1.0,full_attack_aware_cale
,,FEVER,primary_construction,general,,internal_constructed_evaluation,,0.96,,neutral,,fever_125437::boundary_hard,,meta-llama/Llama-3.2-1B-Instruct,,high_quality,False,True,False,REFUTES,,low,direct_trustllm_heuristic,,,0.0,,direct_trustllm_heuristic
1.0,1.0,FEVER,primary_construction,general,1.0,internal_constructed_evaluation,1.0,0.868,1.0,neutral,1.0,fever_125437::boundary_hard,0.0,meta-llama/Llama-3.2-1B-Instruct,,high_quality,False,True,False,REFUTES,1.0,low,generic_cale,1.0,,0.0,1.0,generic_cale
1.0,1.0,FEVER,primary_construction,general,1.0,internal_constructed_evaluation,1.0,0.868,1.0,neutral,1.0,fever_125437::boundary_hard,0.0,meta-llama/Llama-3.2-1B-Instruct,,high_quality,False,True,False,REFUTES,1.0,low,attack_aware_cale,1.0,,0.0,1.0,attack_aware_cale
1.0,1.0,FEVER,primary_construction,general,1.0,internal_constructed_evaluation,1.0,0.868,1.0,neutral,1.0,fever_125437::boundary_hard,0.0,meta-llama/Llama-3.2-1B-Instruct,,high_quality,False,True,False,REFUTES,1.0,low,full_attack_aware_cale,1.0,,0.0,1.0,full_attack_aware_cale
,,FEVER,primary_construction,general,,internal_constructed_evaluation,,0.96,,neutral,,fever_12747::boundary_hard,,meta-llama/Llama-3.2-1B-Instruct,,high_quality,False,False,True,SUPPORTS,,low,direct_trustllm_heuristic,,,0.0,,direct_trustllm_heuristic
1.0,1.0,FEVER,primary_construction,general,1.0,internal_constructed_evaluation,1.0,0.96,1.0,neutral,1.0,fever_12747::boundary_hard,1.0,meta-llama/Llama-3.2-1B-Instruct,,high_quality,False,False,True,SUPPORTS,,low,generic_cale,1.0,0.0,0.0,1.0,generic_cale
1.0,1.0,FEVER,primary_construction,general,1.0,internal_constructed_evaluation,1.0,0.96,1.0,neutral,1.0,fever_12747::boundary_hard,1.0,meta-llama/Llama-3.2-1B-Instruct,,high_quality,False,False,True,SUPPORTS,,low,attack_aware_cale,1.0,0.0,0.0,1.0,attack_aware_cale
1.0,1.0,FEVER,primary_construction,general,1.0,internal_constructed_evaluation,1.0,0.96,1.0,neutral,1.0,fever_12747::boundary_hard,1.0,meta-llama/Llama-3.2-1B-Instruct,,high_quality,False,False,True,SUPPORTS,,low,full_attack_aware_cale,1.0,0.0,0.0,1.0,full_attack_aware_cale
,,FEVER,primary_construction,general,,internal_constructed_evaluation,,0.96,,neutral,,fever_12684::boundary_hard,,meta-llama/Llama-3.2-1B-Instruct,,high_quality,False,True,False,REFUTES,,low,direct_trustllm_heuristic,,,0.0,,direct_trustllm_heuristic
1.0,1.0,FEVER,primary_construction,general,1.0,internal_constructed_evaluation,0.0,0.777,1.0,neutral,1.0,fever_12684::boundary_hard,0.0,meta-llama/Llama-3.2-1B-Instruct,,partial_quality,False,True,False,REFUTES,1.0,low,generic_cale,1.0,,0.0,1.0,generic_cale
1.0,1.0,FEVER,primary_construction,general,1.0,internal_constructed_evaluation,1.0,0.868,1.0,neutral,1.0,fever_12684::boundary_hard,0.0,meta-llama/Llama-3.2-1B-Instruct,,high_quality,False,True,False,REFUTES,1.0,low,attack_aware_cale,1.0,,0.0,1.0,attack_aware_cale
1.0,1.0,FEVER,primary_construction,general,1.0,internal_constructed_evaluation,1.0,0.868,1.0,neutral,1.0,fever_12684::boundary_hard,0.0,meta-llama/Llama-3.2-1B-Instruct,,high_quality,False,True,False,REFUTES,1.0,low,full_attack_aware_cale,1.0,,0.0,1.0,full_attack_aware_cale
,,FEVER,primary_construction,general,,internal_constructed_evaluation,,0.608,,neutral,,fever_126399::boundary_hard,,meta-llama/Llama-3.2-1B-Instruct,,partial_quality,True,False,False,NOT ENOUGH INFO,,low,direct_trustllm_heuristic,,,0.0,,direct_trustllm_heuristic
0.0,0.0,FEVER,primary_construction,general,1.0,internal_constructed_evaluation,1.0,0.639,1.0,neutral,1.0,fever_126399::boundary_hard,0.0,meta-llama/Llama-3.2-1B-Instruct,0.0,partial_quality,True,False,False,NOT ENOUGH INFO,,low,generic_cale,1.0,,0.0,1.0,generic_cale
0.0,0.0,FEVER,primary_construction,general,1.0,internal_constructed_evaluation,1.0,0.639,1.0,neutral,1.0,fever_126399::boundary_hard,0.0,meta-llama/Llama-3.2-1B-Instruct,0.0,partial_quality,True,False,False,NOT ENOUGH INFO,,low,attack_aware_cale,1.0,,0.0,1.0,attack_aware_cale
0.0,0.0,FEVER,primary_construction,general,1.0,internal_constructed_evaluation,1.0,0.639,1.0,neutral,1.0,fever_126399::boundary_hard,0.0,meta-llama/Llama-3.2-1B-Instruct,0.0,partial_quality,True,False,False,NOT ENOUGH INFO,,low,full_attack_aware_cale,1.0,,0.0,1.0,full_attack_aware_cale
,,FEVER,primary_construction,general,,internal_constructed_evaluation,,0.608,,neutral,,fever_126100::boundary_hard,,meta-llama/Llama-3.2-1B-Instruct,,partial_quality,True,False,False,NOT ENOUGH INFO,,low,direct_trustllm_heuristic,,,0.0,,direct_trustllm_heuristic
0.0,0.0,FEVER,primary_construction,general,1.0,internal_constructed_evaluation,1.0,0.639,1.0,neutral,1.0,fever_126100::boundary_hard,0.0,meta-llama/Llama-3.2-1B-Instruct,0.0,partial_quality,True,False,False,NOT ENOUGH INFO,,low,generic_cale,1.0,,0.0,1.0,generic_cale
0.0,0.0,FEVER,primary_construction,general,1.0,internal_constructed_evaluation,1.0,0.639,1.0,neutral,1.0,fever_126100::boundary_hard,0.0,meta-llama/Llama-3.2-1B-Instruct,0.0,partial_quality,True,False,False,NOT ENOUGH INFO,,low,attack_aware_cale,1.0,,0.0,1.0,attack_aware_cale
0.0,0.0,FEVER,primary_construction,general,1.0,internal_constructed_evaluation,1.0,0.639,1.0,neutral,1.0,fever_126100::boundary_hard,0.0,meta-llama/Llama-3.2-1B-Instruct,0.0,partial_quality,True,False,False,NOT ENOUGH INFO,,low,full_attack_aware_cale,1.0,,0.0,1.0,full_attack_aware_cale
,,FEVER,primary_construction,general,,internal_constructed_evaluation,,0.96,,neutral,,fever_126009::boundary_hard,,meta-llama/Llama-3.2-1B-Instruct,,high_quality,False,True,False,REFUTES,,low,direct_trustllm_heuristic,,,0.0,,direct_trustllm_heuristic
1.0,1.0,FEVER,primary_construction,general,1.0,internal_constructed_evaluation,0.0,0.777,1.0,neutral,1.0,fever_126009::boundary_hard,0.0,meta-llama/Llama-3.2-1B-Instruct,,partial_quality,False,True,False,REFUTES,1.0,low,generic_cale,1.0,,0.0,1.0,generic_cale
1.0,1.0,FEVER,primary_construction,general,1.0,internal_constructed_evaluation,1.0,0.868,1.0,neutral,1.0,fever_126009::boundary_hard,0.0,meta-llama/Llama-3.2-1B-Instruct,,high_quality,False,True,False,REFUTES,1.0,low,attack_aware_cale,1.0,,0.0,1.0,attack_aware_cale
1.0,1.0,FEVER,primary_construction,general,1.0,internal_constructed_evaluation,1.0,0.868,1.0,neutral,1.0,fever_126009::boundary_hard,0.0,meta-llama/Llama-3.2-1B-Instruct,,high_quality,False,True,False,REFUTES,1.0,low,full_attack_aware_cale,1.0,,0.0,1.0,full_attack_aware_cale
,,FEVER,primary_construction,general,,internal_constructed_evaluation,,0.608,,neutral,,fever_125836::boundary_hard,,meta-llama/Llama-3.2-1B-Instruct,,partial_quality,True,False,False,NOT ENOUGH INFO,,low,direct_trustllm_heuristic,,,0.0,,direct_trustllm_heuristic
0.0,0.0,FEVER,primary_construction,general,1.0,internal_constructed_evaluation,0.0,0.538,1.0,neutral,1.0,fever_125836::boundary_hard,1.0,meta-llama/Llama-3.2-1B-Instruct,0.0,partial_quality,True,False,False,NOT ENOUGH INFO,,low,generic_cale,0.0,,0.0,1.0,generic_cale
0.0,0.0,FEVER,primary_construction,general,1.0,internal_constructed_evaluation,0.0,0.538,1.0,neutral,1.0,fever_125836::boundary_hard,1.0,meta-llama/Llama-3.2-1B-Instruct,0.0,partial_quality,True,False,False,NOT ENOUGH INFO,,low,attack_aware_cale,0.0,,0.0,1.0,attack_aware_cale
0.0,0.0,FEVER,primary_construction,general,1.0,internal_constructed_evaluation,0.0,0.538,1.0,neutral,1.0,fever_125836::boundary_hard,1.0,meta-llama/Llama-3.2-1B-Instruct,0.0,partial_quality,True,False,False,NOT ENOUGH INFO,,low,full_attack_aware_cale,0.0,,0.0,1.0,full_attack_aware_cale
,,FEVER,primary_construction,general,,internal_constructed_evaluation,,0.96,,neutral,,fever_125695::boundary_hard,,meta-llama/Llama-3.2-1B-Instruct,,high_quality,False,True,False,REFUTES,,low,direct_trustllm_heuristic,,,0.0,,direct_trustllm_heuristic
1.0,1.0,FEVER,primary_construction,general,1.0,internal_constructed_evaluation,1.0,0.96,1.0,neutral,1.0,fever_125695::boundary_hard,1.0,meta-llama/Llama-3.2-1B-Instruct,,high_quality,False,True,False,REFUTES,1.0,low,generic_cale,1.0,,0.0,1.0,generic_cale
1.0,1.0,FEVER,primary_construction,general,1.0,internal_constructed_evaluation,1.0,0.96,1.0,neutral,1.0,fever_125695::boundary_hard,1.0,meta-llama/Llama-3.2-1B-Instruct,,high_quality,False,True,False,REFUTES,1.0,low,attack_aware_cale,1.0,,0.0,1.0,attack_aware_cale
1.0,1.0,FEVER,primary_construction,general,1.0,internal_constructed_evaluation,1.0,0.96,1.0,neutral,1.0,fever_125695::boundary_hard,1.0,meta-llama/Llama-3.2-1B-Instruct,,high_quality,False,True,False,REFUTES,1.0,low,full_attack_aware_cale,1.0,,0.0,1.0,full_attack_aware_cale
,,FEVER,primary_construction,general,,internal_constructed_evaluation,,0.96,,neutral,,fever_125557::boundary_hard,,meta-llama/Llama-3.2-1B-Instruct,,high_quality,False,False,True,SUPPORTS,,low,direct_trustllm_heuristic,,,0.0,,direct_trustllm_heuristic
0.0,0.0,FEVER,primary_construction,general,1.0,internal_constructed_evaluation,0.0,0.447,1.0,neutral,1.0,fever_125557::boundary_hard,0.0,meta-llama/Llama-3.2-1B-Instruct,,indeterminate_quality,False,False,True,SUPPORTS,,low,generic_cale,0.0,1.0,0.0,1.0,generic_cale
0.0,0.0,FEVER,primary_construction,general,1.0,internal_constructed_evaluation,0.0,0.547,1.0,neutral,1.0,fever_125557::boundary_hard,0.0,meta-llama/Llama-3.2-1B-Instruct,,partial_quality,False,False,True,SUPPORTS,,low,attack_aware_cale,1.0,1.0,0.0,1.0,attack_aware_cale
0.6,0.0,FEVER,primary_construction,general,1.0,internal_constructed_evaluation,0.6,0.657,1.0,neutral,1.0,fever_125557::boundary_hard,0.0,meta-llama/Llama-3.2-1B-Instruct,,partial_quality,False,False,True,SUPPORTS,,low,full_attack_aware_cale,1.0,0.4,0.09,1.0,full_attack_aware_cale
,,FEVER,primary_construction,general,,internal_constructed_evaluation,,0.96,,neutral,,fever_131295::boundary_hard,,meta-llama/Llama-3.2-1B-Instruct,,high_quality,False,True,False,REFUTES,,low,direct_trustllm_heuristic,,,0.0,,direct_trustllm_heuristic
1.0,1.0,FEVER,primary_construction,general,1.0,internal_constructed_evaluation,1.0,0.96,1.0,neutral,1.0,fever_131295::boundary_hard,1.0,meta-llama/Llama-3.2-1B-Instruct,,high_quality,False,True,False,REFUTES,1.0,low,generic_cale,1.0,,0.0,1.0,generic_cale
1.0,1.0,FEVER,primary_construction,general,1.0,internal_constructed_evaluation,1.0,0.96,1.0,neutral,1.0,fever_131295::boundary_hard,1.0,meta-llama/Llama-3.2-1B-Instruct,,high_quality,False,True,False,REFUTES,1.0,low,attack_aware_cale,1.0,,0.0,1.0,attack_aware_cale
1.0,1.0,FEVER,primary_construction,general,1.0,internal_constructed_evaluation,1.0,0.96,1.0,neutral,1.0,fever_131295::boundary_hard,1.0,meta-llama/Llama-3.2-1B-Instruct,,high_quality,False,True,False,REFUTES,1.0,low,full_attack_aware_cale,1.0,,0.0,1.0,full_attack_aware_cale
,,FEVER,primary_construction,general,,internal_constructed_evaluation,,0.784,,neutral,,fever_131422::boundary_hard,,meta-llama/Llama-3.2-1B-Instruct,,high_quality,False,True,False,REFUTES,,low,direct_trustllm_heuristic,,,0.0,,direct_trustllm_heuristic
0.0,0.0,FEVER,primary_construction,general,1.0,internal_constructed_evaluation,1.0,0.639,1.0,neutral,1.0,fever_131422::boundary_hard,0.0,meta-llama/Llama-3.2-1B-Instruct,,partial_quality,False,True,False,REFUTES,1.0,low,generic_cale,1.0,,0.0,1.0,generic_cale
0.0,0.0,FEVER,primary_construction,general,1.0,internal_constructed_evaluation,1.0,0.639,1.0,neutral,1.0,fever_131422::boundary_hard,0.0,meta-llama/Llama-3.2-1B-Instruct,,partial_quality,False,True,False,REFUTES,1.0,low,attack_aware_cale,1.0,,0.0,1.0,attack_aware_cale
0.0,0.0,FEVER,primary_construction,general,1.0,internal_constructed_evaluation,1.0,0.639,1.0,neutral,1.0,fever_131422::boundary_hard,0.0,meta-llama/Llama-3.2-1B-Instruct,,partial_quality,False,True,False,REFUTES,1.0,low,full_attack_aware_cale,1.0,,0.0,1.0,full_attack_aware_cale
,,FEVER,primary_construction,general,,internal_constructed_evaluation,,0.784,,neutral,,fever_131931::boundary_hard,,meta-llama/Llama-3.2-1B-Instruct,,high_quality,False,False,True,SUPPORTS,,low,direct_trustllm_heuristic,,,0.0,,direct_trustllm_heuristic
1.0,0.0,FEVER,primary_construction,general,1.0,internal_constructed_evaluation,1.0,0.823,1.0,neutral,1.0,fever_131931::boundary_hard,1.0,meta-llama/Llama-3.2-1B-Instruct,,high_quality,False,False,True,SUPPORTS,,low,generic_cale,1.0,0.0,0.0,1.0,generic_cale
1.0,0.0,FEVER,primary_construction,general,1.0,internal_constructed_evaluation,1.0,0.823,1.0,neutral,1.0,fever_131931::boundary_hard,1.0,meta-llama/Llama-3.2-1B-Instruct,,high_quality,False,False,True,SUPPORTS,,low,attack_aware_cale,1.0,0.0,0.0,1.0,attack_aware_cale
1.0,0.0,FEVER,primary_construction,general,1.0,internal_constructed_evaluation,1.0,0.823,1.0,neutral,1.0,fever_131931::boundary_hard,1.0,meta-llama/Llama-3.2-1B-Instruct,,high_quality,False,False,True,SUPPORTS,,low,full_attack_aware_cale,1.0,0.0,0.0,1.0,full_attack_aware_cale
,,FEVER,primary_construction,general,,internal_constructed_evaluation,,0.96,,neutral,,fever_138047::boundary_hard,,meta-llama/Llama-3.2-1B-Instruct,,high_quality,False,True,False,REFUTES,,low,direct_trustllm_heuristic,,,0.0,,direct_trustllm_heuristic
1.0,0.0,FEVER,primary_construction,general,1.0,internal_constructed_evaluation,0.0,0.63,1.0,neutral,1.0,fever_138047::boundary_hard,1.0,meta-llama/Llama-3.2-1B-Instruct,,partial_quality,False,True,False,REFUTES,1.0,low,generic_cale,0.0,,0.0,1.0,generic_cale
1.0,0.0,FEVER,primary_construction,general,1.0,internal_constructed_evaluation,1.0,0.823,1.0,neutral,1.0,fever_138047::boundary_hard,1.0,meta-llama/Llama-3.2-1B-Instruct,,high_quality,False,True,False,REFUTES,1.0,low,attack_aware_cale,1.0,,0.0,1.0,attack_aware_cale
1.0,0.0,FEVER,primary_construction,general,1.0,internal_constructed_evaluation,1.0,0.823,1.0,neutral,1.0,fever_138047::boundary_hard,1.0,meta-llama/Llama-3.2-1B-Instruct,,high_quality,False,True,False,REFUTES,1.0,low,full_attack_aware_cale,1.0,,0.0,1.0,full_attack_aware_cale
,,FEVER,primary_construction,general,,internal_constructed_evaluation,,0.784,,neutral,,fever_137741::boundary_hard,,meta-llama/Llama-3.2-1B-Instruct,,high_quality,False,True,False,REFUTES,,low,direct_trustllm_heuristic,,,0.0,,direct_trustllm_heuristic
1.0,1.0,FEVER,primary_construction,general,0.0,internal_constructed_evaluation,0.0,0.492,0.0,neutral,1.0,fever_137741::boundary_hard,0.0,meta-llama/Llama-3.2-1B-Instruct,,partial_quality,False,True,False,REFUTES,1.0,low,generic_cale,0.0,,0.0,1.0,generic_cale
1.0,1.0,FEVER,primary_construction,general,0.0,internal_constructed_evaluation,1.0,0.584,0.0,neutral,1.0,fever_137741::boundary_hard,0.0,meta-llama/Llama-3.2-1B-Instruct,,partial_quality,False,True,False,REFUTES,1.0,low,attack_aware_cale,0.0,,0.0,1.0,attack_aware_cale
1.0,1.0,FEVER,primary_construction,general,0.0,internal_constructed_evaluation,1.0,0.584,0.0,neutral,1.0,fever_137741::boundary_hard,0.0,meta-llama/Llama-3.2-1B-Instruct,,partial_quality,False,True,False,REFUTES,1.0,low,full_attack_aware_cale,0.0,,0.0,1.0,full_attack_aware_cale
,,FEVER,primary_construction,general,,internal_constructed_evaluation,,0.96,,neutral,,fever_32687::boundary_hard,,meta-llama/Llama-3.2-1B-Instruct,,high_quality,False,True,False,REFUTES,,low,direct_trustllm_heuristic,,,0.0,,direct_trustllm_heuristic
1.0,1.0,FEVER,primary_construction,general,1.0,internal_constructed_evaluation,1.0,0.96,1.0,neutral,1.0,fever_32687::boundary_hard,1.0,meta-llama/Llama-3.2-1B-Instruct,,high_quality,False,True,False,REFUTES,1.0,low,generic_cale,1.0,,0.0,1.0,generic_cale
1.0,1.0,FEVER,primary_construction,general,1.0,internal_constructed_evaluation,1.0,0.96,1.0,neutral,1.0,fever_32687::boundary_hard,1.0,meta-llama/Llama-3.2-1B-Instruct,,high_quality,False,True,False,REFUTES,1.0,low,attack_aware_cale,1.0,,0.0,1.0,attack_aware_cale
1.0,1.0,FEVER,primary_construction,general,1.0,internal_constructed_evaluation,1.0,0.96,1.0,neutral,1.0,fever_32687::boundary_hard,1.0,meta-llama/Llama-3.2-1B-Instruct,,high_quality,False,True,False,REFUTES,1.0,low,full_attack_aware_cale,1.0,,0.0,1.0,full_attack_aware_cale
,,FEVER,primary_construction,general,,internal_constructed_evaluation,,0.432,,neutral,,fever_120210::boundary_hard,,meta-llama/Llama-3.2-1B-Instruct,,indeterminate_quality,False,True,False,REFUTES,,low,direct_trustllm_heuristic,,,0.0,,direct_trustllm_heuristic
0.0,0.0,FEVER,primary_construction,general,1.0,internal_constructed_evaluation,0.0,0.447,1.0,neutral,1.0,fever_120210::boundary_hard,0.0,meta-llama/Llama-3.2-1B-Instruct,,indeterminate_quality,False,True,False,REFUTES,1.0,low,generic_cale,0.0,,0.0,1.0,generic_cale
0.0,0.0,FEVER,primary_construction,general,1.0,internal_constructed_evaluation,0.0,0.447,1.0,neutral,1.0,fever_120210::boundary_hard,0.0,meta-llama/Llama-3.2-1B-Instruct,,indeterminate_quality,False,True,False,REFUTES,1.0,low,attack_aware_cale,0.0,,0.0,1.0,attack_aware_cale
0.0,0.0,FEVER,primary_construction,general,1.0,internal_constructed_evaluation,0.0,0.447,1.0,neutral,1.0,fever_120210::boundary_hard,0.0,meta-llama/Llama-3.2-1B-Instruct,,indeterminate_quality,False,True,False,REFUTES,1.0,low,full_attack_aware_cale,0.0,,0.0,1.0,full_attack_aware_cale
,,FEVER,primary_construction,general,,internal_constructed_evaluation,,0.96,,neutral,,fever_54142::boundary_hard,,meta-llama/Llama-3.2-1B-Instruct,,high_quality,False,True,False,REFUTES,,low,direct_trustllm_heuristic,,,0.0,,direct_trustllm_heuristic
1.0,1.0,FEVER,primary_construction,general,1.0,internal_constructed_evaluation,1.0,0.96,1.0,neutral,1.0,fever_54142::boundary_hard,1.0,meta-llama/Llama-3.2-1B-Instruct,,high_quality,False,True,False,REFUTES,1.0,low,generic_cale,1.0,,0.0,1.0,generic_cale
1.0,1.0,FEVER,primary_construction,general,1.0,internal_constructed_evaluation,1.0,0.96,1.0,neutral,1.0,fever_54142::boundary_hard,1.0,meta-llama/Llama-3.2-1B-Instruct,,high_quality,False,True,False,REFUTES,1.0,low,attack_aware_cale,1.0,,0.0,1.0,attack_aware_cale
1.0,1.0,FEVER,primary_construction,general,1.0,internal_constructed_evaluation,1.0,0.96,1.0,neutral,1.0,fever_54142::boundary_hard,1.0,meta-llama/Llama-3.2-1B-Instruct,,high_quality,False,True,False,REFUTES,1.0,low,full_attack_aware_cale,1.0,,0.0,1.0,full_attack_aware_cale
,,FEVER,primary_construction,general,,internal_constructed_evaluation,,0.96,,neutral,,fever_51098::boundary_hard,,meta-llama/Llama-3.2-1B-Instruct,,high_quality,False,True,False,REFUTES,,low,direct_trustllm_heuristic,,,0.0,,direct_trustllm_heuristic
1.0,1.0,FEVER,primary_construction,general,1.0,internal_constructed_evaluation,0.0,0.777,1.0,neutral,1.0,fever_51098::boundary_hard,0.0,meta-llama/Llama-3.2-1B-Instruct,,partial_quality,False,True,False,REFUTES,1.0,low,generic_cale,1.0,,0.0,1.0,generic_cale
1.0,1.0,FEVER,primary_construction,general,1.0,internal_constructed_evaluation,1.0,0.868,1.0,neutral,1.0,fever_51098::boundary_hard,0.0,meta-llama/Llama-3.2-1B-Instruct,,high_quality,False,True,False,REFUTES,1.0,low,attack_aware_cale,1.0,,0.0,1.0,attack_aware_cale
1.0,1.0,FEVER,primary_construction,general,1.0,internal_constructed_evaluation,1.0,0.868,1.0,neutral,1.0,fever_51098::boundary_hard,0.0,meta-llama/Llama-3.2-1B-Instruct,,high_quality,False,True,False,REFUTES,1.0,low,full_attack_aware_cale,1.0,,0.0,1.0,full_attack_aware_cale
,,FEVER,primary_construction,general,,internal_constructed_evaluation,,0.784,,neutral,,fever_49268::boundary_hard,,meta-llama/Llama-3.2-1B-Instruct,,high_quality,False,True,False,REFUTES,,low,direct_trustllm_heuristic,,,0.0,,direct_trustllm_heuristic
1.0,1.0,FEVER,primary_construction,general,0.0,internal_constructed_evaluation,1.0,0.584,0.0,neutral,1.0,fever_49268::boundary_hard,0.0,meta-llama/Llama-3.2-1B-Instruct,,partial_quality,False,True,False,REFUTES,1.0,low,generic_cale,0.0,,0.0,1.0,generic_cale
1.0,1.0,FEVER,primary_construction,general,0.0,internal_constructed_evaluation,1.0,0.584,0.0,neutral,1.0,fever_49268::boundary_hard,0.0,meta-llama/Llama-3.2-1B-Instruct,,partial_quality,False,True,False,REFUTES,1.0,low,attack_aware_cale,0.0,,0.0,1.0,attack_aware_cale
1.0,1.0,FEVER,primary_construction,general,0.0,internal_constructed_evaluation,1.0,0.584,0.0,neutral,1.0,fever_49268::boundary_hard,0.0,meta-llama/Llama-3.2-1B-Instruct,,partial_quality,False,True,False,REFUTES,1.0,low,full_attack_aware_cale,0.0,,0.0,1.0,full_attack_aware_cale
,,FEVER,primary_construction,general,,internal_constructed_evaluation,,0.96,,neutral,,fever_118810::boundary_hard,,meta-llama/Llama-3.2-1B-Instruct,,high_quality,False,True,False,REFUTES,,low,direct_trustllm_heuristic,,,0.0,,direct_trustllm_heuristic
1.0,0.0,FEVER,primary_construction,general,1.0,internal_constructed_evaluation,1.0,0.823,1.0,neutral,1.0,fever_118810::boundary_hard,1.0,meta-llama/Llama-3.2-1B-Instruct,,high_quality,False,True,False,REFUTES,1.0,low,generic_cale,1.0,,0.0,1.0,generic_cale
1.0,0.0,FEVER,primary_construction,general,1.0,internal_constructed_evaluation,1.0,0.823,1.0,neutral,1.0,fever_118810::boundary_hard,1.0,meta-llama/Llama-3.2-1B-Instruct,,high_quality,False,True,False,REFUTES,1.0,low,attack_aware_cale,1.0,,0.0,1.0,attack_aware_cale
1.0,0.0,FEVER,primary_construction,general,1.0,internal_constructed_evaluation,1.0,0.823,1.0,neutral,1.0,fever_118810::boundary_hard,1.0,meta-llama/Llama-3.2-1B-Instruct,,high_quality,False,True,False,REFUTES,1.0,low,full_attack_aware_cale,1.0,,0.0,1.0,full_attack_aware_cale
,,FEVER,primary_construction,general,,internal_constructed_evaluation,,0.784,,neutral,,fever_108281::boundary_hard,,meta-llama/Llama-3.2-1B-Instruct,,high_quality,False,True,False,REFUTES,,low,direct_trustllm_heuristic,,,0.0,,direct_trustllm_heuristic
0.0,0.0,FEVER,primary_construction,general,1.0,internal_constructed_evaluation,1.0,0.639,1.0,neutral,1.0,fever_108281::boundary_hard,0.0,meta-llama/Llama-3.2-1B-Instruct,,partial_quality,False,True,False,REFUTES,1.0,low,generic_cale,1.0,,0.0,1.0,generic_cale
0.0,0.0,FEVER,primary_construction,general,1.0,internal_constructed_evaluation,1.0,0.639,1.0,neutral,1.0,fever_108281::boundary_hard,0.0,meta-llama/Llama-3.2-1B-Instruct,,partial_quality,False,True,False,REFUTES,1.0,low,attack_aware_cale,1.0,,0.0,1.0,attack_aware_cale
0.2,0.0,FEVER,primary_construction,general,1.0,internal_constructed_evaluation,1.0,0.657,1.0,neutral,1.0,fever_108281::boundary_hard,0.0,meta-llama/Llama-3.2-1B-Instruct,,partial_quality,False,True,False,REFUTES,1.0,low,full_attack_aware_cale,1.0,,0.037,1.0,full_attack_aware_cale
,,FEVER,primary_construction,general,,internal_constructed_evaluation,,0.96,,neutral,,fever_108202::boundary_hard,,meta-llama/Llama-3.2-1B-Instruct,,high_quality,False,True,False,REFUTES,,low,direct_trustllm_heuristic,,,0.0,,direct_trustllm_heuristic
1.0,0.0,FEVER,primary_construction,general,1.0,internal_constructed_evaluation,0.0,0.639,1.0,neutral,1.0,fever_108202::boundary_hard,0.0,meta-llama/Llama-3.2-1B-Instruct,,partial_quality,False,True,False,REFUTES,1.0,low,generic_cale,1.0,,0.0,1.0,generic_cale
1.0,0.0,FEVER,primary_construction,general,1.0,internal_constructed_evaluation,1.0,0.731,1.0,neutral,1.0,fever_108202::boundary_hard,0.0,meta-llama/Llama-3.2-1B-Instruct,,partial_quality,False,True,False,REFUTES,1.0,low,attack_aware_cale,1.0,,0.0,1.0,attack_aware_cale
1.0,0.6,FEVER,primary_construction,general,1.0,internal_constructed_evaluation,1.0,0.813,1.0,neutral,1.0,fever_108202::boundary_hard,0.0,meta-llama/Llama-3.2-1B-Instruct,,high_quality,False,True,False,REFUTES,1.0,low,full_attack_aware_cale,1.0,,0.067,1.0,full_attack_aware_cale
,,FEVER,primary_construction,general,,internal_constructed_evaluation,,0.96,,neutral,,fever_184083::boundary_hard,,meta-llama/Llama-3.2-1B-Instruct,,high_quality,False,False,True,SUPPORTS,,low,direct_trustllm_heuristic,,,0.0,,direct_trustllm_heuristic
1.0,1.0,FEVER,primary_construction,general,1.0,internal_constructed_evaluation,1.0,0.868,1.0,neutral,1.0,fever_184083::boundary_hard,0.0,meta-llama/Llama-3.2-1B-Instruct,,high_quality,False,False,True,SUPPORTS,,low,generic_cale,1.0,0.0,0.0,1.0,generic_cale
1.0,1.0,FEVER,primary_construction,general,1.0,internal_constructed_evaluation,1.0,0.868,1.0,neutral,1.0,fever_184083::boundary_hard,0.0,meta-llama/Llama-3.2-1B-Instruct,,high_quality,False,False,True,SUPPORTS,,low,attack_aware_cale,1.0,0.0,0.0,1.0,attack_aware_cale
1.0,1.0,FEVER,primary_construction,general,1.0,internal_constructed_evaluation,1.0,0.868,1.0,neutral,1.0,fever_184083::boundary_hard,0.0,meta-llama/Llama-3.2-1B-Instruct,,high_quality,False,False,True,SUPPORTS,,low,full_attack_aware_cale,1.0,0.0,0.0,1.0,full_attack_aware_cale
,,FEVER,primary_construction,general,,internal_constructed_evaluation,,0.96,,neutral,,fever_108003::boundary_hard,,meta-llama/Llama-3.2-1B-Instruct,,high_quality,False,True,False,REFUTES,,low,direct_trustllm_heuristic,,,0.0,,direct_trustllm_heuristic
1.0,1.0,FEVER,primary_construction,general,1.0,internal_constructed_evaluation,1.0,0.868,1.0,neutral,1.0,fever_108003::boundary_hard,0.0,meta-llama/Llama-3.2-1B-Instruct,,high_quality,False,True,False,REFUTES,1.0,low,generic_cale,1.0,,0.0,1.0,generic_cale
1.0,1.0,FEVER,primary_construction,general,1.0,internal_constructed_evaluation,1.0,0.868,1.0,neutral,1.0,fever_108003::boundary_hard,0.0,meta-llama/Llama-3.2-1B-Instruct,,high_quality,False,True,False,REFUTES,1.0,low,attack_aware_cale,1.0,,0.0,1.0,attack_aware_cale
1.0,1.0,FEVER,primary_construction,general,1.0,internal_constructed_evaluation,1.0,0.868,1.0,neutral,1.0,fever_108003::boundary_hard,0.0,meta-llama/Llama-3.2-1B-Instruct,,high_quality,False,True,False,REFUTES,1.0,low,full_attack_aware_cale,1.0,,0.0,1.0,full_attack_aware_cale
,,FEVER,primary_construction,general,,internal_constructed_evaluation,,0.784,,neutral,,fever_102875::boundary_hard,,meta-llama/Llama-3.2-1B-Instruct,,high_quality,False,True,False,REFUTES,,low,direct_trustllm_heuristic,,,0.0,,direct_trustllm_heuristic
0.0,0.0,FEVER,primary_construction,general,1.0,internal_constructed_evaluation,1.0,0.639,1.0,neutral,1.0,fever_102875::boundary_hard,0.0,meta-llama/Llama-3.2-1B-Instruct,,partial_quality,False,True,False,REFUTES,1.0,low,generic_cale,1.0,,0.0,1.0,generic_cale
0.0,0.0,FEVER,primary_construction,general,1.0,internal_constructed_evaluation,1.0,0.639,1.0,neutral,1.0,fever_102875::boundary_hard,0.0,meta-llama/Llama-3.2-1B-Instruct,,partial_quality,False,True,False,REFUTES,1.0,low,attack_aware_cale,1.0,,0.0,1.0,attack_aware_cale
0.2,0.0,FEVER,primary_construction,general,1.0,internal_constructed_evaluation,1.0,0.657,1.0,neutral,1.0,fever_102875::boundary_hard,0.0,meta-llama/Llama-3.2-1B-Instruct,,partial_quality,False,True,False,REFUTES,1.0,low,full_attack_aware_cale,1.0,,0.037,1.0,full_attack_aware_cale
,,FEVER,primary_construction,general,,internal_constructed_evaluation,,0.96,,neutral,,fever_93250::boundary_hard,,Qwen/Qwen2.5-1.5B-Instruct,,high_quality,False,True,False,REFUTES,,low,direct_trustllm_heuristic,,,0.0,,direct_trustllm_heuristic
1.0,0.0,FEVER,primary_construction,general,1.0,internal_constructed_evaluation,1.0,0.823,1.0,neutral,1.0,fever_93250::boundary_hard,1.0,Qwen/Qwen2.5-1.5B-Instruct,,high_quality,False,True,False,REFUTES,1.0,low,generic_cale,1.0,,0.0,1.0,generic_cale
1.0,0.0,FEVER,primary_construction,general,1.0,internal_constructed_evaluation,1.0,0.823,1.0,neutral,1.0,fever_93250::boundary_hard,1.0,Qwen/Qwen2.5-1.5B-Instruct,,high_quality,False,True,False,REFUTES,1.0,low,attack_aware_cale,1.0,,0.0,1.0,attack_aware_cale
1.0,0.0,FEVER,primary_construction,general,1.0,internal_constructed_evaluation,1.0,0.823,1.0,neutral,1.0,fever_93250::boundary_hard,1.0,Qwen/Qwen2.5-1.5B-Instruct,,high_quality,False,True,False,REFUTES,1.0,low,full_attack_aware_cale,1.0,,0.0,1.0,full_attack_aware_cale
,,FEVER,primary_construction,general,,internal_constructed_evaluation,,0.608,,neutral,,fever_138103::boundary_hard,,meta-llama/Llama-3.2-1B-Instruct,,partial_quality,True,False,False,NOT ENOUGH INFO,,low,direct_trustllm_heuristic,,,0.0,,direct_trustllm_heuristic
0.0,0.0,FEVER,primary_construction,general,1.0,internal_constructed_evaluation,0.0,0.447,1.0,neutral,1.0,fever_138103::boundary_hard,0.0,meta-llama/Llama-3.2-1B-Instruct,0.0,indeterminate_quality,True,False,False,NOT ENOUGH INFO,,low,generic_cale,0.0,,0.0,1.0,generic_cale
0.0,0.0,FEVER,primary_construction,general,1.0,internal_constructed_evaluation,0.0,0.447,1.0,neutral,1.0,fever_138103::boundary_hard,0.0,meta-llama/Llama-3.2-1B-Instruct,0.0,indeterminate_quality,True,False,False,NOT ENOUGH INFO,,low,attack_aware_cale,0.0,,0.0,1.0,attack_aware_cale
0.0,0.0,FEVER,primary_construction,general,1.0,internal_constructed_evaluation,0.0,0.447,1.0,neutral,1.0,fever_138103::boundary_hard,0.0,meta-llama/Llama-3.2-1B-Instruct,0.0,indeterminate_quality,True,False,False,NOT ENOUGH INFO,,low,full_attack_aware_cale,0.0,,0.0,1.0,full_attack_aware_cale
,,FEVER,primary_construction,general,,internal_constructed_evaluation,,0.608,,neutral,,fever_80124::boundary_hard,,meta-llama/Llama-3.2-1B-Instruct,,partial_quality,True,False,False,NOT ENOUGH INFO,,low,direct_trustllm_heuristic,,,0.0,,direct_trustllm_heuristic
0.0,0.0,FEVER,primary_construction,general,1.0,internal_constructed_evaluation,1.0,0.731,1.0,neutral,1.0,fever_80124::boundary_hard,1.0,meta-llama/Llama-3.2-1B-Instruct,0.0,partial_quality,True,False,False,NOT ENOUGH INFO,,low,generic_cale,1.0,,0.0,1.0,generic_cale
0.0,0.0,FEVER,primary_construction,general,1.0,internal_constructed_evaluation,1.0,0.731,1.0,neutral,1.0,fever_80124::boundary_hard,1.0,meta-llama/Llama-3.2-1B-Instruct,0.0,partial_quality,True,False,False,NOT ENOUGH INFO,,low,attack_aware_cale,1.0,,0.0,1.0,attack_aware_cale
0.0,0.0,FEVER,primary_construction,general,1.0,internal_constructed_evaluation,1.0,0.731,1.0,neutral,1.0,fever_80124::boundary_hard,1.0,meta-llama/Llama-3.2-1B-Instruct,0.0,partial_quality,True,False,False,NOT ENOUGH INFO,,low,full_attack_aware_cale,1.0,,0.0,1.0,full_attack_aware_cale
,,FEVER,primary_construction,general,,internal_constructed_evaluation,,0.96,,neutral,,fever_211286::boundary_hard,,Qwen/Qwen2.5-1.5B-Instruct,,high_quality,False,False,True,SUPPORTS,,low,direct_trustllm_heuristic,,,0.0,,direct_trustllm_heuristic
1.0,1.0,FEVER,primary_construction,general,1.0,internal_constructed_evaluation,1.0,0.96,1.0,neutral,1.0,fever_211286::boundary_hard,1.0,Qwen/Qwen2.5-1.5B-Instruct,,high_quality,False,False,True,SUPPORTS,,low,generic_cale,1.0,0.0,0.0,1.0,generic_cale
1.0,1.0,FEVER,primary_construction,general,1.0,internal_constructed_evaluation,1.0,0.96,1.0,neutral,1.0,fever_211286::boundary_hard,1.0,Qwen/Qwen2.5-1.5B-Instruct,,high_quality,False,False,True,SUPPORTS,,low,attack_aware_cale,1.0,0.0,0.0,1.0,attack_aware_cale
1.0,1.0,FEVER,primary_construction,general,1.0,internal_constructed_evaluation,1.0,0.96,1.0,neutral,1.0,fever_211286::boundary_hard,1.0,Qwen/Qwen2.5-1.5B-Instruct,,high_quality,False,False,True,SUPPORTS,,low,full_attack_aware_cale,1.0,0.0,0.0,1.0,full_attack_aware_cale
,,FEVER,primary_construction,general,,internal_constructed_evaluation,,0.96,,neutral,,fever_97739::boundary_hard,,meta-llama/Llama-3.2-1B-Instruct,,high_quality,False,False,True,SUPPORTS,,low,direct_trustllm_heuristic,,,0.0,,direct_trustllm_heuristic
1.0,1.0,FEVER,primary_construction,general,1.0,internal_constructed_evaluation,1.0,0.868,1.0,neutral,1.0,fever_97739::boundary_hard,0.0,meta-llama/Llama-3.2-1B-Instruct,,high_quality,False,False,True,SUPPORTS,,low,generic_cale,1.0,0.0,0.0,1.0,generic_cale
1.0,1.0,FEVER,primary_construction,general,1.0,internal_constructed_evaluation,1.0,0.868,1.0,neutral,1.0,fever_97739::boundary_hard,0.0,meta-llama/Llama-3.2-1B-Instruct,,high_quality,False,False,True,SUPPORTS,,low,attack_aware_cale,1.0,0.0,0.0,1.0,attack_aware_cale
1.0,1.0,FEVER,primary_construction,general,1.0,internal_constructed_evaluation,1.0,0.868,1.0,neutral,1.0,fever_97739::boundary_hard,0.0,meta-llama/Llama-3.2-1B-Instruct,,high_quality,False,False,True,SUPPORTS,,low,full_attack_aware_cale,1.0,0.0,0.0,1.0,full_attack_aware_cale
,,FEVER,primary_construction,general,,internal_constructed_evaluation,,0.96,,neutral,,fever_125513::boundary_hard,,Qwen/Qwen2.5-1.5B-Instruct,,high_quality,False,True,False,REFUTES,,low,direct_trustllm_heuristic,,,0.0,,direct_trustllm_heuristic
1.0,1.0,FEVER,primary_construction,general,1.0,internal_constructed_evaluation,1.0,0.868,1.0,neutral,1.0,fever_125513::boundary_hard,0.0,Qwen/Qwen2.5-1.5B-Instruct,,high_quality,False,True,False,REFUTES,1.0,low,generic_cale,1.0,,0.0,1.0,generic_cale
1.0,1.0,FEVER,primary_construction,general,1.0,internal_constructed_evaluation,1.0,0.868,1.0,neutral,1.0,fever_125513::boundary_hard,0.0,Qwen/Qwen2.5-1.5B-Instruct,,high_quality,False,True,False,REFUTES,1.0,low,attack_aware_cale,1.0,,0.0,1.0,attack_aware_cale
1.0,1.0,FEVER,primary_construction,general,1.0,internal_constructed_evaluation,1.0,0.868,1.0,neutral,1.0,fever_125513::boundary_hard,0.0,Qwen/Qwen2.5-1.5B-Instruct,,high_quality,False,True,False,REFUTES,1.0,low,full_attack_aware_cale,1.0,,0.0,1.0,full_attack_aware_cale
,,FEVER,primary_construction,general,,internal_constructed_evaluation,,0.96,,neutral,,fever_127872::boundary_hard,,Qwen/Qwen2.5-1.5B-Instruct,,high_quality,False,True,False,REFUTES,,low,direct_trustllm_heuristic,,,0.0,,direct_trustllm_heuristic
1.0,0.0,FEVER,primary_construction,general,1.0,internal_constructed_evaluation,1.0,0.823,1.0,neutral,1.0,fever_127872::boundary_hard,1.0,Qwen/Qwen2.5-1.5B-Instruct,,high_quality,False,True,False,REFUTES,1.0,low,generic_cale,1.0,,0.0,1.0,generic_cale
1.0,0.0,FEVER,primary_construction,general,1.0,internal_constructed_evaluation,1.0,0.823,1.0,neutral,1.0,fever_127872::boundary_hard,1.0,Qwen/Qwen2.5-1.5B-Instruct,,high_quality,False,True,False,REFUTES,1.0,low,attack_aware_cale,1.0,,0.0,1.0,attack_aware_cale
1.0,0.0,FEVER,primary_construction,general,1.0,internal_constructed_evaluation,1.0,0.823,1.0,neutral,1.0,fever_127872::boundary_hard,1.0,Qwen/Qwen2.5-1.5B-Instruct,,high_quality,False,True,False,REFUTES,1.0,low,full_attack_aware_cale,1.0,,0.0,1.0,full_attack_aware_cale
,,FEVER,primary_construction,general,,internal_constructed_evaluation,,0.96,,neutral,,fever_155413::boundary_hard,,Qwen/Qwen2.5-1.5B-Instruct,,high_quality,False,False,True,SUPPORTS,,low,direct_trustllm_heuristic,,,0.0,,direct_trustllm_heuristic
1.0,0.0,FEVER,primary_construction,general,1.0,internal_constructed_evaluation,1.0,0.823,1.0,neutral,1.0,fever_155413::boundary_hard,1.0,Qwen/Qwen2.5-1.5B-Instruct,,high_quality,False,False,True,SUPPORTS,,low,generic_cale,1.0,0.0,0.0,1.0,generic_cale
1.0,0.0,FEVER,primary_construction,general,1.0,internal_constructed_evaluation,1.0,0.823,1.0,neutral,1.0,fever_155413::boundary_hard,1.0,Qwen/Qwen2.5-1.5B-Instruct,,high_quality,False,False,True,SUPPORTS,,low,attack_aware_cale,1.0,0.0,0.0,1.0,attack_aware_cale
1.0,0.6,FEVER,primary_construction,general,1.0,internal_constructed_evaluation,1.0,0.905,1.0,neutral,1.0,fever_155413::boundary_hard,1.0,Qwen/Qwen2.5-1.5B-Instruct,,high_quality,False,False,True,SUPPORTS,,low,full_attack_aware_cale,1.0,0.0,0.067,1.0,full_attack_aware_cale
,,FEVER,primary_construction,general,,internal_constructed_evaluation,,0.96,,neutral,,fever_70599::boundary_hard,,meta-llama/Llama-3.2-1B-Instruct,,high_quality,False,False,True,SUPPORTS,,low,direct_trustllm_heuristic,,,0.0,,direct_trustllm_heuristic
1.0,1.0,FEVER,primary_construction,general,1.0,internal_constructed_evaluation,0.0,0.777,1.0,neutral,1.0,fever_70599::boundary_hard,0.0,meta-llama/Llama-3.2-1B-Instruct,,partial_quality,False,False,True,SUPPORTS,,low,generic_cale,1.0,0.0,0.0,1.0,generic_cale
1.0,1.0,FEVER,primary_construction,general,1.0,internal_constructed_evaluation,1.0,0.868,1.0,neutral,1.0,fever_70599::boundary_hard,0.0,meta-llama/Llama-3.2-1B-Instruct,,high_quality,False,False,True,SUPPORTS,,low,attack_aware_cale,1.0,0.0,0.0,1.0,attack_aware_cale
1.0,1.0,FEVER,primary_construction,general,1.0,internal_constructed_evaluation,1.0,0.868,1.0,neutral,1.0,fever_70599::boundary_hard,0.0,meta-llama/Llama-3.2-1B-Instruct,,high_quality,False,False,True,SUPPORTS,,low,full_attack_aware_cale,1.0,0.0,0.0,1.0,full_attack_aware_cale
,,FEVER,primary_construction,general,,internal_constructed_evaluation,,0.96,,neutral,,fever_46970::boundary_hard,,meta-llama/Llama-3.2-1B-Instruct,,high_quality,False,True,False,REFUTES,,low,direct_trustllm_heuristic,,,0.0,,direct_trustllm_heuristic
1.0,0.0,FEVER,primary_construction,general,1.0,internal_constructed_evaluation,0.0,0.639,1.0,neutral,1.0,fever_46970::boundary_hard,0.0,meta-llama/Llama-3.2-1B-Instruct,,partial_quality,False,True,False,REFUTES,1.0,low,generic_cale,1.0,,0.0,1.0,generic_cale
1.0,0.0,FEVER,primary_construction,general,1.0,internal_constructed_evaluation,1.0,0.731,1.0,neutral,1.0,fever_46970::boundary_hard,0.0,meta-llama/Llama-3.2-1B-Instruct,,partial_quality,False,True,False,REFUTES,1.0,low,attack_aware_cale,1.0,,0.0,1.0,attack_aware_cale
1.0,0.0,FEVER,primary_construction,general,1.0,internal_constructed_evaluation,1.0,0.731,1.0,neutral,1.0,fever_46970::boundary_hard,0.0,meta-llama/Llama-3.2-1B-Instruct,,partial_quality,False,True,False,REFUTES,1.0,low,full_attack_aware_cale,1.0,,0.0,1.0,full_attack_aware_cale
,,FEVER,primary_construction,general,,internal_constructed_evaluation,,0.608,,neutral,,fever_137482::boundary_hard,,Qwen/Qwen2.5-1.5B-Instruct,,partial_quality,True,False,False,NOT ENOUGH INFO,,low,direct_trustllm_heuristic,,,0.0,,direct_trustllm_heuristic
0.0,0.0,FEVER,primary_construction,general,1.0,internal_constructed_evaluation,0.0,0.447,1.0,neutral,1.0,fever_137482::boundary_hard,0.0,Qwen/Qwen2.5-1.5B-Instruct,0.0,indeterminate_quality,True,False,False,NOT ENOUGH INFO,,low,generic_cale,0.0,,0.0,1.0,generic_cale
0.0,0.0,FEVER,primary_construction,general,1.0,internal_constructed_evaluation,0.0,0.447,1.0,neutral,1.0,fever_137482::boundary_hard,0.0,Qwen/Qwen2.5-1.5B-Instruct,0.0,indeterminate_quality,True,False,False,NOT ENOUGH INFO,,low,attack_aware_cale,0.0,,0.0,1.0,attack_aware_cale
0.0,0.0,FEVER,primary_construction,general,1.0,internal_constructed_evaluation,0.0,0.447,1.0,neutral,1.0,fever_137482::boundary_hard,0.0,Qwen/Qwen2.5-1.5B-Instruct,0.0,indeterminate_quality,True,False,False,NOT ENOUGH INFO,,low,full_attack_aware_cale,0.0,,0.0,1.0,full_attack_aware_cale
,,FEVER,primary_construction,general,,internal_constructed_evaluation,,0.96,,neutral,,fever_63836::boundary_hard,,meta-llama/Llama-3.2-1B-Instruct,,high_quality,False,True,False,REFUTES,,low,direct_trustllm_heuristic,,,0.0,,direct_trustllm_heuristic
1.0,1.0,FEVER,primary_construction,general,1.0,internal_constructed_evaluation,1.0,0.868,1.0,neutral,1.0,fever_63836::boundary_hard,0.0,meta-llama/Llama-3.2-1B-Instruct,,high_quality,False,True,False,REFUTES,1.0,low,generic_cale,1.0,,0.0,1.0,generic_cale
1.0,1.0,FEVER,primary_construction,general,1.0,internal_constructed_evaluation,1.0,0.868,1.0,neutral,1.0,fever_63836::boundary_hard,0.0,meta-llama/Llama-3.2-1B-Instruct,,high_quality,False,True,False,REFUTES,1.0,low,attack_aware_cale,1.0,,0.0,1.0,attack_aware_cale
1.0,1.0,FEVER,primary_construction,general,1.0,internal_constructed_evaluation,1.0,0.868,1.0,neutral,1.0,fever_63836::boundary_hard,0.0,meta-llama/Llama-3.2-1B-Instruct,,high_quality,False,True,False,REFUTES,1.0,low,full_attack_aware_cale,1.0,,0.0,1.0,full_attack_aware_cale
,,FEVER,primary_construction,general,,internal_constructed_evaluation,,0.96,,neutral,,fever_94058::boundary_hard,,Qwen/Qwen2.5-1.5B-Instruct,,high_quality,False,False,True,SUPPORTS,,low,direct_trustllm_heuristic,,,0.0,,direct_trustllm_heuristic
1.0,1.0,FEVER,primary_construction,general,1.0,internal_constructed_evaluation,1.0,0.96,1.0,neutral,1.0,fever_94058::boundary_hard,1.0,Qwen/Qwen2.5-1.5B-Instruct,,high_quality,False,False,True,SUPPORTS,,low,generic_cale,1.0,0.0,0.0,1.0,generic_cale
1.0,1.0,FEVER,primary_construction,general,1.0,internal_constructed_evaluation,1.0,0.96,1.0,neutral,1.0,fever_94058::boundary_hard,1.0,Qwen/Qwen2.5-1.5B-Instruct,,high_quality,False,False,True,SUPPORTS,,low,attack_aware_cale,1.0,0.0,0.0,1.0,attack_aware_cale
1.0,1.0,FEVER,primary_construction,general,1.0,internal_constructed_evaluation,1.0,0.96,1.0,neutral,1.0,fever_94058::boundary_hard,1.0,Qwen/Qwen2.5-1.5B-Instruct,,high_quality,False,False,True,SUPPORTS,,low,full_attack_aware_cale,1.0,0.0,0.0,1.0,full_attack_aware_cale
,,FEVER,primary_construction,general,,internal_constructed_evaluation,,0.96,,neutral,,fever_71853::boundary_hard,,Qwen/Qwen2.5-1.5B-Instruct,,high_quality,False,False,True,SUPPORTS,,low,direct_trustllm_heuristic,,,0.0,,direct_trustllm_heuristic
1.0,1.0,FEVER,primary_construction,general,1.0,internal_constructed_evaluation,1.0,0.868,1.0,neutral,0.0,fever_71853::boundary_hard,1.0,Qwen/Qwen2.5-1.5B-Instruct,,high_quality,False,False,True,SUPPORTS,,low,generic_cale,1.0,0.0,0.0,1.0,generic_cale
1.0,1.0,FEVER,primary_construction,general,1.0,internal_constructed_evaluation,1.0,0.868,1.0,neutral,0.0,fever_71853::boundary_hard,1.0,Qwen/Qwen2.5-1.5B-Instruct,,high_quality,False,False,True,SUPPORTS,,low,attack_aware_cale,1.0,0.0,0.0,1.0,attack_aware_cale
1.0,1.0,FEVER,primary_construction,general,1.0,internal_constructed_evaluation,1.0,0.868,1.0,neutral,0.0,fever_71853::boundary_hard,1.0,Qwen/Qwen2.5-1.5B-Instruct,,high_quality,False,False,True,SUPPORTS,,low,full_attack_aware_cale,1.0,0.0,0.0,1.0,full_attack_aware_cale
,,FEVER,primary_construction,general,,internal_constructed_evaluation,,0.96,,neutral,,fever_63836::boundary_hard,,Qwen/Qwen2.5-1.5B-Instruct,,high_quality,False,True,False,REFUTES,,low,direct_trustllm_heuristic,,,0.0,,direct_trustllm_heuristic
1.0,0.0,FEVER,primary_construction,general,1.0,internal_constructed_evaluation,1.0,0.823,1.0,neutral,1.0,fever_63836::boundary_hard,1.0,Qwen/Qwen2.5-1.5B-Instruct,,high_quality,False,True,False,REFUTES,1.0,low,generic_cale,1.0,,0.0,1.0,generic_cale
1.0,0.0,FEVER,primary_construction,general,1.0,internal_constructed_evaluation,1.0,0.823,1.0,neutral,1.0,fever_63836::boundary_hard,1.0,Qwen/Qwen2.5-1.5B-Instruct,,high_quality,False,True,False,REFUTES,1.0,low,attack_aware_cale,1.0,,0.0,1.0,attack_aware_cale
1.0,0.0,FEVER,primary_construction,general,1.0,internal_constructed_evaluation,1.0,0.823,1.0,neutral,1.0,fever_63836::boundary_hard,1.0,Qwen/Qwen2.5-1.5B-Instruct,,high_quality,False,True,False,REFUTES,1.0,low,full_attack_aware_cale,1.0,,0.0,1.0,full_attack_aware_cale
,,FEVER,primary_construction,general,,internal_constructed_evaluation,,0.96,,neutral,,fever_49706::boundary_hard,,Qwen/Qwen2.5-1.5B-Instruct,,high_quality,False,False,True,SUPPORTS,,low,direct_trustllm_heuristic,,,0.0,,direct_trustllm_heuristic
1.0,0.0,FEVER,primary_construction,general,1.0,internal_constructed_evaluation,1.0,0.823,1.0,neutral,1.0,fever_49706::boundary_hard,1.0,Qwen/Qwen2.5-1.5B-Instruct,,high_quality,False,False,True,SUPPORTS,,low,generic_cale,1.0,0.0,0.0,1.0,generic_cale
1.0,0.0,FEVER,primary_construction,general,1.0,internal_constructed_evaluation,1.0,0.823,1.0,neutral,1.0,fever_49706::boundary_hard,1.0,Qwen/Qwen2.5-1.5B-Instruct,,high_quality,False,False,True,SUPPORTS,,low,attack_aware_cale,1.0,0.0,0.0,1.0,attack_aware_cale
1.0,0.0,FEVER,primary_construction,general,1.0,internal_constructed_evaluation,1.0,0.823,1.0,neutral,1.0,fever_49706::boundary_hard,1.0,Qwen/Qwen2.5-1.5B-Instruct,,high_quality,False,False,True,SUPPORTS,,low,full_attack_aware_cale,1.0,0.0,0.0,1.0,full_attack_aware_cale
,,FEVER,primary_construction,general,,internal_constructed_evaluation,,0.96,,neutral,,fever_130717::boundary_hard,,Qwen/Qwen2.5-1.5B-Instruct,,high_quality,False,False,True,SUPPORTS,,low,direct_trustllm_heuristic,,,0.0,,direct_trustllm_heuristic
1.0,1.0,FEVER,primary_construction,general,1.0,internal_constructed_evaluation,1.0,0.96,1.0,neutral,1.0,fever_130717::boundary_hard,1.0,Qwen/Qwen2.5-1.5B-Instruct,,high_quality,False,False,True,SUPPORTS,,low,generic_cale,1.0,0.0,0.0,1.0,generic_cale
1.0,1.0,FEVER,primary_construction,general,1.0,internal_constructed_evaluation,1.0,0.96,1.0,neutral,1.0,fever_130717::boundary_hard,1.0,Qwen/Qwen2.5-1.5B-Instruct,,high_quality,False,False,True,SUPPORTS,,low,attack_aware_cale,1.0,0.0,0.0,1.0,attack_aware_cale
1.0,1.0,FEVER,primary_construction,general,1.0,internal_constructed_evaluation,1.0,0.96,1.0,neutral,1.0,fever_130717::boundary_hard,1.0,Qwen/Qwen2.5-1.5B-Instruct,,high_quality,False,False,True,SUPPORTS,,low,full_attack_aware_cale,1.0,0.0,0.0,1.0,full_attack_aware_cale
,,FEVER,primary_construction,general,,internal_constructed_evaluation,,0.96,,neutral,,fever_29146::boundary_hard,,Qwen/Qwen2.5-1.5B-Instruct,,high_quality,False,False,True,SUPPORTS,,low,direct_trustllm_heuristic,,,0.0,,direct_trustllm_heuristic
0.0,0.0,FEVER,primary_construction,general,1.0,internal_constructed_evaluation,1.0,0.731,1.0,neutral,1.0,fever_29146::boundary_hard,1.0,Qwen/Qwen2.5-1.5B-Instruct,,partial_quality,False,False,True,SUPPORTS,,low,generic_cale,1.0,1.0,0.0,1.0,generic_cale
0.0,0.0,FEVER,primary_construction,general,1.0,internal_constructed_evaluation,1.0,0.731,1.0,neutral,1.0,fever_29146::boundary_hard,1.0,Qwen/Qwen2.5-1.5B-Instruct,,partial_quality,False,False,True,SUPPORTS,,low,attack_aware_cale,1.0,1.0,0.0,1.0,attack_aware_cale
0.0,0.0,FEVER,primary_construction,general,1.0,internal_constructed_evaluation,1.0,0.731,1.0,neutral,1.0,fever_29146::boundary_hard,1.0,Qwen/Qwen2.5-1.5B-Instruct,,partial_quality,False,False,True,SUPPORTS,,low,full_attack_aware_cale,1.0,1.0,0.0,1.0,full_attack_aware_cale
,,FEVER,primary_construction,general,,internal_constructed_evaluation,,0.96,,neutral,,fever_212194::boundary_hard,,meta-llama/Llama-3.2-1B-Instruct,,high_quality,False,True,False,REFUTES,,low,direct_trustllm_heuristic,,,0.0,,direct_trustllm_heuristic
1.0,1.0,FEVER,primary_construction,general,1.0,internal_constructed_evaluation,0.0,0.685,1.0,neutral,0.0,fever_212194::boundary_hard,0.0,meta-llama/Llama-3.2-1B-Instruct,,partial_quality,False,True,False,REFUTES,1.0,low,generic_cale,1.0,,0.0,1.0,generic_cale
1.0,1.0,FEVER,primary_construction,general,1.0,internal_constructed_evaluation,1.0,0.777,1.0,neutral,0.0,fever_212194::boundary_hard,0.0,meta-llama/Llama-3.2-1B-Instruct,,partial_quality,False,True,False,REFUTES,1.0,low,attack_aware_cale,1.0,,0.0,1.0,attack_aware_cale
1.0,1.0,FEVER,primary_construction,general,1.0,internal_constructed_evaluation,1.0,0.777,1.0,neutral,0.0,fever_212194::boundary_hard,0.0,meta-llama/Llama-3.2-1B-Instruct,,partial_quality,False,True,False,REFUTES,1.0,low,full_attack_aware_cale,1.0,,0.0,1.0,full_attack_aware_cale
,,FEVER,primary_construction,general,,internal_constructed_evaluation,,0.608,,neutral,,fever_181870::boundary_hard,,meta-llama/Llama-3.2-1B-Instruct,,partial_quality,True,False,False,NOT ENOUGH INFO,,low,direct_trustllm_heuristic,,,0.0,,direct_trustllm_heuristic
0.0,0.0,FEVER,primary_construction,general,1.0,internal_constructed_evaluation,0.0,0.447,1.0,neutral,1.0,fever_181870::boundary_hard,0.0,meta-llama/Llama-3.2-1B-Instruct,0.0,indeterminate_quality,True,False,False,NOT ENOUGH INFO,,low,generic_cale,0.0,,0.0,1.0,generic_cale
0.0,0.0,FEVER,primary_construction,general,1.0,internal_constructed_evaluation,0.0,0.447,1.0,neutral,1.0,fever_181870::boundary_hard,0.0,meta-llama/Llama-3.2-1B-Instruct,0.0,indeterminate_quality,True,False,False,NOT ENOUGH INFO,,low,attack_aware_cale,0.0,,0.0,1.0,attack_aware_cale
0.0,0.0,FEVER,primary_construction,general,1.0,internal_constructed_evaluation,0.0,0.447,1.0,neutral,1.0,fever_181870::boundary_hard,0.0,meta-llama/Llama-3.2-1B-Instruct,0.0,indeterminate_quality,True,False,False,NOT ENOUGH INFO,,low,full_attack_aware_cale,0.0,,0.0,1.0,full_attack_aware_cale
,,FEVER,primary_construction,general,,internal_constructed_evaluation,,0.608,,neutral,,fever_142947::boundary_hard,,meta-llama/Llama-3.2-1B-Instruct,,partial_quality,True,False,False,NOT ENOUGH INFO,,low,direct_trustllm_heuristic,,,0.0,,direct_trustllm_heuristic
0.0,0.0,FEVER,primary_construction,general,1.0,internal_constructed_evaluation,1.0,0.639,1.0,neutral,1.0,fever_142947::boundary_hard,0.0,meta-llama/Llama-3.2-1B-Instruct,0.0,partial_quality,True,False,False,NOT ENOUGH INFO,,low,generic_cale,1.0,,0.0,1.0,generic_cale
0.0,0.0,FEVER,primary_construction,general,1.0,internal_constructed_evaluation,1.0,0.639,1.0,neutral,1.0,fever_142947::boundary_hard,0.0,meta-llama/Llama-3.2-1B-Instruct,0.0,partial_quality,True,False,False,NOT ENOUGH INFO,,low,attack_aware_cale,1.0,,0.0,1.0,attack_aware_cale
0.0,0.0,FEVER,primary_construction,general,1.0,internal_constructed_evaluation,1.0,0.639,1.0,neutral,1.0,fever_142947::boundary_hard,0.0,meta-llama/Llama-3.2-1B-Instruct,0.0,partial_quality,True,False,False,NOT ENOUGH INFO,,low,full_attack_aware_cale,1.0,,0.0,1.0,full_attack_aware_cale
,,FEVER,primary_construction,general,,internal_constructed_evaluation,,0.784,,neutral,,fever_34766::boundary_hard,,Qwen/Qwen2.5-1.5B-Instruct,,high_quality,False,False,True,SUPPORTS,,low,direct_trustllm_heuristic,,,0.0,,direct_trustllm_heuristic
0.0,0.0,FEVER,primary_construction,general,1.0,internal_constructed_evaluation,1.0,0.731,1.0,neutral,1.0,fever_34766::boundary_hard,1.0,Qwen/Qwen2.5-1.5B-Instruct,,partial_quality,False,False,True,SUPPORTS,,low,generic_cale,1.0,1.0,0.0,1.0,generic_cale
0.0,0.0,FEVER,primary_construction,general,1.0,internal_constructed_evaluation,1.0,0.731,1.0,neutral,1.0,fever_34766::boundary_hard,1.0,Qwen/Qwen2.5-1.5B-Instruct,,partial_quality,False,False,True,SUPPORTS,,low,attack_aware_cale,1.0,1.0,0.0,1.0,attack_aware_cale
0.0,0.0,FEVER,primary_construction,general,1.0,internal_constructed_evaluation,1.0,0.731,1.0,neutral,1.0,fever_34766::boundary_hard,1.0,Qwen/Qwen2.5-1.5B-Instruct,,partial_quality,False,False,True,SUPPORTS,,low,full_attack_aware_cale,1.0,1.0,0.0,1.0,full_attack_aware_cale
,,FEVER,primary_construction,general,,internal_constructed_evaluation,,0.96,,neutral,,fever_46513::boundary_hard,,Qwen/Qwen2.5-1.5B-Instruct,,high_quality,False,False,True,SUPPORTS,,low,direct_trustllm_heuristic,,,0.0,,direct_trustllm_heuristic
1.0,1.0,FEVER,primary_construction,general,1.0,internal_constructed_evaluation,1.0,0.96,1.0,neutral,1.0,fever_46513::boundary_hard,1.0,Qwen/Qwen2.5-1.5B-Instruct,,high_quality,False,False,True,SUPPORTS,,low,generic_cale,1.0,0.0,0.0,1.0,generic_cale
1.0,1.0,FEVER,primary_construction,general,1.0,internal_constructed_evaluation,1.0,0.96,1.0,neutral,1.0,fever_46513::boundary_hard,1.0,Qwen/Qwen2.5-1.5B-Instruct,,high_quality,False,False,True,SUPPORTS,,low,attack_aware_cale,1.0,0.0,0.0,1.0,attack_aware_cale
1.0,1.0,FEVER,primary_construction,general,1.0,internal_constructed_evaluation,1.0,0.96,1.0,neutral,1.0,fever_46513::boundary_hard,1.0,Qwen/Qwen2.5-1.5B-Instruct,,high_quality,False,False,True,SUPPORTS,,low,full_attack_aware_cale,1.0,0.0,0.0,1.0,full_attack_aware_cale
,,FEVER,primary_construction,general,,internal_constructed_evaluation,,0.96,,neutral,,fever_68022::boundary_hard,,Qwen/Qwen2.5-1.5B-Instruct,,high_quality,False,True,False,REFUTES,,low,direct_trustllm_heuristic,,,0.0,,direct_trustllm_heuristic
1.0,1.0,FEVER,primary_construction,general,1.0,internal_constructed_evaluation,1.0,0.96,1.0,neutral,1.0,fever_68022::boundary_hard,1.0,Qwen/Qwen2.5-1.5B-Instruct,,high_quality,False,True,False,REFUTES,1.0,low,generic_cale,1.0,,0.0,1.0,generic_cale
1.0,1.0,FEVER,primary_construction,general,1.0,internal_constructed_evaluation,1.0,0.96,1.0,neutral,1.0,fever_68022::boundary_hard,1.0,Qwen/Qwen2.5-1.5B-Instruct,,high_quality,False,True,False,REFUTES,1.0,low,attack_aware_cale,1.0,,0.0,1.0,attack_aware_cale
1.0,1.0,FEVER,primary_construction,general,1.0,internal_constructed_evaluation,1.0,0.96,1.0,neutral,1.0,fever_68022::boundary_hard,1.0,Qwen/Qwen2.5-1.5B-Instruct,,high_quality,False,True,False,REFUTES,1.0,low,full_attack_aware_cale,1.0,,0.0,1.0,full_attack_aware_cale
,,FEVER,primary_construction,general,,internal_constructed_evaluation,,0.96,,neutral,,fever_117409::boundary_hard,,Qwen/Qwen2.5-1.5B-Instruct,,high_quality,False,True,False,REFUTES,,low,direct_trustllm_heuristic,,,0.0,,direct_trustllm_heuristic
1.0,1.0,FEVER,primary_construction,general,1.0,internal_constructed_evaluation,1.0,0.96,1.0,neutral,1.0,fever_117409::boundary_hard,1.0,Qwen/Qwen2.5-1.5B-Instruct,,high_quality,False,True,False,REFUTES,1.0,low,generic_cale,1.0,,0.0,1.0,generic_cale
1.0,1.0,FEVER,primary_construction,general,1.0,internal_constructed_evaluation,1.0,0.96,1.0,neutral,1.0,fever_117409::boundary_hard,1.0,Qwen/Qwen2.5-1.5B-Instruct,,high_quality,False,True,False,REFUTES,1.0,low,attack_aware_cale,1.0,,0.0,1.0,attack_aware_cale
1.0,1.0,FEVER,primary_construction,general,1.0,internal_constructed_evaluation,1.0,0.96,1.0,neutral,1.0,fever_117409::boundary_hard,1.0,Qwen/Qwen2.5-1.5B-Instruct,,high_quality,False,True,False,REFUTES,1.0,low,full_attack_aware_cale,1.0,,0.0,1.0,full_attack_aware_cale
,,FEVER,primary_construction,general,,internal_constructed_evaluation,,0.608,,neutral,,fever_195058::boundary_hard,,Qwen/Qwen2.5-1.5B-Instruct,,partial_quality,False,False,True,SUPPORTS,,low,direct_trustllm_heuristic,,,0.0,,direct_trustllm_heuristic
0.0,0.0,FEVER,primary_construction,general,1.0,internal_constructed_evaluation,0.0,0.538,1.0,neutral,1.0,fever_195058::boundary_hard,1.0,Qwen/Qwen2.5-1.5B-Instruct,,partial_quality,False,False,True,SUPPORTS,,low,generic_cale,0.0,1.0,0.0,1.0,generic_cale
0.0,0.0,FEVER,primary_construction,general,1.0,internal_constructed_evaluation,0.0,0.538,1.0,neutral,1.0,fever_195058::boundary_hard,1.0,Qwen/Qwen2.5-1.5B-Instruct,,partial_quality,False,False,True,SUPPORTS,,low,attack_aware_cale,0.0,1.0,0.0,1.0,attack_aware_cale
0.0,0.0,FEVER,primary_construction,general,1.0,internal_constructed_evaluation,0.0,0.538,1.0,neutral,1.0,fever_195058::boundary_hard,1.0,Qwen/Qwen2.5-1.5B-Instruct,,partial_quality,False,False,True,SUPPORTS,,low,full_attack_aware_cale,0.0,1.0,0.0,1.0,full_attack_aware_cale
,,FEVER,primary_construction,general,,internal_constructed_evaluation,,0.96,,neutral,,fever_126878::boundary_hard,,Qwen/Qwen2.5-1.5B-Instruct,,high_quality,False,True,False,REFUTES,,low,direct_trustllm_heuristic,,,0.0,,direct_trustllm_heuristic
1.0,0.0,FEVER,primary_construction,general,1.0,internal_constructed_evaluation,1.0,0.823,1.0,neutral,1.0,fever_126878::boundary_hard,1.0,Qwen/Qwen2.5-1.5B-Instruct,,high_quality,False,True,False,REFUTES,1.0,low,generic_cale,1.0,,0.0,1.0,generic_cale
1.0,0.0,FEVER,primary_construction,general,1.0,internal_constructed_evaluation,1.0,0.823,1.0,neutral,1.0,fever_126878::boundary_hard,1.0,Qwen/Qwen2.5-1.5B-Instruct,,high_quality,False,True,False,REFUTES,1.0,low,attack_aware_cale,1.0,,0.0,1.0,attack_aware_cale
1.0,0.0,FEVER,primary_construction,general,1.0,internal_constructed_evaluation,1.0,0.823,1.0,neutral,1.0,fever_126878::boundary_hard,1.0,Qwen/Qwen2.5-1.5B-Instruct,,high_quality,False,True,False,REFUTES,1.0,low,full_attack_aware_cale,1.0,,0.0,1.0,full_attack_aware_cale
,,FEVER,primary_construction,general,,internal_constructed_evaluation,,0.96,,neutral,,fever_70386::boundary_hard,,Qwen/Qwen2.5-1.5B-Instruct,,high_quality,False,False,True,SUPPORTS,,low,direct_trustllm_heuristic,,,0.0,,direct_trustllm_heuristic
1.0,0.0,FEVER,primary_construction,general,1.0,internal_constructed_evaluation,1.0,0.823,1.0,neutral,1.0,fever_70386::boundary_hard,1.0,Qwen/Qwen2.5-1.5B-Instruct,,high_quality,False,False,True,SUPPORTS,,low,generic_cale,1.0,0.0,0.0,1.0,generic_cale
1.0,0.0,FEVER,primary_construction,general,1.0,internal_constructed_evaluation,1.0,0.823,1.0,neutral,1.0,fever_70386::boundary_hard,1.0,Qwen/Qwen2.5-1.5B-Instruct,,high_quality,False,False,True,SUPPORTS,,low,attack_aware_cale,1.0,0.0,0.0,1.0,attack_aware_cale
1.0,0.0,FEVER,primary_construction,general,1.0,internal_constructed_evaluation,1.0,0.823,1.0,neutral,1.0,fever_70386::boundary_hard,1.0,Qwen/Qwen2.5-1.5B-Instruct,,high_quality,False,False,True,SUPPORTS,,low,full_attack_aware_cale,1.0,0.0,0.0,1.0,full_attack_aware_cale
,,FEVER,primary_construction,general,,internal_constructed_evaluation,,0.608,,neutral,,fever_182440::boundary_hard,,Qwen/Qwen2.5-1.5B-Instruct,,partial_quality,True,False,False,NOT ENOUGH INFO,,low,direct_trustllm_heuristic,,,0.0,,direct_trustllm_heuristic
0.0,0.0,FEVER,primary_construction,general,1.0,internal_constructed_evaluation,0.0,0.447,1.0,neutral,1.0,fever_182440::boundary_hard,0.0,Qwen/Qwen2.5-1.5B-Instruct,0.0,indeterminate_quality,True,False,False,NOT ENOUGH INFO,,low,generic_cale,0.0,,0.0,1.0,generic_cale
0.0,0.0,FEVER,primary_construction,general,1.0,internal_constructed_evaluation,0.0,0.447,1.0,neutral,1.0,fever_182440::boundary_hard,0.0,Qwen/Qwen2.5-1.5B-Instruct,0.0,indeterminate_quality,True,False,False,NOT ENOUGH INFO,,low,attack_aware_cale,0.0,,0.0,1.0,attack_aware_cale
0.0,0.0,FEVER,primary_construction,general,1.0,internal_constructed_evaluation,0.0,0.447,1.0,neutral,1.0,fever_182440::boundary_hard,0.0,Qwen/Qwen2.5-1.5B-Instruct,0.0,indeterminate_quality,True,False,False,NOT ENOUGH INFO,,low,full_attack_aware_cale,0.0,,0.0,1.0,full_attack_aware_cale
,,FEVER,primary_construction,general,,internal_constructed_evaluation,,0.432,,neutral,,fever_76775::boundary_hard,,Qwen/Qwen2.5-1.5B-Instruct,,indeterminate_quality,False,False,True,SUPPORTS,,low,direct_trustllm_heuristic,,,0.0,,direct_trustllm_heuristic
0.0,0.0,FEVER,primary_construction,general,1.0,internal_constructed_evaluation,0.0,0.538,1.0,neutral,1.0,fever_76775::boundary_hard,1.0,Qwen/Qwen2.5-1.5B-Instruct,,partial_quality,False,False,True,SUPPORTS,,low,generic_cale,0.0,1.0,0.0,1.0,generic_cale
0.0,0.0,FEVER,primary_construction,general,1.0,internal_constructed_evaluation,0.0,0.639,1.0,neutral,1.0,fever_76775::boundary_hard,1.0,Qwen/Qwen2.5-1.5B-Instruct,,partial_quality,False,False,True,SUPPORTS,,low,attack_aware_cale,1.0,1.0,0.0,1.0,attack_aware_cale
0.6,0.0,FEVER,primary_construction,general,1.0,internal_constructed_evaluation,0.2,0.712,1.0,neutral,1.0,fever_76775::boundary_hard,1.0,Qwen/Qwen2.5-1.5B-Instruct,,partial_quality,False,False,True,SUPPORTS,,low,full_attack_aware_cale,1.0,0.4,0.069,1.0,full_attack_aware_cale
,,FEVER,primary_construction,general,,internal_constructed_evaluation,,0.432,,neutral,,fever_38574::boundary_hard,,meta-llama/Llama-3.2-1B-Instruct,,indeterminate_quality,False,False,True,SUPPORTS,,low,direct_trustllm_heuristic,,,0.0,,direct_trustllm_heuristic
1.0,0.0,FEVER,primary_construction,general,1.0,internal_constructed_evaluation,0.0,0.63,1.0,neutral,1.0,fever_38574::boundary_hard,1.0,meta-llama/Llama-3.2-1B-Instruct,,partial_quality,False,False,True,SUPPORTS,,low,generic_cale,0.0,0.0,0.0,1.0,generic_cale
1.0,0.0,FEVER,primary_construction,general,1.0,internal_constructed_evaluation,0.0,0.63,1.0,neutral,1.0,fever_38574::boundary_hard,1.0,meta-llama/Llama-3.2-1B-Instruct,,partial_quality,False,False,True,SUPPORTS,,low,attack_aware_cale,0.0,0.0,0.0,1.0,attack_aware_cale
1.0,0.0,FEVER,primary_construction,general,1.0,internal_constructed_evaluation,0.2,0.709,1.0,neutral,1.0,fever_38574::boundary_hard,1.0,meta-llama/Llama-3.2-1B-Instruct,,partial_quality,False,False,True,SUPPORTS,,low,full_attack_aware_cale,0.6,0.0,0.073,1.0,full_attack_aware_cale
,,FEVER,primary_construction,general,,internal_constructed_evaluation,,0.96,,neutral,,fever_102352::boundary_hard,,Qwen/Qwen2.5-1.5B-Instruct,,high_quality,False,False,True,SUPPORTS,,low,direct_trustllm_heuristic,,,0.0,,direct_trustllm_heuristic
1.0,1.0,FEVER,primary_construction,general,1.0,internal_constructed_evaluation,0.0,0.777,1.0,neutral,1.0,fever_102352::boundary_hard,0.0,Qwen/Qwen2.5-1.5B-Instruct,,partial_quality,False,False,True,SUPPORTS,,low,generic_cale,1.0,0.0,0.0,1.0,generic_cale
1.0,1.0,FEVER,primary_construction,general,1.0,internal_constructed_evaluation,1.0,0.868,1.0,neutral,1.0,fever_102352::boundary_hard,0.0,Qwen/Qwen2.5-1.5B-Instruct,,high_quality,False,False,True,SUPPORTS,,low,attack_aware_cale,1.0,0.0,0.0,1.0,attack_aware_cale
1.0,1.0,FEVER,primary_construction,general,1.0,internal_constructed_evaluation,1.0,0.868,1.0,neutral,1.0,fever_102352::boundary_hard,0.0,Qwen/Qwen2.5-1.5B-Instruct,,high_quality,False,False,True,SUPPORTS,,low,full_attack_aware_cale,1.0,0.0,0.0,1.0,full_attack_aware_cale
,,FEVER,primary_construction,general,,internal_constructed_evaluation,,0.256,,neutral,,fever_48499::boundary_hard,,Qwen/Qwen2.5-1.5B-Instruct,,indeterminate_quality,False,True,False,REFUTES,,low,direct_trustllm_heuristic,,,0.0,,direct_trustllm_heuristic
0.0,0.0,FEVER,primary_construction,general,0.0,internal_constructed_evaluation,0.0,0.263,0.0,neutral,1.0,fever_48499::boundary_hard,0.0,Qwen/Qwen2.5-1.5B-Instruct,,indeterminate_quality,False,True,False,REFUTES,0.0,low,generic_cale,0.0,,0.0,1.0,generic_cale
0.0,0.0,FEVER,primary_construction,general,0.0,internal_constructed_evaluation,0.0,0.263,0.0,neutral,1.0,fever_48499::boundary_hard,0.0,Qwen/Qwen2.5-1.5B-Instruct,,indeterminate_quality,False,True,False,REFUTES,0.0,low,attack_aware_cale,0.0,,0.0,1.0,attack_aware_cale
0.0,0.0,FEVER,primary_construction,general,0.0,internal_constructed_evaluation,0.0,0.263,0.0,neutral,1.0,fever_48499::boundary_hard,0.0,Qwen/Qwen2.5-1.5B-Instruct,,indeterminate_quality,False,True,False,REFUTES,0.0,low,full_attack_aware_cale,0.0,,0.0,1.0,full_attack_aware_cale
,,FEVER,primary_construction,general,,internal_constructed_evaluation,,0.96,,neutral,,fever_42188::boundary_hard,,Qwen/Qwen2.5-1.5B-Instruct,,high_quality,False,False,True,SUPPORTS,,low,direct_trustllm_heuristic,,,0.0,,direct_trustllm_heuristic
1.0,0.0,FEVER,primary_construction,general,1.0,internal_constructed_evaluation,1.0,0.731,1.0,neutral,1.0,fever_42188::boundary_hard,0.0,Qwen/Qwen2.5-1.5B-Instruct,,partial_quality,False,False,True,SUPPORTS,,low,generic_cale,1.0,0.0,0.0,1.0,generic_cale
1.0,0.0,FEVER,primary_construction,general,1.0,internal_constructed_evaluation,1.0,0.731,1.0,neutral,1.0,fever_42188::boundary_hard,0.0,Qwen/Qwen2.5-1.5B-Instruct,,partial_quality,False,False,True,SUPPORTS,,low,attack_aware_cale,1.0,0.0,0.0,1.0,attack_aware_cale
1.0,0.0,FEVER,primary_construction,general,1.0,internal_constructed_evaluation,1.0,0.731,1.0,neutral,1.0,fever_42188::boundary_hard,0.0,Qwen/Qwen2.5-1.5B-Instruct,,partial_quality,False,False,True,SUPPORTS,,low,full_attack_aware_cale,1.0,0.0,0.0,1.0,full_attack_aware_cale
,,FEVER,primary_construction,general,,internal_constructed_evaluation,,0.96,,neutral,,fever_29857::boundary_hard,,Qwen/Qwen2.5-1.5B-Instruct,,high_quality,False,True,False,REFUTES,,low,direct_trustllm_heuristic,,,0.0,,direct_trustllm_heuristic
1.0,1.0,FEVER,primary_construction,general,1.0,internal_constructed_evaluation,1.0,0.868,1.0,neutral,0.0,fever_29857::boundary_hard,1.0,Qwen/Qwen2.5-1.5B-Instruct,,high_quality,False,True,False,REFUTES,1.0,low,generic_cale,1.0,,0.0,1.0,generic_cale
1.0,1.0,FEVER,primary_construction,general,1.0,internal_constructed_evaluation,1.0,0.868,1.0,neutral,0.0,fever_29857::boundary_hard,1.0,Qwen/Qwen2.5-1.5B-Instruct,,high_quality,False,True,False,REFUTES,1.0,low,attack_aware_cale,1.0,,0.0,1.0,attack_aware_cale
1.0,1.0,FEVER,primary_construction,general,1.0,internal_constructed_evaluation,1.0,0.868,1.0,neutral,0.0,fever_29857::boundary_hard,1.0,Qwen/Qwen2.5-1.5B-Instruct,,high_quality,False,True,False,REFUTES,1.0,low,full_attack_aware_cale,1.0,,0.0,1.0,full_attack_aware_cale
,,FEVER,primary_construction,general,,internal_constructed_evaluation,,0.608,,neutral,,fever_24265::boundary_hard,,meta-llama/Llama-3.2-1B-Instruct,,partial_quality,True,False,False,NOT ENOUGH INFO,,low,direct_trustllm_heuristic,,,0.0,,direct_trustllm_heuristic
0.0,0.0,FEVER,primary_construction,general,1.0,internal_constructed_evaluation,1.0,0.639,1.0,neutral,1.0,fever_24265::boundary_hard,0.0,meta-llama/Llama-3.2-1B-Instruct,0.0,partial_quality,True,False,False,NOT ENOUGH INFO,,low,generic_cale,1.0,,0.0,1.0,generic_cale
0.0,0.0,FEVER,primary_construction,general,1.0,internal_constructed_evaluation,1.0,0.639,1.0,neutral,1.0,fever_24265::boundary_hard,0.0,meta-llama/Llama-3.2-1B-Instruct,0.0,partial_quality,True,False,False,NOT ENOUGH INFO,,low,attack_aware_cale,1.0,,0.0,1.0,attack_aware_cale
0.0,0.0,FEVER,primary_construction,general,1.0,internal_constructed_evaluation,1.0,0.639,1.0,neutral,1.0,fever_24265::boundary_hard,0.0,meta-llama/Llama-3.2-1B-Instruct,0.0,partial_quality,True,False,False,NOT ENOUGH INFO,,low,full_attack_aware_cale,1.0,,0.0,1.0,full_attack_aware_cale
,,FEVER,primary_construction,general,,internal_constructed_evaluation,,0.608,,neutral,,fever_212775::boundary_hard,,Qwen/Qwen2.5-1.5B-Instruct,,partial_quality,True,False,False,NOT ENOUGH INFO,,low,direct_trustllm_heuristic,,,0.0,,direct_trustllm_heuristic
0.0,0.0,FEVER,primary_construction,general,1.0,internal_constructed_evaluation,0.0,0.538,1.0,neutral,1.0,fever_212775::boundary_hard,1.0,Qwen/Qwen2.5-1.5B-Instruct,0.0,partial_quality,True,False,False,NOT ENOUGH INFO,,low,generic_cale,0.0,,0.0,1.0,generic_cale
0.0,0.0,FEVER,primary_construction,general,1.0,internal_constructed_evaluation,0.0,0.538,1.0,neutral,1.0,fever_212775::boundary_hard,1.0,Qwen/Qwen2.5-1.5B-Instruct,0.0,partial_quality,True,False,False,NOT ENOUGH INFO,,low,attack_aware_cale,0.0,,0.0,1.0,attack_aware_cale
0.0,0.0,FEVER,primary_construction,general,1.0,internal_constructed_evaluation,0.0,0.538,1.0,neutral,1.0,fever_212775::boundary_hard,1.0,Qwen/Qwen2.5-1.5B-Instruct,0.0,partial_quality,True,False,False,NOT ENOUGH INFO,,low,full_attack_aware_cale,0.0,,0.0,1.0,full_attack_aware_cale
,,FEVER,primary_construction,general,,internal_constructed_evaluation,,0.608,,neutral,,fever_152864::boundary_hard,,Qwen/Qwen2.5-1.5B-Instruct,,partial_quality,True,False,False,NOT ENOUGH INFO,,low,direct_trustllm_heuristic,,,0.0,,direct_trustllm_heuristic
0.0,0.0,FEVER,primary_construction,general,1.0,internal_constructed_evaluation,0.0,0.447,1.0,neutral,1.0,fever_152864::boundary_hard,0.0,Qwen/Qwen2.5-1.5B-Instruct,0.0,indeterminate_quality,True,False,False,NOT ENOUGH INFO,,low,generic_cale,0.0,,0.0,1.0,generic_cale
0.0,0.0,FEVER,primary_construction,general,1.0,internal_constructed_evaluation,0.0,0.447,1.0,neutral,1.0,fever_152864::boundary_hard,0.0,Qwen/Qwen2.5-1.5B-Instruct,0.0,indeterminate_quality,True,False,False,NOT ENOUGH INFO,,low,attack_aware_cale,0.0,,0.0,1.0,attack_aware_cale
0.0,0.0,FEVER,primary_construction,general,1.0,internal_constructed_evaluation,0.0,0.447,1.0,neutral,1.0,fever_152864::boundary_hard,0.0,Qwen/Qwen2.5-1.5B-Instruct,0.0,indeterminate_quality,True,False,False,NOT ENOUGH INFO,,low,full_attack_aware_cale,0.0,,0.0,1.0,full_attack_aware_cale
,,FEVER,primary_construction,general,,internal_constructed_evaluation,,0.608,,neutral,,fever_182270::boundary_hard,,meta-llama/Llama-3.2-1B-Instruct,,partial_quality,True,False,False,NOT ENOUGH INFO,,low,direct_trustllm_heuristic,,,0.0,,direct_trustllm_heuristic
0.0,0.0,FEVER,primary_construction,general,1.0,internal_constructed_evaluation,1.0,0.639,1.0,neutral,1.0,fever_182270::boundary_hard,0.0,meta-llama/Llama-3.2-1B-Instruct,0.0,partial_quality,True,False,False,NOT ENOUGH INFO,,low,generic_cale,1.0,,0.0,1.0,generic_cale
0.0,0.0,FEVER,primary_construction,general,1.0,internal_constructed_evaluation,1.0,0.639,1.0,neutral,1.0,fever_182270::boundary_hard,0.0,meta-llama/Llama-3.2-1B-Instruct,0.0,partial_quality,True,False,False,NOT ENOUGH INFO,,low,attack_aware_cale,1.0,,0.0,1.0,attack_aware_cale
0.0,0.0,FEVER,primary_construction,general,1.0,internal_constructed_evaluation,1.0,0.639,1.0,neutral,1.0,fever_182270::boundary_hard,0.0,meta-llama/Llama-3.2-1B-Instruct,0.0,partial_quality,True,False,False,NOT ENOUGH INFO,,low,full_attack_aware_cale,1.0,,0.0,1.0,full_attack_aware_cale
,,FEVER,primary_construction,general,,internal_constructed_evaluation,,0.608,,neutral,,fever_149251::boundary_hard,,Qwen/Qwen2.5-1.5B-Instruct,,partial_quality,True,False,False,NOT ENOUGH INFO,,low,direct_trustllm_heuristic,,,0.0,,direct_trustllm_heuristic
0.0,0.0,FEVER,primary_construction,general,1.0,internal_constructed_evaluation,1.0,0.639,1.0,neutral,1.0,fever_149251::boundary_hard,0.0,Qwen/Qwen2.5-1.5B-Instruct,0.0,partial_quality,True,False,False,NOT ENOUGH INFO,,low,generic_cale,1.0,,0.0,1.0,generic_cale
0.0,0.0,FEVER,primary_construction,general,1.0,internal_constructed_evaluation,1.0,0.639,1.0,neutral,1.0,fever_149251::boundary_hard,0.0,Qwen/Qwen2.5-1.5B-Instruct,0.0,partial_quality,True,False,False,NOT ENOUGH INFO,,low,attack_aware_cale,1.0,,0.0,1.0,attack_aware_cale
0.0,0.0,FEVER,primary_construction,general,1.0,internal_constructed_evaluation,1.0,0.639,1.0,neutral,1.0,fever_149251::boundary_hard,0.0,Qwen/Qwen2.5-1.5B-Instruct,0.0,partial_quality,True,False,False,NOT ENOUGH INFO,,low,full_attack_aware_cale,1.0,,0.0,1.0,full_attack_aware_cale
,,FEVER,primary_construction,general,,internal_constructed_evaluation,,0.608,,neutral,,fever_127833::boundary_hard,,Qwen/Qwen2.5-1.5B-Instruct,,partial_quality,True,False,False,NOT ENOUGH INFO,,low,direct_trustllm_heuristic,,,0.0,,direct_trustllm_heuristic
0.0,0.0,FEVER,primary_construction,general,1.0,internal_constructed_evaluation,1.0,0.639,1.0,neutral,1.0,fever_127833::boundary_hard,0.0,Qwen/Qwen2.5-1.5B-Instruct,0.0,partial_quality,True,False,False,NOT ENOUGH INFO,,low,generic_cale,1.0,,0.0,1.0,generic_cale
0.0,0.0,FEVER,primary_construction,general,1.0,internal_constructed_evaluation,1.0,0.639,1.0,neutral,1.0,fever_127833::boundary_hard,0.0,Qwen/Qwen2.5-1.5B-Instruct,0.0,partial_quality,True,False,False,NOT ENOUGH INFO,,low,attack_aware_cale,1.0,,0.0,1.0,attack_aware_cale
0.0,0.0,FEVER,primary_construction,general,1.0,internal_constructed_evaluation,1.0,0.639,1.0,neutral,1.0,fever_127833::boundary_hard,0.0,Qwen/Qwen2.5-1.5B-Instruct,0.0,partial_quality,True,False,False,NOT ENOUGH INFO,,low,full_attack_aware_cale,1.0,,0.0,1.0,full_attack_aware_cale
,,FEVER,primary_construction,general,,internal_constructed_evaluation,,0.96,,neutral,,fever_161206::boundary_hard,,meta-llama/Llama-3.2-1B-Instruct,,high_quality,False,True,False,REFUTES,,low,direct_trustllm_heuristic,,,0.0,,direct_trustllm_heuristic
1.0,1.0,FEVER,primary_construction,general,1.0,internal_constructed_evaluation,1.0,0.96,1.0,neutral,1.0,fever_161206::boundary_hard,1.0,meta-llama/Llama-3.2-1B-Instruct,,high_quality,False,True,False,REFUTES,1.0,low,generic_cale,1.0,,0.0,1.0,generic_cale
1.0,1.0,FEVER,primary_construction,general,1.0,internal_constructed_evaluation,1.0,0.96,1.0,neutral,1.0,fever_161206::boundary_hard,1.0,meta-llama/Llama-3.2-1B-Instruct,,high_quality,False,True,False,REFUTES,1.0,low,attack_aware_cale,1.0,,0.0,1.0,attack_aware_cale
1.0,1.0,FEVER,primary_construction,general,1.0,internal_constructed_evaluation,1.0,0.96,1.0,neutral,1.0,fever_161206::boundary_hard,1.0,meta-llama/Llama-3.2-1B-Instruct,,high_quality,False,True,False,REFUTES,1.0,low,full_attack_aware_cale,1.0,,0.0,1.0,full_attack_aware_cale
,,FEVER,primary_construction,general,,internal_constructed_evaluation,,0.608,,neutral,,fever_194372::boundary_hard,,meta-llama/Llama-3.2-1B-Instruct,,partial_quality,True,False,False,NOT ENOUGH INFO,,low,direct_trustllm_heuristic,,,0.0,,direct_trustllm_heuristic
0.0,0.0,FEVER,primary_construction,general,1.0,internal_constructed_evaluation,0.0,0.447,1.0,neutral,1.0,fever_194372::boundary_hard,0.0,meta-llama/Llama-3.2-1B-Instruct,0.0,indeterminate_quality,True,False,False,NOT ENOUGH INFO,,low,generic_cale,0.0,,0.0,1.0,generic_cale
0.0,0.0,FEVER,primary_construction,general,1.0,internal_constructed_evaluation,0.0,0.447,1.0,neutral,1.0,fever_194372::boundary_hard,0.0,meta-llama/Llama-3.2-1B-Instruct,0.0,indeterminate_quality,True,False,False,NOT ENOUGH INFO,,low,attack_aware_cale,0.0,,0.0,1.0,attack_aware_cale
0.0,0.0,FEVER,primary_construction,general,1.0,internal_constructed_evaluation,0.0,0.447,1.0,neutral,1.0,fever_194372::boundary_hard,0.0,meta-llama/Llama-3.2-1B-Instruct,0.0,indeterminate_quality,True,False,False,NOT ENOUGH INFO,,low,full_attack_aware_cale,0.0,,0.0,1.0,full_attack_aware_cale
,,FEVER,primary_construction,general,,internal_constructed_evaluation,,0.608,,neutral,,fever_201383::boundary_hard,,meta-llama/Llama-3.2-1B-Instruct,,partial_quality,True,False,False,NOT ENOUGH INFO,,low,direct_trustllm_heuristic,,,0.0,,direct_trustllm_heuristic
0.0,0.0,FEVER,primary_construction,general,1.0,internal_constructed_evaluation,1.0,0.639,1.0,neutral,1.0,fever_201383::boundary_hard,0.0,meta-llama/Llama-3.2-1B-Instruct,0.0,partial_quality,True,False,False,NOT ENOUGH INFO,,low,generic_cale,1.0,,0.0,1.0,generic_cale
0.0,0.0,FEVER,primary_construction,general,1.0,internal_constructed_evaluation,1.0,0.639,1.0,neutral,1.0,fever_201383::boundary_hard,0.0,meta-llama/Llama-3.2-1B-Instruct,0.0,partial_quality,True,False,False,NOT ENOUGH INFO,,low,attack_aware_cale,1.0,,0.0,1.0,attack_aware_cale
0.0,0.0,FEVER,primary_construction,general,1.0,internal_constructed_evaluation,1.0,0.639,1.0,neutral,1.0,fever_201383::boundary_hard,0.0,meta-llama/Llama-3.2-1B-Instruct,0.0,partial_quality,True,False,False,NOT ENOUGH INFO,,low,full_attack_aware_cale,1.0,,0.0,1.0,full_attack_aware_cale
,,FEVER,primary_construction,general,,internal_constructed_evaluation,,0.96,,neutral,,fever_202940::boundary_hard,,meta-llama/Llama-3.2-1B-Instruct,,high_quality,False,False,True,SUPPORTS,,low,direct_trustllm_heuristic,,,0.0,,direct_trustllm_heuristic
1.0,1.0,FEVER,primary_construction,general,1.0,internal_constructed_evaluation,1.0,0.868,1.0,neutral,1.0,fever_202940::boundary_hard,0.0,meta-llama/Llama-3.2-1B-Instruct,,high_quality,False,False,True,SUPPORTS,,low,generic_cale,1.0,0.0,0.0,1.0,generic_cale
1.0,1.0,FEVER,primary_construction,general,1.0,internal_constructed_evaluation,1.0,0.868,1.0,neutral,1.0,fever_202940::boundary_hard,0.0,meta-llama/Llama-3.2-1B-Instruct,,high_quality,False,False,True,SUPPORTS,,low,attack_aware_cale,1.0,0.0,0.0,1.0,attack_aware_cale
1.0,1.0,FEVER,primary_construction,general,1.0,internal_constructed_evaluation,1.0,0.868,1.0,neutral,1.0,fever_202940::boundary_hard,0.0,meta-llama/Llama-3.2-1B-Instruct,,high_quality,False,False,True,SUPPORTS,,low,full_attack_aware_cale,1.0,0.0,0.0,1.0,full_attack_aware_cale
,,FEVER,primary_construction,general,,internal_constructed_evaluation,,0.608,,neutral,,fever_203164::boundary_hard,,meta-llama/Llama-3.2-1B-Instruct,,partial_quality,True,False,False,NOT ENOUGH INFO,,low,direct_trustllm_heuristic,,,0.0,,direct_trustllm_heuristic
0.0,0.0,FEVER,primary_construction,general,1.0,internal_constructed_evaluation,0.0,0.447,1.0,neutral,1.0,fever_203164::boundary_hard,0.0,meta-llama/Llama-3.2-1B-Instruct,0.0,indeterminate_quality,True,False,False,NOT ENOUGH INFO,,low,generic_cale,0.0,,0.0,1.0,generic_cale
0.0,0.0,FEVER,primary_construction,general,1.0,internal_constructed_evaluation,0.0,0.447,1.0,neutral,1.0,fever_203164::boundary_hard,0.0,meta-llama/Llama-3.2-1B-Instruct,0.0,indeterminate_quality,True,False,False,NOT ENOUGH INFO,,low,attack_aware_cale,0.0,,0.0,1.0,attack_aware_cale
0.0,0.0,FEVER,primary_construction,general,1.0,internal_constructed_evaluation,0.0,0.447,1.0,neutral,1.0,fever_203164::boundary_hard,0.0,meta-llama/Llama-3.2-1B-Instruct,0.0,indeterminate_quality,True,False,False,NOT ENOUGH INFO,,low,full_attack_aware_cale,0.0,,0.0,1.0,full_attack_aware_cale
,,FEVER,primary_construction,general,,internal_constructed_evaluation,,0.608,,neutral,,fever_226140::boundary_hard,,meta-llama/Llama-3.2-1B-Instruct,,partial_quality,True,False,False,NOT ENOUGH INFO,,low,direct_trustllm_heuristic,,,0.0,,direct_trustllm_heuristic
0.0,0.0,FEVER,primary_construction,general,1.0,internal_constructed_evaluation,1.0,0.639,1.0,neutral,1.0,fever_226140::boundary_hard,0.0,meta-llama/Llama-3.2-1B-Instruct,0.0,partial_quality,True,False,False,NOT ENOUGH INFO,,low,generic_cale,1.0,,0.0,1.0,generic_cale
0.0,0.0,FEVER,primary_construction,general,1.0,internal_constructed_evaluation,1.0,0.639,1.0,neutral,1.0,fever_226140::boundary_hard,0.0,meta-llama/Llama-3.2-1B-Instruct,0.0,partial_quality,True,False,False,NOT ENOUGH INFO,,low,attack_aware_cale,1.0,,0.0,1.0,attack_aware_cale
0.0,0.0,FEVER,primary_construction,general,1.0,internal_constructed_evaluation,1.0,0.639,1.0,neutral,1.0,fever_226140::boundary_hard,0.0,meta-llama/Llama-3.2-1B-Instruct,0.0,partial_quality,True,False,False,NOT ENOUGH INFO,,low,full_attack_aware_cale,1.0,,0.0,1.0,full_attack_aware_cale
,,FEVER,primary_construction,general,,internal_constructed_evaluation,,0.608,,neutral,,fever_75022::boundary_hard,,meta-llama/Llama-3.2-1B-Instruct,,partial_quality,True,False,False,NOT ENOUGH INFO,,low,direct_trustllm_heuristic,,,0.0,,direct_trustllm_heuristic
0.0,0.0,FEVER,primary_construction,general,1.0,internal_constructed_evaluation,1.0,0.639,1.0,neutral,1.0,fever_75022::boundary_hard,0.0,meta-llama/Llama-3.2-1B-Instruct,0.0,partial_quality,True,False,False,NOT ENOUGH INFO,,low,generic_cale,1.0,,0.0,1.0,generic_cale
0.0,0.0,FEVER,primary_construction,general,1.0,internal_constructed_evaluation,1.0,0.639,1.0,neutral,1.0,fever_75022::boundary_hard,0.0,meta-llama/Llama-3.2-1B-Instruct,0.0,partial_quality,True,False,False,NOT ENOUGH INFO,,low,attack_aware_cale,1.0,,0.0,1.0,attack_aware_cale
0.0,0.0,FEVER,primary_construction,general,1.0,internal_constructed_evaluation,1.0,0.639,1.0,neutral,1.0,fever_75022::boundary_hard,0.0,meta-llama/Llama-3.2-1B-Instruct,0.0,partial_quality,True,False,False,NOT ENOUGH INFO,,low,full_attack_aware_cale,1.0,,0.0,1.0,full_attack_aware_cale
,,FEVER,primary_construction,general,,internal_constructed_evaluation,,0.608,,neutral,,fever_115721::boundary_hard,,Qwen/Qwen2.5-1.5B-Instruct,,partial_quality,True,False,False,NOT ENOUGH INFO,,low,direct_trustllm_heuristic,,,0.0,,direct_trustllm_heuristic
0.0,0.0,FEVER,primary_construction,general,1.0,internal_constructed_evaluation,1.0,0.731,1.0,neutral,1.0,fever_115721::boundary_hard,1.0,Qwen/Qwen2.5-1.5B-Instruct,0.0,partial_quality,True,False,False,NOT ENOUGH INFO,,low,generic_cale,1.0,,0.0,1.0,generic_cale
0.0,0.0,FEVER,primary_construction,general,1.0,internal_constructed_evaluation,1.0,0.731,1.0,neutral,1.0,fever_115721::boundary_hard,1.0,Qwen/Qwen2.5-1.5B-Instruct,0.0,partial_quality,True,False,False,NOT ENOUGH INFO,,low,attack_aware_cale,1.0,,0.0,1.0,attack_aware_cale
0.0,0.0,FEVER,primary_construction,general,1.0,internal_constructed_evaluation,1.0,0.731,1.0,neutral,1.0,fever_115721::boundary_hard,1.0,Qwen/Qwen2.5-1.5B-Instruct,0.0,partial_quality,True,False,False,NOT ENOUGH INFO,,low,full_attack_aware_cale,1.0,,0.0,1.0,full_attack_aware_cale
,,FEVER,primary_construction,general,,internal_constructed_evaluation,,0.608,,neutral,,fever_219038::boundary_hard,,Qwen/Qwen2.5-1.5B-Instruct,,partial_quality,True,False,False,NOT ENOUGH INFO,,low,direct_trustllm_heuristic,,,0.0,,direct_trustllm_heuristic
0.0,0.0,FEVER,primary_construction,general,1.0,internal_constructed_evaluation,1.0,0.639,1.0,neutral,1.0,fever_219038::boundary_hard,0.0,Qwen/Qwen2.5-1.5B-Instruct,0.0,partial_quality,True,False,False,NOT ENOUGH INFO,,low,generic_cale,1.0,,0.0,1.0,generic_cale
0.0,0.0,FEVER,primary_construction,general,1.0,internal_constructed_evaluation,1.0,0.639,1.0,neutral,1.0,fever_219038::boundary_hard,0.0,Qwen/Qwen2.5-1.5B-Instruct,0.0,partial_quality,True,False,False,NOT ENOUGH INFO,,low,attack_aware_cale,1.0,,0.0,1.0,attack_aware_cale
0.0,0.0,FEVER,primary_construction,general,1.0,internal_constructed_evaluation,1.0,0.639,1.0,neutral,1.0,fever_219038::boundary_hard,0.0,Qwen/Qwen2.5-1.5B-Instruct,0.0,partial_quality,True,False,False,NOT ENOUGH INFO,,low,full_attack_aware_cale,1.0,,0.0,1.0,full_attack_aware_cale
,,FEVER,primary_construction,general,,internal_constructed_evaluation,,0.608,,neutral,,fever_44389::boundary_hard,,Qwen/Qwen2.5-1.5B-Instruct,,partial_quality,True,False,False,NOT ENOUGH INFO,,low,direct_trustllm_heuristic,,,0.0,,direct_trustllm_heuristic
0.0,0.0,FEVER,primary_construction,general,1.0,internal_constructed_evaluation,1.0,0.731,1.0,neutral,1.0,fever_44389::boundary_hard,1.0,Qwen/Qwen2.5-1.5B-Instruct,0.0,partial_quality,True,False,False,NOT ENOUGH INFO,,low,generic_cale,1.0,,0.0,1.0,generic_cale
0.0,0.0,FEVER,primary_construction,general,1.0,internal_constructed_evaluation,1.0,0.731,1.0,neutral,1.0,fever_44389::boundary_hard,1.0,Qwen/Qwen2.5-1.5B-Instruct,0.0,partial_quality,True,False,False,NOT ENOUGH INFO,,low,attack_aware_cale,1.0,,0.0,1.0,attack_aware_cale
0.0,0.0,FEVER,primary_construction,general,1.0,internal_constructed_evaluation,1.0,0.731,1.0,neutral,1.0,fever_44389::boundary_hard,1.0,Qwen/Qwen2.5-1.5B-Instruct,0.0,partial_quality,True,False,False,NOT ENOUGH INFO,,low,full_attack_aware_cale,1.0,,0.0,1.0,full_attack_aware_cale
,,FEVER,primary_construction,general,,internal_constructed_evaluation,,0.608,,neutral,,fever_189756::boundary_hard,,meta-llama/Llama-3.2-1B-Instruct,,partial_quality,True,False,False,NOT ENOUGH INFO,,low,direct_trustllm_heuristic,,,0.0,,direct_trustllm_heuristic
0.0,0.0,FEVER,primary_construction,general,1.0,internal_constructed_evaluation,1.0,0.639,1.0,neutral,1.0,fever_189756::boundary_hard,0.0,meta-llama/Llama-3.2-1B-Instruct,0.0,partial_quality,True,False,False,NOT ENOUGH INFO,,low,generic_cale,1.0,,0.0,1.0,generic_cale
0.0,0.0,FEVER,primary_construction,general,1.0,internal_constructed_evaluation,1.0,0.639,1.0,neutral,1.0,fever_189756::boundary_hard,0.0,meta-llama/Llama-3.2-1B-Instruct,0.0,partial_quality,True,False,False,NOT ENOUGH INFO,,low,attack_aware_cale,1.0,,0.0,1.0,attack_aware_cale
0.0,0.0,FEVER,primary_construction,general,1.0,internal_constructed_evaluation,1.0,0.639,1.0,neutral,1.0,fever_189756::boundary_hard,0.0,meta-llama/Llama-3.2-1B-Instruct,0.0,partial_quality,True,False,False,NOT ENOUGH INFO,,low,full_attack_aware_cale,1.0,,0.0,1.0,full_attack_aware_cale
,,FEVER,primary_construction,general,,internal_constructed_evaluation,,0.608,,neutral,,fever_229316::boundary_hard,,meta-llama/Llama-3.2-1B-Instruct,,partial_quality,True,False,False,NOT ENOUGH INFO,,low,direct_trustllm_heuristic,,,0.0,,direct_trustllm_heuristic
0.0,0.0,FEVER,primary_construction,general,1.0,internal_constructed_evaluation,1.0,0.639,1.0,neutral,1.0,fever_229316::boundary_hard,0.0,meta-llama/Llama-3.2-1B-Instruct,0.0,partial_quality,True,False,False,NOT ENOUGH INFO,,low,generic_cale,1.0,,0.0,1.0,generic_cale
0.0,0.0,FEVER,primary_construction,general,1.0,internal_constructed_evaluation,1.0,0.639,1.0,neutral,1.0,fever_229316::boundary_hard,0.0,meta-llama/Llama-3.2-1B-Instruct,0.0,partial_quality,True,False,False,NOT ENOUGH INFO,,low,attack_aware_cale,1.0,,0.0,1.0,attack_aware_cale
0.0,0.0,FEVER,primary_construction,general,1.0,internal_constructed_evaluation,1.0,0.639,1.0,neutral,1.0,fever_229316::boundary_hard,0.0,meta-llama/Llama-3.2-1B-Instruct,0.0,partial_quality,True,False,False,NOT ENOUGH INFO,,low,full_attack_aware_cale,1.0,,0.0,1.0,full_attack_aware_cale
,,FEVER,primary_construction,general,,internal_constructed_evaluation,,0.96,,neutral,,fever_10278::boundary_hard,,meta-llama/Llama-3.2-1B-Instruct,,high_quality,False,True,False,REFUTES,,low,direct_trustllm_heuristic,,,0.0,,direct_trustllm_heuristic
1.0,1.0,FEVER,primary_construction,general,1.0,internal_constructed_evaluation,1.0,0.868,1.0,neutral,1.0,fever_10278::boundary_hard,0.0,meta-llama/Llama-3.2-1B-Instruct,,high_quality,False,True,False,REFUTES,1.0,low,generic_cale,1.0,,0.0,1.0,generic_cale
1.0,1.0,FEVER,primary_construction,general,1.0,internal_constructed_evaluation,1.0,0.868,1.0,neutral,1.0,fever_10278::boundary_hard,0.0,meta-llama/Llama-3.2-1B-Instruct,,high_quality,False,True,False,REFUTES,1.0,low,attack_aware_cale,1.0,,0.0,1.0,attack_aware_cale
1.0,1.0,FEVER,primary_construction,general,1.0,internal_constructed_evaluation,1.0,0.868,1.0,neutral,1.0,fever_10278::boundary_hard,0.0,meta-llama/Llama-3.2-1B-Instruct,,high_quality,False,True,False,REFUTES,1.0,low,full_attack_aware_cale,1.0,,0.0,1.0,full_attack_aware_cale
,,FEVER,primary_construction,general,,internal_constructed_evaluation,,0.96,,neutral,,fever_139037::boundary_hard,,meta-llama/Llama-3.2-1B-Instruct,,high_quality,False,False,True,SUPPORTS,,low,direct_trustllm_heuristic,,,0.0,,direct_trustllm_heuristic
1.0,1.0,FEVER,primary_construction,general,1.0,internal_constructed_evaluation,0.0,0.868,1.0,neutral,1.0,fever_139037::boundary_hard,1.0,meta-llama/Llama-3.2-1B-Instruct,,high_quality,False,False,True,SUPPORTS,,low,generic_cale,1.0,0.0,0.0,1.0,generic_cale
1.0,1.0,FEVER,primary_construction,general,1.0,internal_constructed_evaluation,1.0,0.96,1.0,neutral,1.0,fever_139037::boundary_hard,1.0,meta-llama/Llama-3.2-1B-Instruct,,high_quality,False,False,True,SUPPORTS,,low,attack_aware_cale,1.0,0.0,0.0,1.0,attack_aware_cale
1.0,1.0,FEVER,primary_construction,general,1.0,internal_constructed_evaluation,1.0,0.96,1.0,neutral,1.0,fever_139037::boundary_hard,1.0,meta-llama/Llama-3.2-1B-Instruct,,high_quality,False,False,True,SUPPORTS,,low,full_attack_aware_cale,1.0,0.0,0.0,1.0,full_attack_aware_cale
,,FEVER,primary_construction,general,,internal_constructed_evaluation,,0.608,,neutral,,fever_126100::boundary_hard,,Qwen/Qwen2.5-1.5B-Instruct,,partial_quality,True,False,False,NOT ENOUGH INFO,,low,direct_trustllm_heuristic,,,0.0,,direct_trustllm_heuristic
0.0,0.0,FEVER,primary_construction,general,1.0,internal_constructed_evaluation,1.0,0.731,1.0,neutral,1.0,fever_126100::boundary_hard,1.0,Qwen/Qwen2.5-1.5B-Instruct,0.0,partial_quality,True,False,False,NOT ENOUGH INFO,,low,generic_cale,1.0,,0.0,1.0,generic_cale
0.0,0.0,FEVER,primary_construction,general,1.0,internal_constructed_evaluation,1.0,0.731,1.0,neutral,1.0,fever_126100::boundary_hard,1.0,Qwen/Qwen2.5-1.5B-Instruct,0.0,partial_quality,True,False,False,NOT ENOUGH INFO,,low,attack_aware_cale,1.0,,0.0,1.0,attack_aware_cale
0.0,0.0,FEVER,primary_construction,general,1.0,internal_constructed_evaluation,1.0,0.731,1.0,neutral,1.0,fever_126100::boundary_hard,1.0,Qwen/Qwen2.5-1.5B-Instruct,0.0,partial_quality,True,False,False,NOT ENOUGH INFO,,low,full_attack_aware_cale,1.0,,0.0,1.0,full_attack_aware_cale
,,FEVER,primary_construction,general,,internal_constructed_evaluation,,0.96,,neutral,,fever_121283::boundary_hard,,meta-llama/Llama-3.2-1B-Instruct,,high_quality,False,True,False,REFUTES,,low,direct_trustllm_heuristic,,,0.0,,direct_trustllm_heuristic
0.0,0.0,FEVER,primary_construction,general,1.0,internal_constructed_evaluation,1.0,0.639,1.0,neutral,1.0,fever_121283::boundary_hard,0.0,meta-llama/Llama-3.2-1B-Instruct,,partial_quality,False,True,False,REFUTES,1.0,low,generic_cale,1.0,,0.0,1.0,generic_cale
0.0,0.0,FEVER,primary_construction,general,1.0,internal_constructed_evaluation,1.0,0.639,1.0,neutral,1.0,fever_121283::boundary_hard,0.0,meta-llama/Llama-3.2-1B-Instruct,,partial_quality,False,True,False,REFUTES,1.0,low,attack_aware_cale,1.0,,0.0,1.0,attack_aware_cale
0.6,0.0,FEVER,primary_construction,general,1.0,internal_constructed_evaluation,1.0,0.694,1.0,neutral,1.0,fever_121283::boundary_hard,0.0,meta-llama/Llama-3.2-1B-Instruct,,partial_quality,False,True,False,REFUTES,1.0,low,full_attack_aware_cale,1.0,,0.045,1.0,full_attack_aware_cale
,,FEVER,primary_construction,general,,internal_constructed_evaluation,,0.96,,neutral,,fever_112242::boundary_hard,,Qwen/Qwen2.5-1.5B-Instruct,,high_quality,False,True,False,REFUTES,,low,direct_trustllm_heuristic,,,0.0,,direct_trustllm_heuristic
0.0,0.0,FEVER,primary_construction,general,0.0,internal_constructed_evaluation,1.0,0.355,0.0,neutral,1.0,fever_112242::boundary_hard,0.0,Qwen/Qwen2.5-1.5B-Instruct,,indeterminate_quality,False,True,False,REFUTES,0.0,low,generic_cale,0.0,,0.0,1.0,generic_cale
0.0,0.0,FEVER,primary_construction,general,0.0,internal_constructed_evaluation,1.0,0.355,0.0,neutral,1.0,fever_112242::boundary_hard,0.0,Qwen/Qwen2.5-1.5B-Instruct,,indeterminate_quality,False,True,False,REFUTES,0.0,low,attack_aware_cale,0.0,,0.0,1.0,attack_aware_cale
0.0,0.0,FEVER,primary_construction,general,0.0,internal_constructed_evaluation,1.0,0.355,0.0,neutral,1.0,fever_112242::boundary_hard,0.0,Qwen/Qwen2.5-1.5B-Instruct,,indeterminate_quality,False,True,False,REFUTES,0.0,low,full_attack_aware_cale,0.0,,0.0,1.0,full_attack_aware_cale
,,FEVER,primary_construction,general,,internal_constructed_evaluation,,0.96,,neutral,,fever_91654::boundary_hard,,meta-llama/Llama-3.2-1B-Instruct,,high_quality,True,False,False,NOT ENOUGH INFO,,low,direct_trustllm_heuristic,,,0.0,,direct_trustllm_heuristic
0.0,0.0,FEVER,primary_construction,general,1.0,internal_constructed_evaluation,0.0,0.447,1.0,neutral,1.0,fever_91654::boundary_hard,0.0,meta-llama/Llama-3.2-1B-Instruct,0.0,indeterminate_quality,True,False,False,NOT ENOUGH INFO,,low,generic_cale,0.0,,0.0,1.0,generic_cale
0.0,0.0,FEVER,primary_construction,general,1.0,internal_constructed_evaluation,0.0,0.447,1.0,neutral,1.0,fever_91654::boundary_hard,0.0,meta-llama/Llama-3.2-1B-Instruct,0.0,indeterminate_quality,True,False,False,NOT ENOUGH INFO,,low,attack_aware_cale,0.0,,0.0,1.0,attack_aware_cale
0.0,0.0,FEVER,primary_construction,general,1.0,internal_constructed_evaluation,0.0,0.447,1.0,neutral,1.0,fever_91654::boundary_hard,0.0,meta-llama/Llama-3.2-1B-Instruct,0.0,indeterminate_quality,True,False,False,NOT ENOUGH INFO,,low,full_attack_aware_cale,0.0,,0.0,1.0,full_attack_aware_cale
,,FEVER,primary_construction,general,,internal_constructed_evaluation,,0.96,,neutral,,fever_100203::boundary_hard,,Qwen/Qwen2.5-1.5B-Instruct,,high_quality,True,False,False,NOT ENOUGH INFO,,low,direct_trustllm_heuristic,,,0.0,,direct_trustllm_heuristic
0.0,0.0,FEVER,primary_construction,general,1.0,internal_constructed_evaluation,0.0,0.447,1.0,neutral,1.0,fever_100203::boundary_hard,0.0,Qwen/Qwen2.5-1.5B-Instruct,0.0,indeterminate_quality,True,False,False,NOT ENOUGH INFO,,low,generic_cale,0.0,,0.0,1.0,generic_cale
0.0,0.0,FEVER,primary_construction,general,1.0,internal_constructed_evaluation,0.0,0.447,1.0,neutral,1.0,fever_100203::boundary_hard,0.0,Qwen/Qwen2.5-1.5B-Instruct,0.0,indeterminate_quality,True,False,False,NOT ENOUGH INFO,,low,attack_aware_cale,0.0,,0.0,1.0,attack_aware_cale
0.0,0.0,FEVER,primary_construction,general,1.0,internal_constructed_evaluation,0.0,0.447,1.0,neutral,1.0,fever_100203::boundary_hard,0.0,Qwen/Qwen2.5-1.5B-Instruct,0.0,indeterminate_quality,True,False,False,NOT ENOUGH INFO,,low,full_attack_aware_cale,0.0,,0.0,1.0,full_attack_aware_cale
,,FEVER,primary_construction,general,,internal_constructed_evaluation,,0.96,,neutral,,fever_197664::boundary_hard,,Qwen/Qwen2.5-1.5B-Instruct,,high_quality,True,False,False,NOT ENOUGH INFO,,low,direct_trustllm_heuristic,,,0.0,,direct_trustllm_heuristic
0.0,0.0,FEVER,primary_construction,general,1.0,internal_constructed_evaluation,0.0,0.447,1.0,neutral,1.0,fever_197664::boundary_hard,0.0,Qwen/Qwen2.5-1.5B-Instruct,0.0,indeterminate_quality,True,False,False,NOT ENOUGH INFO,,low,generic_cale,0.0,,0.0,1.0,generic_cale
0.0,0.0,FEVER,primary_construction,general,1.0,internal_constructed_evaluation,0.0,0.447,1.0,neutral,1.0,fever_197664::boundary_hard,0.0,Qwen/Qwen2.5-1.5B-Instruct,0.0,indeterminate_quality,True,False,False,NOT ENOUGH INFO,,low,attack_aware_cale,0.0,,0.0,1.0,attack_aware_cale
0.0,0.0,FEVER,primary_construction,general,1.0,internal_constructed_evaluation,0.0,0.447,1.0,neutral,1.0,fever_197664::boundary_hard,0.0,Qwen/Qwen2.5-1.5B-Instruct,0.0,indeterminate_quality,True,False,False,NOT ENOUGH INFO,,low,full_attack_aware_cale,0.0,,0.0,1.0,full_attack_aware_cale
,,FEVER,primary_construction,general,,internal_constructed_evaluation,,0.96,,neutral,,fever_111697::boundary_hard,,meta-llama/Llama-3.2-1B-Instruct,,high_quality,True,False,False,NOT ENOUGH INFO,,low,direct_trustllm_heuristic,,,0.0,,direct_trustllm_heuristic
0.0,0.0,FEVER,primary_construction,general,1.0,internal_constructed_evaluation,0.0,0.447,1.0,neutral,1.0,fever_111697::boundary_hard,0.0,meta-llama/Llama-3.2-1B-Instruct,0.0,indeterminate_quality,True,False,False,NOT ENOUGH INFO,,low,generic_cale,0.0,,0.0,1.0,generic_cale
0.0,0.0,FEVER,primary_construction,general,1.0,internal_constructed_evaluation,0.0,0.447,1.0,neutral,1.0,fever_111697::boundary_hard,0.0,meta-llama/Llama-3.2-1B-Instruct,0.0,indeterminate_quality,True,False,False,NOT ENOUGH INFO,,low,attack_aware_cale,0.0,,0.0,1.0,attack_aware_cale
0.0,0.0,FEVER,primary_construction,general,1.0,internal_constructed_evaluation,0.0,0.447,1.0,neutral,1.0,fever_111697::boundary_hard,0.0,meta-llama/Llama-3.2-1B-Instruct,0.0,indeterminate_quality,True,False,False,NOT ENOUGH INFO,,low,full_attack_aware_cale,0.0,,0.0,1.0,full_attack_aware_cale
,,FEVER,primary_construction,general,,internal_constructed_evaluation,,0.96,,neutral,,fever_130013::boundary_hard,,Qwen/Qwen2.5-1.5B-Instruct,,high_quality,True,False,False,NOT ENOUGH INFO,,low,direct_trustllm_heuristic,,,0.0,,direct_trustllm_heuristic
0.0,0.0,FEVER,primary_construction,general,1.0,internal_constructed_evaluation,0.0,0.447,1.0,neutral,1.0,fever_130013::boundary_hard,0.0,Qwen/Qwen2.5-1.5B-Instruct,0.0,indeterminate_quality,True,False,False,NOT ENOUGH INFO,,low,generic_cale,0.0,,0.0,1.0,generic_cale
0.0,0.0,FEVER,primary_construction,general,1.0,internal_constructed_evaluation,0.0,0.447,1.0,neutral,1.0,fever_130013::boundary_hard,0.0,Qwen/Qwen2.5-1.5B-Instruct,0.0,indeterminate_quality,True,False,False,NOT ENOUGH INFO,,low,attack_aware_cale,0.0,,0.0,1.0,attack_aware_cale
0.0,0.0,FEVER,primary_construction,general,1.0,internal_constructed_evaluation,0.0,0.447,1.0,neutral,1.0,fever_130013::boundary_hard,0.0,Qwen/Qwen2.5-1.5B-Instruct,0.0,indeterminate_quality,True,False,False,NOT ENOUGH INFO,,low,full_attack_aware_cale,0.0,,0.0,1.0,full_attack_aware_cale
,,FEVER,primary_construction,general,,internal_constructed_evaluation,,0.96,,neutral,,fever_120165::boundary_hard,,meta-llama/Llama-3.2-1B-Instruct,,high_quality,True,False,False,NOT ENOUGH INFO,,low,direct_trustllm_heuristic,,,0.0,,direct_trustllm_heuristic
0.0,0.0,FEVER,primary_construction,general,1.0,internal_constructed_evaluation,0.0,0.447,1.0,neutral,1.0,fever_120165::boundary_hard,0.0,meta-llama/Llama-3.2-1B-Instruct,0.0,indeterminate_quality,True,False,False,NOT ENOUGH INFO,,low,generic_cale,0.0,,0.0,1.0,generic_cale
0.0,0.0,FEVER,primary_construction,general,1.0,internal_constructed_evaluation,0.0,0.447,1.0,neutral,1.0,fever_120165::boundary_hard,0.0,meta-llama/Llama-3.2-1B-Instruct,0.0,indeterminate_quality,True,False,False,NOT ENOUGH INFO,,low,attack_aware_cale,0.0,,0.0,1.0,attack_aware_cale
0.0,0.0,FEVER,primary_construction,general,1.0,internal_constructed_evaluation,0.0,0.447,1.0,neutral,1.0,fever_120165::boundary_hard,0.0,meta-llama/Llama-3.2-1B-Instruct,0.0,indeterminate_quality,True,False,False,NOT ENOUGH INFO,,low,full_attack_aware_cale,0.0,,0.0,1.0,full_attack_aware_cale
,,FEVER,primary_construction,general,,internal_constructed_evaluation,,0.96,,neutral,,fever_128204::boundary_hard,,meta-llama/Llama-3.2-1B-Instruct,,high_quality,False,True,False,REFUTES,,low,direct_trustllm_heuristic,,,0.0,,direct_trustllm_heuristic
1.0,0.0,FEVER,primary_construction,general,0.0,internal_constructed_evaluation,0.0,0.355,0.0,neutral,1.0,fever_128204::boundary_hard,0.0,meta-llama/Llama-3.2-1B-Instruct,,indeterminate_quality,False,True,False,REFUTES,0.0,low,generic_cale,0.0,,0.0,1.0,generic_cale
1.0,0.0,FEVER,primary_construction,general,0.0,internal_constructed_evaluation,1.0,0.447,0.0,neutral,1.0,fever_128204::boundary_hard,0.0,meta-llama/Llama-3.2-1B-Instruct,,indeterminate_quality,False,True,False,REFUTES,0.0,low,attack_aware_cale,0.0,,0.0,1.0,attack_aware_cale
1.0,0.0,FEVER,primary_construction,general,0.0,internal_constructed_evaluation,1.0,0.447,0.0,neutral,1.0,fever_128204::boundary_hard,0.0,meta-llama/Llama-3.2-1B-Instruct,,indeterminate_quality,False,True,False,REFUTES,0.0,low,full_attack_aware_cale,0.0,,0.0,1.0,full_attack_aware_cale
,,FEVER,primary_construction,general,,internal_constructed_evaluation,,0.96,,neutral,,fever_52926::boundary_hard,,meta-llama/Llama-3.2-1B-Instruct,,high_quality,False,True,False,REFUTES,,low,direct_trustllm_heuristic,,,0.0,,direct_trustllm_heuristic
1.0,0.0,FEVER,primary_construction,general,0.0,internal_constructed_evaluation,1.0,0.447,0.0,neutral,1.0,fever_52926::boundary_hard,0.0,meta-llama/Llama-3.2-1B-Instruct,,indeterminate_quality,False,True,False,REFUTES,0.0,low,generic_cale,0.0,,0.0,1.0,generic_cale
1.0,0.0,FEVER,primary_construction,general,0.0,internal_constructed_evaluation,1.0,0.447,0.0,neutral,1.0,fever_52926::boundary_hard,0.0,meta-llama/Llama-3.2-1B-Instruct,,indeterminate_quality,False,True,False,REFUTES,0.0,low,attack_aware_cale,0.0,,0.0,1.0,attack_aware_cale
1.0,0.0,FEVER,primary_construction,general,0.0,internal_constructed_evaluation,1.0,0.447,0.0,neutral,1.0,fever_52926::boundary_hard,0.0,meta-llama/Llama-3.2-1B-Instruct,,indeterminate_quality,False,True,False,REFUTES,0.0,low,full_attack_aware_cale,0.0,,0.0,1.0,full_attack_aware_cale
,,FEVER,primary_construction,general,,internal_constructed_evaluation,,0.96,,neutral,,fever_99740::boundary_hard,,Qwen/Qwen2.5-1.5B-Instruct,,high_quality,False,True,False,REFUTES,,low,direct_trustllm_heuristic,,,0.0,,direct_trustllm_heuristic
1.0,1.0,FEVER,primary_construction,general,0.0,internal_constructed_evaluation,1.0,0.492,0.0,neutral,0.0,fever_99740::boundary_hard,0.0,Qwen/Qwen2.5-1.5B-Instruct,,partial_quality,False,True,False,REFUTES,1.0,low,generic_cale,0.0,,0.0,1.0,generic_cale
1.0,1.0,FEVER,primary_construction,general,0.0,internal_constructed_evaluation,1.0,0.492,0.0,neutral,0.0,fever_99740::boundary_hard,0.0,Qwen/Qwen2.5-1.5B-Instruct,,partial_quality,False,True,False,REFUTES,1.0,low,attack_aware_cale,0.0,,0.0,1.0,attack_aware_cale
1.0,1.0,FEVER,primary_construction,general,0.0,internal_constructed_evaluation,1.0,0.492,0.0,neutral,0.0,fever_99740::boundary_hard,0.0,Qwen/Qwen2.5-1.5B-Instruct,,partial_quality,False,True,False,REFUTES,1.0,low,full_attack_aware_cale,0.0,,0.0,1.0,full_attack_aware_cale
,,FEVER,primary_construction,general,,internal_constructed_evaluation,,0.608,,neutral,,fever_91198::boundary_hard,,meta-llama/Llama-3.2-1B-Instruct,,partial_quality,True,False,False,NOT ENOUGH INFO,,low,direct_trustllm_heuristic,,,0.0,,direct_trustllm_heuristic
0.0,0.0,FEVER,primary_construction,general,1.0,internal_constructed_evaluation,0.0,0.447,1.0,neutral,1.0,fever_91198::boundary_hard,0.0,meta-llama/Llama-3.2-1B-Instruct,0.0,indeterminate_quality,True,False,False,NOT ENOUGH INFO,,low,generic_cale,0.0,,0.0,1.0,generic_cale
0.0,0.0,FEVER,primary_construction,general,1.0,internal_constructed_evaluation,0.0,0.447,1.0,neutral,1.0,fever_91198::boundary_hard,0.0,meta-llama/Llama-3.2-1B-Instruct,0.0,indeterminate_quality,True,False,False,NOT ENOUGH INFO,,low,attack_aware_cale,0.0,,0.0,1.0,attack_aware_cale
0.0,0.0,FEVER,primary_construction,general,1.0,internal_constructed_evaluation,0.0,0.447,1.0,neutral,1.0,fever_91198::boundary_hard,0.0,meta-llama/Llama-3.2-1B-Instruct,0.0,indeterminate_quality,True,False,False,NOT ENOUGH INFO,,low,full_attack_aware_cale,0.0,,0.0,1.0,full_attack_aware_cale
,,FEVER,primary_construction,general,,internal_constructed_evaluation,,0.608,,neutral,,fever_39122::boundary_hard,,meta-llama/Llama-3.2-1B-Instruct,,partial_quality,True,False,False,NOT ENOUGH INFO,,low,direct_trustllm_heuristic,,,0.0,,direct_trustllm_heuristic
0.0,0.0,FEVER,primary_construction,general,1.0,internal_constructed_evaluation,1.0,0.639,1.0,neutral,1.0,fever_39122::boundary_hard,0.0,meta-llama/Llama-3.2-1B-Instruct,0.0,partial_quality,True,False,False,NOT ENOUGH INFO,,low,generic_cale,1.0,,0.0,1.0,generic_cale
0.0,0.0,FEVER,primary_construction,general,1.0,internal_constructed_evaluation,1.0,0.639,1.0,neutral,1.0,fever_39122::boundary_hard,0.0,meta-llama/Llama-3.2-1B-Instruct,0.0,partial_quality,True,False,False,NOT ENOUGH INFO,,low,attack_aware_cale,1.0,,0.0,1.0,attack_aware_cale
0.0,0.0,FEVER,primary_construction,general,1.0,internal_constructed_evaluation,1.0,0.639,1.0,neutral,1.0,fever_39122::boundary_hard,0.0,meta-llama/Llama-3.2-1B-Instruct,0.0,partial_quality,True,False,False,NOT ENOUGH INFO,,low,full_attack_aware_cale,1.0,,0.0,1.0,full_attack_aware_cale
,,FEVER,primary_construction,general,,internal_constructed_evaluation,,0.608,,neutral,,fever_75591::boundary_hard,,meta-llama/Llama-3.2-1B-Instruct,,partial_quality,True,False,False,NOT ENOUGH INFO,,low,direct_trustllm_heuristic,,,0.0,,direct_trustllm_heuristic
0.0,0.0,FEVER,primary_construction,general,1.0,internal_constructed_evaluation,1.0,0.731,1.0,neutral,1.0,fever_75591::boundary_hard,1.0,meta-llama/Llama-3.2-1B-Instruct,0.0,partial_quality,True,False,False,NOT ENOUGH INFO,,low,generic_cale,1.0,,0.0,1.0,generic_cale
0.0,0.0,FEVER,primary_construction,general,1.0,internal_constructed_evaluation,1.0,0.731,1.0,neutral,1.0,fever_75591::boundary_hard,1.0,meta-llama/Llama-3.2-1B-Instruct,0.0,partial_quality,True,False,False,NOT ENOUGH INFO,,low,attack_aware_cale,1.0,,0.0,1.0,attack_aware_cale
0.0,0.0,FEVER,primary_construction,general,1.0,internal_constructed_evaluation,1.0,0.731,1.0,neutral,1.0,fever_75591::boundary_hard,1.0,meta-llama/Llama-3.2-1B-Instruct,0.0,partial_quality,True,False,False,NOT ENOUGH INFO,,low,full_attack_aware_cale,1.0,,0.0,1.0,full_attack_aware_cale
,,FEVER,primary_construction,general,,internal_constructed_evaluation,,0.608,,neutral,,fever_111816::boundary_hard,,Qwen/Qwen2.5-1.5B-Instruct,,partial_quality,True,False,False,NOT ENOUGH INFO,,low,direct_trustllm_heuristic,,,0.0,,direct_trustllm_heuristic
0.0,0.0,FEVER,primary_construction,general,1.0,internal_constructed_evaluation,0.0,0.447,1.0,neutral,1.0,fever_111816::boundary_hard,0.0,Qwen/Qwen2.5-1.5B-Instruct,0.0,indeterminate_quality,True,False,False,NOT ENOUGH INFO,,low,generic_cale,0.0,,0.0,1.0,generic_cale
0.0,0.0,FEVER,primary_construction,general,1.0,internal_constructed_evaluation,0.0,0.447,1.0,neutral,1.0,fever_111816::boundary_hard,0.0,Qwen/Qwen2.5-1.5B-Instruct,0.0,indeterminate_quality,True,False,False,NOT ENOUGH INFO,,low,attack_aware_cale,0.0,,0.0,1.0,attack_aware_cale
0.0,0.0,FEVER,primary_construction,general,1.0,internal_constructed_evaluation,0.0,0.447,1.0,neutral,1.0,fever_111816::boundary_hard,0.0,Qwen/Qwen2.5-1.5B-Instruct,0.0,indeterminate_quality,True,False,False,NOT ENOUGH INFO,,low,full_attack_aware_cale,0.0,,0.0,1.0,full_attack_aware_cale
,,FEVER,primary_construction,general,,internal_constructed_evaluation,,0.608,,neutral,,fever_59722::boundary_hard,,Qwen/Qwen2.5-1.5B-Instruct,,partial_quality,True,False,False,NOT ENOUGH INFO,,low,direct_trustllm_heuristic,,,0.0,,direct_trustllm_heuristic
0.0,0.0,FEVER,primary_construction,general,1.0,internal_constructed_evaluation,1.0,0.639,1.0,neutral,1.0,fever_59722::boundary_hard,0.0,Qwen/Qwen2.5-1.5B-Instruct,0.0,partial_quality,True,False,False,NOT ENOUGH INFO,,low,generic_cale,1.0,,0.0,1.0,generic_cale
0.0,0.0,FEVER,primary_construction,general,1.0,internal_constructed_evaluation,1.0,0.639,1.0,neutral,1.0,fever_59722::boundary_hard,0.0,Qwen/Qwen2.5-1.5B-Instruct,0.0,partial_quality,True,False,False,NOT ENOUGH INFO,,low,attack_aware_cale,1.0,,0.0,1.0,attack_aware_cale
0.0,0.0,FEVER,primary_construction,general,1.0,internal_constructed_evaluation,1.0,0.639,1.0,neutral,1.0,fever_59722::boundary_hard,0.0,Qwen/Qwen2.5-1.5B-Instruct,0.0,partial_quality,True,False,False,NOT ENOUGH INFO,,low,full_attack_aware_cale,1.0,,0.0,1.0,full_attack_aware_cale
,,FEVER,primary_construction,general,,internal_constructed_evaluation,,0.608,,neutral,,fever_75591::boundary_hard,,Qwen/Qwen2.5-1.5B-Instruct,,partial_quality,True,False,False,NOT ENOUGH INFO,,low,direct_trustllm_heuristic,,,0.0,,direct_trustllm_heuristic
0.0,0.0,FEVER,primary_construction,general,1.0,internal_constructed_evaluation,1.0,0.731,1.0,neutral,1.0,fever_75591::boundary_hard,1.0,Qwen/Qwen2.5-1.5B-Instruct,0.0,partial_quality,True,False,False,NOT ENOUGH INFO,,low,generic_cale,1.0,,0.0,1.0,generic_cale
0.0,0.0,FEVER,primary_construction,general,1.0,internal_constructed_evaluation,1.0,0.731,1.0,neutral,1.0,fever_75591::boundary_hard,1.0,Qwen/Qwen2.5-1.5B-Instruct,0.0,partial_quality,True,False,False,NOT ENOUGH INFO,,low,attack_aware_cale,1.0,,0.0,1.0,attack_aware_cale
0.0,0.0,FEVER,primary_construction,general,1.0,internal_constructed_evaluation,1.0,0.731,1.0,neutral,1.0,fever_75591::boundary_hard,1.0,Qwen/Qwen2.5-1.5B-Instruct,0.0,partial_quality,True,False,False,NOT ENOUGH INFO,,low,full_attack_aware_cale,1.0,,0.0,1.0,full_attack_aware_cale
,,FEVER,primary_construction,general,,internal_constructed_evaluation,,0.256,,neutral,,fever_180699::boundary_hard,,meta-llama/Llama-3.2-1B-Instruct,,indeterminate_quality,False,True,False,REFUTES,,low,direct_trustllm_heuristic,,,0.0,,direct_trustllm_heuristic
0.0,0.0,FEVER,primary_construction,general,0.0,internal_constructed_evaluation,0.0,0.263,0.0,neutral,1.0,fever_180699::boundary_hard,0.0,meta-llama/Llama-3.2-1B-Instruct,,indeterminate_quality,False,True,False,REFUTES,0.0,low,generic_cale,0.0,,0.0,1.0,generic_cale
0.0,0.0,FEVER,primary_construction,general,0.0,internal_constructed_evaluation,0.0,0.263,0.0,neutral,1.0,fever_180699::boundary_hard,0.0,meta-llama/Llama-3.2-1B-Instruct,,indeterminate_quality,False,True,False,REFUTES,0.0,low,attack_aware_cale,0.0,,0.0,1.0,attack_aware_cale
0.0,0.0,FEVER,primary_construction,general,0.0,internal_constructed_evaluation,0.0,0.263,0.0,neutral,1.0,fever_180699::boundary_hard,0.0,meta-llama/Llama-3.2-1B-Instruct,,indeterminate_quality,False,True,False,REFUTES,0.0,low,full_attack_aware_cale,0.0,,0.0,1.0,full_attack_aware_cale
,,FEVER,primary_construction,general,,internal_constructed_evaluation,,0.96,,neutral,,fever_48466::boundary_hard,,meta-llama/Llama-3.2-1B-Instruct,,high_quality,False,True,False,REFUTES,,low,direct_trustllm_heuristic,,,0.0,,direct_trustllm_heuristic
1.0,1.0,FEVER,primary_construction,general,1.0,internal_constructed_evaluation,0.0,0.777,1.0,neutral,1.0,fever_48466::boundary_hard,0.0,meta-llama/Llama-3.2-1B-Instruct,,partial_quality,False,True,False,REFUTES,1.0,low,generic_cale,1.0,,0.0,1.0,generic_cale
1.0,1.0,FEVER,primary_construction,general,1.0,internal_constructed_evaluation,1.0,0.868,1.0,neutral,1.0,fever_48466::boundary_hard,0.0,meta-llama/Llama-3.2-1B-Instruct,,high_quality,False,True,False,REFUTES,1.0,low,attack_aware_cale,1.0,,0.0,1.0,attack_aware_cale
1.0,1.0,FEVER,primary_construction,general,1.0,internal_constructed_evaluation,1.0,0.868,1.0,neutral,1.0,fever_48466::boundary_hard,0.0,meta-llama/Llama-3.2-1B-Instruct,,high_quality,False,True,False,REFUTES,1.0,low,full_attack_aware_cale,1.0,,0.0,1.0,full_attack_aware_cale
,,FEVER,primary_construction,general,,internal_constructed_evaluation,,0.96,,neutral,,fever_81957::boundary_hard,,meta-llama/Llama-3.2-1B-Instruct,,high_quality,False,True,False,REFUTES,,low,direct_trustllm_heuristic,,,0.0,,direct_trustllm_heuristic
1.0,1.0,FEVER,primary_construction,general,1.0,internal_constructed_evaluation,1.0,0.96,1.0,neutral,1.0,fever_81957::boundary_hard,1.0,meta-llama/Llama-3.2-1B-Instruct,,high_quality,False,True,False,REFUTES,1.0,low,generic_cale,1.0,,0.0,1.0,generic_cale
1.0,1.0,FEVER,primary_construction,general,1.0,internal_constructed_evaluation,1.0,0.96,1.0,neutral,1.0,fever_81957::boundary_hard,1.0,meta-llama/Llama-3.2-1B-Instruct,,high_quality,False,True,False,REFUTES,1.0,low,attack_aware_cale,1.0,,0.0,1.0,attack_aware_cale
1.0,1.0,FEVER,primary_construction,general,1.0,internal_constructed_evaluation,1.0,0.96,1.0,neutral,1.0,fever_81957::boundary_hard,1.0,meta-llama/Llama-3.2-1B-Instruct,,high_quality,False,True,False,REFUTES,1.0,low,full_attack_aware_cale,1.0,,0.0,1.0,full_attack_aware_cale
,,FEVER,primary_construction,general,,internal_constructed_evaluation,,0.432,,neutral,,fever_228572::boundary_hard,,Qwen/Qwen2.5-1.5B-Instruct,,indeterminate_quality,False,True,False,REFUTES,,low,direct_trustllm_heuristic,,,0.0,,direct_trustllm_heuristic
0.0,0.0,FEVER,primary_construction,general,1.0,internal_constructed_evaluation,0.0,0.447,1.0,neutral,1.0,fever_228572::boundary_hard,0.0,Qwen/Qwen2.5-1.5B-Instruct,,indeterminate_quality,False,True,False,REFUTES,1.0,low,generic_cale,0.0,,0.0,1.0,generic_cale
0.0,0.0,FEVER,primary_construction,general,1.0,internal_constructed_evaluation,0.0,0.447,1.0,neutral,1.0,fever_228572::boundary_hard,0.0,Qwen/Qwen2.5-1.5B-Instruct,,indeterminate_quality,False,True,False,REFUTES,1.0,low,attack_aware_cale,0.0,,0.0,1.0,attack_aware_cale
0.0,0.0,FEVER,primary_construction,general,1.0,internal_constructed_evaluation,0.0,0.447,1.0,neutral,1.0,fever_228572::boundary_hard,0.0,Qwen/Qwen2.5-1.5B-Instruct,,indeterminate_quality,False,True,False,REFUTES,1.0,low,full_attack_aware_cale,0.0,,0.0,1.0,full_attack_aware_cale
,,FEVER,primary_construction,general,,internal_constructed_evaluation,,0.96,,neutral,,fever_205123::boundary_hard,,Qwen/Qwen2.5-1.5B-Instruct,,high_quality,False,True,False,REFUTES,,low,direct_trustllm_heuristic,,,0.0,,direct_trustllm_heuristic
1.0,0.0,FEVER,primary_construction,general,1.0,internal_constructed_evaluation,1.0,0.823,1.0,neutral,1.0,fever_205123::boundary_hard,1.0,Qwen/Qwen2.5-1.5B-Instruct,,high_quality,False,True,False,REFUTES,1.0,low,generic_cale,1.0,,0.0,1.0,generic_cale
1.0,0.0,FEVER,primary_construction,general,1.0,internal_constructed_evaluation,1.0,0.823,1.0,neutral,1.0,fever_205123::boundary_hard,1.0,Qwen/Qwen2.5-1.5B-Instruct,,high_quality,False,True,False,REFUTES,1.0,low,attack_aware_cale,1.0,,0.0,1.0,attack_aware_cale
1.0,0.6,FEVER,primary_construction,general,1.0,internal_constructed_evaluation,1.0,0.905,1.0,neutral,1.0,fever_205123::boundary_hard,1.0,Qwen/Qwen2.5-1.5B-Instruct,,high_quality,False,True,False,REFUTES,1.0,low,full_attack_aware_cale,1.0,,0.067,1.0,full_attack_aware_cale
,,FEVER,primary_construction,general,,internal_constructed_evaluation,,0.96,,neutral,,fever_111897::boundary_hard,,Qwen/Qwen2.5-1.5B-Instruct,,high_quality,False,True,False,REFUTES,,low,direct_trustllm_heuristic,,,0.0,,direct_trustllm_heuristic
1.0,1.0,FEVER,primary_construction,general,1.0,internal_constructed_evaluation,1.0,0.96,1.0,neutral,1.0,fever_111897::boundary_hard,1.0,Qwen/Qwen2.5-1.5B-Instruct,,high_quality,False,True,False,REFUTES,1.0,low,generic_cale,1.0,,0.0,1.0,generic_cale
1.0,1.0,FEVER,primary_construction,general,1.0,internal_constructed_evaluation,1.0,0.96,1.0,neutral,1.0,fever_111897::boundary_hard,1.0,Qwen/Qwen2.5-1.5B-Instruct,,high_quality,False,True,False,REFUTES,1.0,low,attack_aware_cale,1.0,,0.0,1.0,attack_aware_cale
1.0,1.0,FEVER,primary_construction,general,1.0,internal_constructed_evaluation,1.0,0.96,1.0,neutral,1.0,fever_111897::boundary_hard,1.0,Qwen/Qwen2.5-1.5B-Instruct,,high_quality,False,True,False,REFUTES,1.0,low,full_attack_aware_cale,1.0,,0.0,1.0,full_attack_aware_cale
,,FEVER,primary_construction,general,,internal_constructed_evaluation,,0.432,,neutral,,fever_113279::boundary_hard,,meta-llama/Llama-3.2-1B-Instruct,,indeterminate_quality,False,False,True,SUPPORTS,,low,direct_trustllm_heuristic,,,0.0,,direct_trustllm_heuristic
0.0,0.0,FEVER,primary_construction,general,1.0,internal_constructed_evaluation,0.0,0.447,1.0,neutral,1.0,fever_113279::boundary_hard,0.0,meta-llama/Llama-3.2-1B-Instruct,,indeterminate_quality,False,False,True,SUPPORTS,,low,generic_cale,0.0,1.0,0.0,1.0,generic_cale
0.0,0.0,FEVER,primary_construction,general,1.0,internal_constructed_evaluation,0.0,0.447,1.0,neutral,1.0,fever_113279::boundary_hard,0.0,meta-llama/Llama-3.2-1B-Instruct,,indeterminate_quality,False,False,True,SUPPORTS,,low,attack_aware_cale,0.0,1.0,0.0,1.0,attack_aware_cale
0.0,0.0,FEVER,primary_construction,general,1.0,internal_constructed_evaluation,0.0,0.447,1.0,neutral,1.0,fever_113279::boundary_hard,0.0,meta-llama/Llama-3.2-1B-Instruct,,indeterminate_quality,False,False,True,SUPPORTS,,low,full_attack_aware_cale,0.0,1.0,0.0,1.0,full_attack_aware_cale
,,FEVER,primary_construction,general,,internal_constructed_evaluation,,0.96,,neutral,,fever_195493::boundary_hard,,meta-llama/Llama-3.2-1B-Instruct,,high_quality,False,False,True,SUPPORTS,,low,direct_trustllm_heuristic,,,0.0,,direct_trustllm_heuristic
1.0,1.0,FEVER,primary_construction,general,1.0,internal_constructed_evaluation,0.0,0.777,1.0,neutral,1.0,fever_195493::boundary_hard,0.0,meta-llama/Llama-3.2-1B-Instruct,,partial_quality,False,False,True,SUPPORTS,,low,generic_cale,1.0,0.0,0.0,1.0,generic_cale
1.0,1.0,FEVER,primary_construction,general,1.0,internal_constructed_evaluation,1.0,0.868,1.0,neutral,1.0,fever_195493::boundary_hard,0.0,meta-llama/Llama-3.2-1B-Instruct,,high_quality,False,False,True,SUPPORTS,,low,attack_aware_cale,1.0,0.0,0.0,1.0,attack_aware_cale
1.0,1.0,FEVER,primary_construction,general,1.0,internal_constructed_evaluation,1.0,0.868,1.0,neutral,1.0,fever_195493::boundary_hard,0.0,meta-llama/Llama-3.2-1B-Instruct,,high_quality,False,False,True,SUPPORTS,,low,full_attack_aware_cale,1.0,0.0,0.0,1.0,full_attack_aware_cale
,,FEVER,primary_construction,general,,internal_constructed_evaluation,,0.96,,neutral,,fever_53760::boundary_hard,,meta-llama/Llama-3.2-1B-Instruct,,high_quality,False,False,True,SUPPORTS,,low,direct_trustllm_heuristic,,,0.0,,direct_trustllm_heuristic
1.0,1.0,FEVER,primary_construction,general,1.0,internal_constructed_evaluation,1.0,0.96,1.0,neutral,1.0,fever_53760::boundary_hard,1.0,meta-llama/Llama-3.2-1B-Instruct,,high_quality,False,False,True,SUPPORTS,,low,generic_cale,1.0,0.0,0.0,1.0,generic_cale
1.0,1.0,FEVER,primary_construction,general,1.0,internal_constructed_evaluation,1.0,0.96,1.0,neutral,1.0,fever_53760::boundary_hard,1.0,meta-llama/Llama-3.2-1B-Instruct,,high_quality,False,False,True,SUPPORTS,,low,attack_aware_cale,1.0,0.0,0.0,1.0,attack_aware_cale
1.0,1.0,FEVER,primary_construction,general,1.0,internal_constructed_evaluation,1.0,0.96,1.0,neutral,1.0,fever_53760::boundary_hard,1.0,meta-llama/Llama-3.2-1B-Instruct,,high_quality,False,False,True,SUPPORTS,,low,full_attack_aware_cale,1.0,0.0,0.0,1.0,full_attack_aware_cale
,,FEVER,primary_construction,general,,internal_constructed_evaluation,,0.432,,neutral,,fever_181882::boundary_hard,,Qwen/Qwen2.5-1.5B-Instruct,,indeterminate_quality,False,False,True,SUPPORTS,,low,direct_trustllm_heuristic,,,0.0,,direct_trustllm_heuristic
0.0,0.0,FEVER,primary_construction,general,1.0,internal_constructed_evaluation,0.0,0.447,1.0,neutral,1.0,fever_181882::boundary_hard,0.0,Qwen/Qwen2.5-1.5B-Instruct,,indeterminate_quality,False,False,True,SUPPORTS,,low,generic_cale,0.0,1.0,0.0,1.0,generic_cale
0.0,0.0,FEVER,primary_construction,general,1.0,internal_constructed_evaluation,0.0,0.447,1.0,neutral,1.0,fever_181882::boundary_hard,0.0,Qwen/Qwen2.5-1.5B-Instruct,,indeterminate_quality,False,False,True,SUPPORTS,,low,attack_aware_cale,0.0,1.0,0.0,1.0,attack_aware_cale
0.0,0.0,FEVER,primary_construction,general,1.0,internal_constructed_evaluation,0.0,0.447,1.0,neutral,1.0,fever_181882::boundary_hard,0.0,Qwen/Qwen2.5-1.5B-Instruct,,indeterminate_quality,False,False,True,SUPPORTS,,low,full_attack_aware_cale,0.0,1.0,0.0,1.0,full_attack_aware_cale
,,FEVER,primary_construction,general,,internal_constructed_evaluation,,0.96,,neutral,,fever_191647::boundary_hard,,Qwen/Qwen2.5-1.5B-Instruct,,high_quality,False,False,True,SUPPORTS,,low,direct_trustllm_heuristic,,,0.0,,direct_trustllm_heuristic
1.0,1.0,FEVER,primary_construction,general,1.0,internal_constructed_evaluation,1.0,0.868,1.0,neutral,1.0,fever_191647::boundary_hard,0.0,Qwen/Qwen2.5-1.5B-Instruct,,high_quality,False,False,True,SUPPORTS,,low,generic_cale,1.0,0.0,0.0,1.0,generic_cale
1.0,1.0,FEVER,primary_construction,general,1.0,internal_constructed_evaluation,1.0,0.868,1.0,neutral,1.0,fever_191647::boundary_hard,0.0,Qwen/Qwen2.5-1.5B-Instruct,,high_quality,False,False,True,SUPPORTS,,low,attack_aware_cale,1.0,0.0,0.0,1.0,attack_aware_cale
1.0,1.0,FEVER,primary_construction,general,1.0,internal_constructed_evaluation,1.0,0.868,1.0,neutral,1.0,fever_191647::boundary_hard,0.0,Qwen/Qwen2.5-1.5B-Instruct,,high_quality,False,False,True,SUPPORTS,,low,full_attack_aware_cale,1.0,0.0,0.0,1.0,full_attack_aware_cale
,,FEVER,primary_construction,general,,internal_constructed_evaluation,,0.96,,neutral,,fever_137334::boundary_hard,,Qwen/Qwen2.5-1.5B-Instruct,,high_quality,False,False,True,SUPPORTS,,low,direct_trustllm_heuristic,,,0.0,,direct_trustllm_heuristic
1.0,1.0,FEVER,primary_construction,general,1.0,internal_constructed_evaluation,1.0,0.96,1.0,neutral,1.0,fever_137334::boundary_hard,1.0,Qwen/Qwen2.5-1.5B-Instruct,,high_quality,False,False,True,SUPPORTS,,low,generic_cale,1.0,0.0,0.0,1.0,generic_cale
1.0,1.0,FEVER,primary_construction,general,1.0,internal_constructed_evaluation,1.0,0.96,1.0,neutral,1.0,fever_137334::boundary_hard,1.0,Qwen/Qwen2.5-1.5B-Instruct,,high_quality,False,False,True,SUPPORTS,,low,attack_aware_cale,1.0,0.0,0.0,1.0,attack_aware_cale
1.0,1.0,FEVER,primary_construction,general,1.0,internal_constructed_evaluation,1.0,0.96,1.0,neutral,1.0,fever_137334::boundary_hard,1.0,Qwen/Qwen2.5-1.5B-Instruct,,high_quality,False,False,True,SUPPORTS,,low,full_attack_aware_cale,1.0,0.0,0.0,1.0,full_attack_aware_cale
