id,source_id,target_model,model_name,reference_label,framing_style,base_claim,subset_name,subset_type,subset_policy
fever_166626::neutral,fever_166626,Qwen/Qwen2.5-1.5B-Instruct,Qwen/Qwen2.5-1.5B-Instruct,NOT ENOUGH INFO,neutral,Anne Rice was born in New Jersey.,controlled_framing_reuse_response,controlled_framing_fixed_response,fixed candidate_response; varied prompt/framing metadata only
fever_166626::assertive,fever_166626,Qwen/Qwen2.5-1.5B-Instruct,Qwen/Qwen2.5-1.5B-Instruct,NOT ENOUGH INFO,assertive,Anne Rice was born in New Jersey.,controlled_framing_reuse_response,controlled_framing_fixed_response,fixed candidate_response; varied prompt/framing metadata only
fever_166626::authoritative,fever_166626,Qwen/Qwen2.5-1.5B-Instruct,Qwen/Qwen2.5-1.5B-Instruct,NOT ENOUGH INFO,authoritative,Anne Rice was born in New Jersey.,controlled_framing_reuse_response,controlled_framing_fixed_response,fixed candidate_response; varied prompt/framing metadata only
fever_10278::neutral,fever_10278,Qwen/Qwen2.5-1.5B-Instruct,Qwen/Qwen2.5-1.5B-Instruct,REFUTES,neutral,Hush (2016 film) was produced by children.,controlled_framing_reuse_response,controlled_framing_fixed_response,fixed candidate_response; varied prompt/framing metadata only
fever_10278::assertive,fever_10278,Qwen/Qwen2.5-1.5B-Instruct,Qwen/Qwen2.5-1.5B-Instruct,REFUTES,assertive,Hush (2016 film) was produced by children.,controlled_framing_reuse_response,controlled_framing_fixed_response,fixed candidate_response; varied prompt/framing metadata only
fever_10278::authoritative,fever_10278,Qwen/Qwen2.5-1.5B-Instruct,Qwen/Qwen2.5-1.5B-Instruct,REFUTES,authoritative,Hush (2016 film) was produced by children.,controlled_framing_reuse_response,controlled_framing_fixed_response,fixed candidate_response; varied prompt/framing metadata only
fever_126359::neutral,fever_126359,Qwen/Qwen2.5-1.5B-Instruct,Qwen/Qwen2.5-1.5B-Instruct,NOT ENOUGH INFO,neutral,"Stanley Williams was an inmate in Los Angeles, California.",controlled_framing_reuse_response,controlled_framing_fixed_response,fixed candidate_response; varied prompt/framing metadata only
fever_126359::assertive,fever_126359,Qwen/Qwen2.5-1.5B-Instruct,Qwen/Qwen2.5-1.5B-Instruct,NOT ENOUGH INFO,assertive,"Stanley Williams was an inmate in Los Angeles, California.",controlled_framing_reuse_response,controlled_framing_fixed_response,fixed candidate_response; varied prompt/framing metadata only
fever_126359::authoritative,fever_126359,Qwen/Qwen2.5-1.5B-Instruct,Qwen/Qwen2.5-1.5B-Instruct,NOT ENOUGH INFO,authoritative,"Stanley Williams was an inmate in Los Angeles, California.",controlled_framing_reuse_response,controlled_framing_fixed_response,fixed candidate_response; varied prompt/framing metadata only
fever_20605::neutral,fever_20605,Qwen/Qwen2.5-1.5B-Instruct,Qwen/Qwen2.5-1.5B-Instruct,REFUTES,neutral,Bad Romance was one of the worst-selling singles of all time.,controlled_framing_reuse_response,controlled_framing_fixed_response,fixed candidate_response; varied prompt/framing metadata only
fever_20605::assertive,fever_20605,Qwen/Qwen2.5-1.5B-Instruct,Qwen/Qwen2.5-1.5B-Instruct,REFUTES,assertive,Bad Romance was one of the worst-selling singles of all time.,controlled_framing_reuse_response,controlled_framing_fixed_response,fixed candidate_response; varied prompt/framing metadata only
fever_20605::authoritative,fever_20605,Qwen/Qwen2.5-1.5B-Instruct,Qwen/Qwen2.5-1.5B-Instruct,REFUTES,authoritative,Bad Romance was one of the worst-selling singles of all time.,controlled_framing_reuse_response,controlled_framing_fixed_response,fixed candidate_response; varied prompt/framing metadata only
fever_195032::neutral,fever_195032,Qwen/Qwen2.5-1.5B-Instruct,Qwen/Qwen2.5-1.5B-Instruct,NOT ENOUGH INFO,neutral,Girl is a Beatles album.,controlled_framing_reuse_response,controlled_framing_fixed_response,fixed candidate_response; varied prompt/framing metadata only
fever_195032::assertive,fever_195032,Qwen/Qwen2.5-1.5B-Instruct,Qwen/Qwen2.5-1.5B-Instruct,NOT ENOUGH INFO,assertive,Girl is a Beatles album.,controlled_framing_reuse_response,controlled_framing_fixed_response,fixed candidate_response; varied prompt/framing metadata only
fever_195032::authoritative,fever_195032,Qwen/Qwen2.5-1.5B-Instruct,Qwen/Qwen2.5-1.5B-Instruct,NOT ENOUGH INFO,authoritative,Girl is a Beatles album.,controlled_framing_reuse_response,controlled_framing_fixed_response,fixed candidate_response; varied prompt/framing metadata only
fever_87337::neutral,fever_87337,Qwen/Qwen2.5-1.5B-Instruct,Qwen/Qwen2.5-1.5B-Instruct,SUPPORTS,neutral,Turin's Juventus Stadium is the home arena for Juventus F.C.,controlled_framing_reuse_response,controlled_framing_fixed_response,fixed candidate_response; varied prompt/framing metadata only
fever_87337::assertive,fever_87337,Qwen/Qwen2.5-1.5B-Instruct,Qwen/Qwen2.5-1.5B-Instruct,SUPPORTS,assertive,Turin's Juventus Stadium is the home arena for Juventus F.C.,controlled_framing_reuse_response,controlled_framing_fixed_response,fixed candidate_response; varied prompt/framing metadata only
fever_87337::authoritative,fever_87337,Qwen/Qwen2.5-1.5B-Instruct,Qwen/Qwen2.5-1.5B-Instruct,SUPPORTS,authoritative,Turin's Juventus Stadium is the home arena for Juventus F.C.,controlled_framing_reuse_response,controlled_framing_fixed_response,fixed candidate_response; varied prompt/framing metadata only
fever_57452::neutral,fever_57452,Qwen/Qwen2.5-1.5B-Instruct,Qwen/Qwen2.5-1.5B-Instruct,SUPPORTS,neutral,Colin Kaepernick became a starter in the National Football League.,controlled_framing_reuse_response,controlled_framing_fixed_response,fixed candidate_response; varied prompt/framing metadata only
fever_57452::assertive,fever_57452,Qwen/Qwen2.5-1.5B-Instruct,Qwen/Qwen2.5-1.5B-Instruct,SUPPORTS,assertive,Colin Kaepernick became a starter in the National Football League.,controlled_framing_reuse_response,controlled_framing_fixed_response,fixed candidate_response; varied prompt/framing metadata only
fever_57452::authoritative,fever_57452,Qwen/Qwen2.5-1.5B-Instruct,Qwen/Qwen2.5-1.5B-Instruct,SUPPORTS,authoritative,Colin Kaepernick became a starter in the National Football League.,controlled_framing_reuse_response,controlled_framing_fixed_response,fixed candidate_response; varied prompt/framing metadata only
fever_114145::neutral,fever_114145,Qwen/Qwen2.5-1.5B-Instruct,Qwen/Qwen2.5-1.5B-Instruct,NOT ENOUGH INFO,neutral,Ashton Kutcher knows Cameron Diaz.,controlled_framing_reuse_response,controlled_framing_fixed_response,fixed candidate_response; varied prompt/framing metadata only
fever_114145::assertive,fever_114145,Qwen/Qwen2.5-1.5B-Instruct,Qwen/Qwen2.5-1.5B-Instruct,NOT ENOUGH INFO,assertive,Ashton Kutcher knows Cameron Diaz.,controlled_framing_reuse_response,controlled_framing_fixed_response,fixed candidate_response; varied prompt/framing metadata only
fever_114145::authoritative,fever_114145,Qwen/Qwen2.5-1.5B-Instruct,Qwen/Qwen2.5-1.5B-Instruct,NOT ENOUGH INFO,authoritative,Ashton Kutcher knows Cameron Diaz.,controlled_framing_reuse_response,controlled_framing_fixed_response,fixed candidate_response; varied prompt/framing metadata only
fever_59504::neutral,fever_59504,Qwen/Qwen2.5-1.5B-Instruct,Qwen/Qwen2.5-1.5B-Instruct,REFUTES,neutral,The Battle of France preceded the Fall of France.,controlled_framing_reuse_response,controlled_framing_fixed_response,fixed candidate_response; varied prompt/framing metadata only
fever_59504::assertive,fever_59504,Qwen/Qwen2.5-1.5B-Instruct,Qwen/Qwen2.5-1.5B-Instruct,REFUTES,assertive,The Battle of France preceded the Fall of France.,controlled_framing_reuse_response,controlled_framing_fixed_response,fixed candidate_response; varied prompt/framing metadata only
fever_59504::authoritative,fever_59504,Qwen/Qwen2.5-1.5B-Instruct,Qwen/Qwen2.5-1.5B-Instruct,REFUTES,authoritative,The Battle of France preceded the Fall of France.,controlled_framing_reuse_response,controlled_framing_fixed_response,fixed candidate_response; varied prompt/framing metadata only
fever_49171::neutral,fever_49171,Qwen/Qwen2.5-1.5B-Instruct,Qwen/Qwen2.5-1.5B-Instruct,REFUTES,neutral,The Republic of Macedonia is far from the Balkan Peninsula.,controlled_framing_reuse_response,controlled_framing_fixed_response,fixed candidate_response; varied prompt/framing metadata only
fever_49171::assertive,fever_49171,Qwen/Qwen2.5-1.5B-Instruct,Qwen/Qwen2.5-1.5B-Instruct,REFUTES,assertive,The Republic of Macedonia is far from the Balkan Peninsula.,controlled_framing_reuse_response,controlled_framing_fixed_response,fixed candidate_response; varied prompt/framing metadata only
fever_49171::authoritative,fever_49171,Qwen/Qwen2.5-1.5B-Instruct,Qwen/Qwen2.5-1.5B-Instruct,REFUTES,authoritative,The Republic of Macedonia is far from the Balkan Peninsula.,controlled_framing_reuse_response,controlled_framing_fixed_response,fixed candidate_response; varied prompt/framing metadata only
fever_60351::neutral,fever_60351,Qwen/Qwen2.5-1.5B-Instruct,Qwen/Qwen2.5-1.5B-Instruct,SUPPORTS,neutral,Shinji Mikami is a person who directs.,controlled_framing_reuse_response,controlled_framing_fixed_response,fixed candidate_response; varied prompt/framing metadata only
fever_60351::assertive,fever_60351,Qwen/Qwen2.5-1.5B-Instruct,Qwen/Qwen2.5-1.5B-Instruct,SUPPORTS,assertive,Shinji Mikami is a person who directs.,controlled_framing_reuse_response,controlled_framing_fixed_response,fixed candidate_response; varied prompt/framing metadata only
fever_60351::authoritative,fever_60351,Qwen/Qwen2.5-1.5B-Instruct,Qwen/Qwen2.5-1.5B-Instruct,SUPPORTS,authoritative,Shinji Mikami is a person who directs.,controlled_framing_reuse_response,controlled_framing_fixed_response,fixed candidate_response; varied prompt/framing metadata only
fever_21853::neutral,fever_21853,Qwen/Qwen2.5-1.5B-Instruct,Qwen/Qwen2.5-1.5B-Instruct,SUPPORTS,neutral,Harold Macmillan worked in politics.,controlled_framing_reuse_response,controlled_framing_fixed_response,fixed candidate_response; varied prompt/framing metadata only
fever_21853::assertive,fever_21853,Qwen/Qwen2.5-1.5B-Instruct,Qwen/Qwen2.5-1.5B-Instruct,SUPPORTS,assertive,Harold Macmillan worked in politics.,controlled_framing_reuse_response,controlled_framing_fixed_response,fixed candidate_response; varied prompt/framing metadata only
fever_21853::authoritative,fever_21853,Qwen/Qwen2.5-1.5B-Instruct,Qwen/Qwen2.5-1.5B-Instruct,SUPPORTS,authoritative,Harold Macmillan worked in politics.,controlled_framing_reuse_response,controlled_framing_fixed_response,fixed candidate_response; varied prompt/framing metadata only
fever_124088::neutral,fever_124088,Qwen/Qwen2.5-1.5B-Instruct,Qwen/Qwen2.5-1.5B-Instruct,SUPPORTS,neutral,Daggering is a form of Jamaican dance.,controlled_framing_reuse_response,controlled_framing_fixed_response,fixed candidate_response; varied prompt/framing metadata only
fever_124088::assertive,fever_124088,Qwen/Qwen2.5-1.5B-Instruct,Qwen/Qwen2.5-1.5B-Instruct,SUPPORTS,assertive,Daggering is a form of Jamaican dance.,controlled_framing_reuse_response,controlled_framing_fixed_response,fixed candidate_response; varied prompt/framing metadata only
fever_124088::authoritative,fever_124088,Qwen/Qwen2.5-1.5B-Instruct,Qwen/Qwen2.5-1.5B-Instruct,SUPPORTS,authoritative,Daggering is a form of Jamaican dance.,controlled_framing_reuse_response,controlled_framing_fixed_response,fixed candidate_response; varied prompt/framing metadata only
fever_145572::neutral,fever_145572,Qwen/Qwen2.5-1.5B-Instruct,Qwen/Qwen2.5-1.5B-Instruct,REFUTES,neutral,Wish Upon was directed by John F. Kennedy.,controlled_framing_reuse_response,controlled_framing_fixed_response,fixed candidate_response; varied prompt/framing metadata only
fever_145572::assertive,fever_145572,Qwen/Qwen2.5-1.5B-Instruct,Qwen/Qwen2.5-1.5B-Instruct,REFUTES,assertive,Wish Upon was directed by John F. Kennedy.,controlled_framing_reuse_response,controlled_framing_fixed_response,fixed candidate_response; varied prompt/framing metadata only
fever_145572::authoritative,fever_145572,Qwen/Qwen2.5-1.5B-Instruct,Qwen/Qwen2.5-1.5B-Instruct,REFUTES,authoritative,Wish Upon was directed by John F. Kennedy.,controlled_framing_reuse_response,controlled_framing_fixed_response,fixed candidate_response; varied prompt/framing metadata only
fever_31187::neutral,fever_31187,Qwen/Qwen2.5-1.5B-Instruct,Qwen/Qwen2.5-1.5B-Instruct,NOT ENOUGH INFO,neutral,PacSun sells headwear.,controlled_framing_reuse_response,controlled_framing_fixed_response,fixed candidate_response; varied prompt/framing metadata only
fever_31187::assertive,fever_31187,Qwen/Qwen2.5-1.5B-Instruct,Qwen/Qwen2.5-1.5B-Instruct,NOT ENOUGH INFO,assertive,PacSun sells headwear.,controlled_framing_reuse_response,controlled_framing_fixed_response,fixed candidate_response; varied prompt/framing metadata only
fever_31187::authoritative,fever_31187,Qwen/Qwen2.5-1.5B-Instruct,Qwen/Qwen2.5-1.5B-Instruct,NOT ENOUGH INFO,authoritative,PacSun sells headwear.,controlled_framing_reuse_response,controlled_framing_fixed_response,fixed candidate_response; varied prompt/framing metadata only
fever_22945::neutral,fever_22945,Qwen/Qwen2.5-1.5B-Instruct,Qwen/Qwen2.5-1.5B-Instruct,NOT ENOUGH INFO,neutral,Omar Khadr received a verdict from a jury.,controlled_framing_reuse_response,controlled_framing_fixed_response,fixed candidate_response; varied prompt/framing metadata only
fever_22945::assertive,fever_22945,Qwen/Qwen2.5-1.5B-Instruct,Qwen/Qwen2.5-1.5B-Instruct,NOT ENOUGH INFO,assertive,Omar Khadr received a verdict from a jury.,controlled_framing_reuse_response,controlled_framing_fixed_response,fixed candidate_response; varied prompt/framing metadata only
fever_22945::authoritative,fever_22945,Qwen/Qwen2.5-1.5B-Instruct,Qwen/Qwen2.5-1.5B-Instruct,NOT ENOUGH INFO,authoritative,Omar Khadr received a verdict from a jury.,controlled_framing_reuse_response,controlled_framing_fixed_response,fixed candidate_response; varied prompt/framing metadata only
fever_199759::neutral,fever_199759,Qwen/Qwen2.5-1.5B-Instruct,Qwen/Qwen2.5-1.5B-Instruct,REFUTES,neutral,Tijuana is in Southwestern Mexico.,controlled_framing_reuse_response,controlled_framing_fixed_response,fixed candidate_response; varied prompt/framing metadata only
fever_199759::assertive,fever_199759,Qwen/Qwen2.5-1.5B-Instruct,Qwen/Qwen2.5-1.5B-Instruct,REFUTES,assertive,Tijuana is in Southwestern Mexico.,controlled_framing_reuse_response,controlled_framing_fixed_response,fixed candidate_response; varied prompt/framing metadata only
fever_199759::authoritative,fever_199759,Qwen/Qwen2.5-1.5B-Instruct,Qwen/Qwen2.5-1.5B-Instruct,REFUTES,authoritative,Tijuana is in Southwestern Mexico.,controlled_framing_reuse_response,controlled_framing_fixed_response,fixed candidate_response; varied prompt/framing metadata only
fever_144018::neutral,fever_144018,Qwen/Qwen2.5-1.5B-Instruct,Qwen/Qwen2.5-1.5B-Instruct,SUPPORTS,neutral,"On June 1, 2007, Knocked Up was released.",controlled_framing_reuse_response,controlled_framing_fixed_response,fixed candidate_response; varied prompt/framing metadata only
fever_144018::assertive,fever_144018,Qwen/Qwen2.5-1.5B-Instruct,Qwen/Qwen2.5-1.5B-Instruct,SUPPORTS,assertive,"On June 1, 2007, Knocked Up was released.",controlled_framing_reuse_response,controlled_framing_fixed_response,fixed candidate_response; varied prompt/framing metadata only
fever_144018::authoritative,fever_144018,Qwen/Qwen2.5-1.5B-Instruct,Qwen/Qwen2.5-1.5B-Instruct,SUPPORTS,authoritative,"On June 1, 2007, Knocked Up was released.",controlled_framing_reuse_response,controlled_framing_fixed_response,fixed candidate_response; varied prompt/framing metadata only
fever_33277::neutral,fever_33277,Qwen/Qwen2.5-1.5B-Instruct,Qwen/Qwen2.5-1.5B-Instruct,NOT ENOUGH INFO,neutral,Sandra Bullock was fired by ABC.,controlled_framing_reuse_response,controlled_framing_fixed_response,fixed candidate_response; varied prompt/framing metadata only
fever_33277::assertive,fever_33277,Qwen/Qwen2.5-1.5B-Instruct,Qwen/Qwen2.5-1.5B-Instruct,NOT ENOUGH INFO,assertive,Sandra Bullock was fired by ABC.,controlled_framing_reuse_response,controlled_framing_fixed_response,fixed candidate_response; varied prompt/framing metadata only
fever_33277::authoritative,fever_33277,Qwen/Qwen2.5-1.5B-Instruct,Qwen/Qwen2.5-1.5B-Instruct,NOT ENOUGH INFO,authoritative,Sandra Bullock was fired by ABC.,controlled_framing_reuse_response,controlled_framing_fixed_response,fixed candidate_response; varied prompt/framing metadata only
fever_94616::neutral,fever_94616,Qwen/Qwen2.5-1.5B-Instruct,Qwen/Qwen2.5-1.5B-Instruct,NOT ENOUGH INFO,neutral,Robert Palmer (writer) wrote on a wall.,controlled_framing_reuse_response,controlled_framing_fixed_response,fixed candidate_response; varied prompt/framing metadata only
fever_94616::assertive,fever_94616,Qwen/Qwen2.5-1.5B-Instruct,Qwen/Qwen2.5-1.5B-Instruct,NOT ENOUGH INFO,assertive,Robert Palmer (writer) wrote on a wall.,controlled_framing_reuse_response,controlled_framing_fixed_response,fixed candidate_response; varied prompt/framing metadata only
fever_94616::authoritative,fever_94616,Qwen/Qwen2.5-1.5B-Instruct,Qwen/Qwen2.5-1.5B-Instruct,NOT ENOUGH INFO,authoritative,Robert Palmer (writer) wrote on a wall.,controlled_framing_reuse_response,controlled_framing_fixed_response,fixed candidate_response; varied prompt/framing metadata only
fever_150599::neutral,fever_150599,Qwen/Qwen2.5-1.5B-Instruct,Qwen/Qwen2.5-1.5B-Instruct,NOT ENOUGH INFO,neutral,Derek Hough starred in Heimat.,controlled_framing_reuse_response,controlled_framing_fixed_response,fixed candidate_response; varied prompt/framing metadata only
fever_150599::assertive,fever_150599,Qwen/Qwen2.5-1.5B-Instruct,Qwen/Qwen2.5-1.5B-Instruct,NOT ENOUGH INFO,assertive,Derek Hough starred in Heimat.,controlled_framing_reuse_response,controlled_framing_fixed_response,fixed candidate_response; varied prompt/framing metadata only
fever_150599::authoritative,fever_150599,Qwen/Qwen2.5-1.5B-Instruct,Qwen/Qwen2.5-1.5B-Instruct,NOT ENOUGH INFO,authoritative,Derek Hough starred in Heimat.,controlled_framing_reuse_response,controlled_framing_fixed_response,fixed candidate_response; varied prompt/framing metadata only
fever_93228::neutral,fever_93228,Qwen/Qwen2.5-1.5B-Instruct,Qwen/Qwen2.5-1.5B-Instruct,NOT ENOUGH INFO,neutral,Renato Balestra was the middle child of a family of architects.,controlled_framing_reuse_response,controlled_framing_fixed_response,fixed candidate_response; varied prompt/framing metadata only
fever_93228::assertive,fever_93228,Qwen/Qwen2.5-1.5B-Instruct,Qwen/Qwen2.5-1.5B-Instruct,NOT ENOUGH INFO,assertive,Renato Balestra was the middle child of a family of architects.,controlled_framing_reuse_response,controlled_framing_fixed_response,fixed candidate_response; varied prompt/framing metadata only
fever_93228::authoritative,fever_93228,Qwen/Qwen2.5-1.5B-Instruct,Qwen/Qwen2.5-1.5B-Instruct,NOT ENOUGH INFO,authoritative,Renato Balestra was the middle child of a family of architects.,controlled_framing_reuse_response,controlled_framing_fixed_response,fixed candidate_response; varied prompt/framing metadata only
fever_165867::neutral,fever_165867,Qwen/Qwen2.5-1.5B-Instruct,Qwen/Qwen2.5-1.5B-Instruct,SUPPORTS,neutral,Buffy Summers appears in a film.,controlled_framing_reuse_response,controlled_framing_fixed_response,fixed candidate_response; varied prompt/framing metadata only
fever_165867::assertive,fever_165867,Qwen/Qwen2.5-1.5B-Instruct,Qwen/Qwen2.5-1.5B-Instruct,SUPPORTS,assertive,Buffy Summers appears in a film.,controlled_framing_reuse_response,controlled_framing_fixed_response,fixed candidate_response; varied prompt/framing metadata only
fever_165867::authoritative,fever_165867,Qwen/Qwen2.5-1.5B-Instruct,Qwen/Qwen2.5-1.5B-Instruct,SUPPORTS,authoritative,Buffy Summers appears in a film.,controlled_framing_reuse_response,controlled_framing_fixed_response,fixed candidate_response; varied prompt/framing metadata only
fever_42459::neutral,fever_42459,Qwen/Qwen2.5-1.5B-Instruct,Qwen/Qwen2.5-1.5B-Instruct,NOT ENOUGH INFO,neutral,Eric Church has written over 100 songs.,controlled_framing_reuse_response,controlled_framing_fixed_response,fixed candidate_response; varied prompt/framing metadata only
fever_42459::assertive,fever_42459,Qwen/Qwen2.5-1.5B-Instruct,Qwen/Qwen2.5-1.5B-Instruct,NOT ENOUGH INFO,assertive,Eric Church has written over 100 songs.,controlled_framing_reuse_response,controlled_framing_fixed_response,fixed candidate_response; varied prompt/framing metadata only
fever_42459::authoritative,fever_42459,Qwen/Qwen2.5-1.5B-Instruct,Qwen/Qwen2.5-1.5B-Instruct,NOT ENOUGH INFO,authoritative,Eric Church has written over 100 songs.,controlled_framing_reuse_response,controlled_framing_fixed_response,fixed candidate_response; varied prompt/framing metadata only
fever_144769::neutral,fever_144769,Qwen/Qwen2.5-1.5B-Instruct,Qwen/Qwen2.5-1.5B-Instruct,REFUTES,neutral,Fantastic Four (2005 film) was released only in Australia.,controlled_framing_reuse_response,controlled_framing_fixed_response,fixed candidate_response; varied prompt/framing metadata only
fever_144769::assertive,fever_144769,Qwen/Qwen2.5-1.5B-Instruct,Qwen/Qwen2.5-1.5B-Instruct,REFUTES,assertive,Fantastic Four (2005 film) was released only in Australia.,controlled_framing_reuse_response,controlled_framing_fixed_response,fixed candidate_response; varied prompt/framing metadata only
fever_144769::authoritative,fever_144769,Qwen/Qwen2.5-1.5B-Instruct,Qwen/Qwen2.5-1.5B-Instruct,REFUTES,authoritative,Fantastic Four (2005 film) was released only in Australia.,controlled_framing_reuse_response,controlled_framing_fixed_response,fixed candidate_response; varied prompt/framing metadata only
fever_55079::neutral,fever_55079,Qwen/Qwen2.5-1.5B-Instruct,Qwen/Qwen2.5-1.5B-Instruct,REFUTES,neutral,The Winds of Winter was listed as one of the series' best soundtracks.,controlled_framing_reuse_response,controlled_framing_fixed_response,fixed candidate_response; varied prompt/framing metadata only
fever_55079::assertive,fever_55079,Qwen/Qwen2.5-1.5B-Instruct,Qwen/Qwen2.5-1.5B-Instruct,REFUTES,assertive,The Winds of Winter was listed as one of the series' best soundtracks.,controlled_framing_reuse_response,controlled_framing_fixed_response,fixed candidate_response; varied prompt/framing metadata only
fever_55079::authoritative,fever_55079,Qwen/Qwen2.5-1.5B-Instruct,Qwen/Qwen2.5-1.5B-Instruct,REFUTES,authoritative,The Winds of Winter was listed as one of the series' best soundtracks.,controlled_framing_reuse_response,controlled_framing_fixed_response,fixed candidate_response; varied prompt/framing metadata only
fever_69245::neutral,fever_69245,Qwen/Qwen2.5-1.5B-Instruct,Qwen/Qwen2.5-1.5B-Instruct,NOT ENOUGH INFO,neutral,Cheese in the Trap (TV series) stars Park Hae-jin in Paris.,controlled_framing_reuse_response,controlled_framing_fixed_response,fixed candidate_response; varied prompt/framing metadata only
fever_69245::assertive,fever_69245,Qwen/Qwen2.5-1.5B-Instruct,Qwen/Qwen2.5-1.5B-Instruct,NOT ENOUGH INFO,assertive,Cheese in the Trap (TV series) stars Park Hae-jin in Paris.,controlled_framing_reuse_response,controlled_framing_fixed_response,fixed candidate_response; varied prompt/framing metadata only
fever_69245::authoritative,fever_69245,Qwen/Qwen2.5-1.5B-Instruct,Qwen/Qwen2.5-1.5B-Instruct,NOT ENOUGH INFO,authoritative,Cheese in the Trap (TV series) stars Park Hae-jin in Paris.,controlled_framing_reuse_response,controlled_framing_fixed_response,fixed candidate_response; varied prompt/framing metadata only
fever_123756::neutral,fever_123756,Qwen/Qwen2.5-1.5B-Instruct,Qwen/Qwen2.5-1.5B-Instruct,SUPPORTS,neutral,Papua was formerly called West Iran.,controlled_framing_reuse_response,controlled_framing_fixed_response,fixed candidate_response; varied prompt/framing metadata only
fever_123756::assertive,fever_123756,Qwen/Qwen2.5-1.5B-Instruct,Qwen/Qwen2.5-1.5B-Instruct,SUPPORTS,assertive,Papua was formerly called West Iran.,controlled_framing_reuse_response,controlled_framing_fixed_response,fixed candidate_response; varied prompt/framing metadata only
fever_123756::authoritative,fever_123756,Qwen/Qwen2.5-1.5B-Instruct,Qwen/Qwen2.5-1.5B-Instruct,SUPPORTS,authoritative,Papua was formerly called West Iran.,controlled_framing_reuse_response,controlled_framing_fixed_response,fixed candidate_response; varied prompt/framing metadata only
fever_49249::neutral,fever_49249,Qwen/Qwen2.5-1.5B-Instruct,Qwen/Qwen2.5-1.5B-Instruct,SUPPORTS,neutral,Arizona is in three regions of the United States.,controlled_framing_reuse_response,controlled_framing_fixed_response,fixed candidate_response; varied prompt/framing metadata only
fever_49249::assertive,fever_49249,Qwen/Qwen2.5-1.5B-Instruct,Qwen/Qwen2.5-1.5B-Instruct,SUPPORTS,assertive,Arizona is in three regions of the United States.,controlled_framing_reuse_response,controlled_framing_fixed_response,fixed candidate_response; varied prompt/framing metadata only
fever_49249::authoritative,fever_49249,Qwen/Qwen2.5-1.5B-Instruct,Qwen/Qwen2.5-1.5B-Instruct,SUPPORTS,authoritative,Arizona is in three regions of the United States.,controlled_framing_reuse_response,controlled_framing_fixed_response,fixed candidate_response; varied prompt/framing metadata only
fever_29590::neutral,fever_29590,Qwen/Qwen2.5-1.5B-Instruct,Qwen/Qwen2.5-1.5B-Instruct,SUPPORTS,neutral,In the End was a track on Hybrid Theory.,controlled_framing_reuse_response,controlled_framing_fixed_response,fixed candidate_response; varied prompt/framing metadata only
fever_29590::assertive,fever_29590,Qwen/Qwen2.5-1.5B-Instruct,Qwen/Qwen2.5-1.5B-Instruct,SUPPORTS,assertive,In the End was a track on Hybrid Theory.,controlled_framing_reuse_response,controlled_framing_fixed_response,fixed candidate_response; varied prompt/framing metadata only
fever_29590::authoritative,fever_29590,Qwen/Qwen2.5-1.5B-Instruct,Qwen/Qwen2.5-1.5B-Instruct,SUPPORTS,authoritative,In the End was a track on Hybrid Theory.,controlled_framing_reuse_response,controlled_framing_fixed_response,fixed candidate_response; varied prompt/framing metadata only
fever_225291::neutral,fever_225291,Qwen/Qwen2.5-1.5B-Instruct,Qwen/Qwen2.5-1.5B-Instruct,SUPPORTS,neutral,Michaela Watkins is American.,controlled_framing_reuse_response,controlled_framing_fixed_response,fixed candidate_response; varied prompt/framing metadata only
fever_225291::assertive,fever_225291,Qwen/Qwen2.5-1.5B-Instruct,Qwen/Qwen2.5-1.5B-Instruct,SUPPORTS,assertive,Michaela Watkins is American.,controlled_framing_reuse_response,controlled_framing_fixed_response,fixed candidate_response; varied prompt/framing metadata only
fever_225291::authoritative,fever_225291,Qwen/Qwen2.5-1.5B-Instruct,Qwen/Qwen2.5-1.5B-Instruct,SUPPORTS,authoritative,Michaela Watkins is American.,controlled_framing_reuse_response,controlled_framing_fixed_response,fixed candidate_response; varied prompt/framing metadata only
fever_22220::neutral,fever_22220,Qwen/Qwen2.5-1.5B-Instruct,Qwen/Qwen2.5-1.5B-Instruct,REFUTES,neutral,Miranda Otto is the mother of Lindsay Otto.,controlled_framing_reuse_response,controlled_framing_fixed_response,fixed candidate_response; varied prompt/framing metadata only
fever_22220::assertive,fever_22220,Qwen/Qwen2.5-1.5B-Instruct,Qwen/Qwen2.5-1.5B-Instruct,REFUTES,assertive,Miranda Otto is the mother of Lindsay Otto.,controlled_framing_reuse_response,controlled_framing_fixed_response,fixed candidate_response; varied prompt/framing metadata only
fever_22220::authoritative,fever_22220,Qwen/Qwen2.5-1.5B-Instruct,Qwen/Qwen2.5-1.5B-Instruct,REFUTES,authoritative,Miranda Otto is the mother of Lindsay Otto.,controlled_framing_reuse_response,controlled_framing_fixed_response,fixed candidate_response; varied prompt/framing metadata only
fever_100899::neutral,fever_100899,Qwen/Qwen2.5-1.5B-Instruct,Qwen/Qwen2.5-1.5B-Instruct,NOT ENOUGH INFO,neutral,Penguin Books revolutionized flying in the 1930s.,controlled_framing_reuse_response,controlled_framing_fixed_response,fixed candidate_response; varied prompt/framing metadata only
fever_100899::assertive,fever_100899,Qwen/Qwen2.5-1.5B-Instruct,Qwen/Qwen2.5-1.5B-Instruct,NOT ENOUGH INFO,assertive,Penguin Books revolutionized flying in the 1930s.,controlled_framing_reuse_response,controlled_framing_fixed_response,fixed candidate_response; varied prompt/framing metadata only
fever_100899::authoritative,fever_100899,Qwen/Qwen2.5-1.5B-Instruct,Qwen/Qwen2.5-1.5B-Instruct,NOT ENOUGH INFO,authoritative,Penguin Books revolutionized flying in the 1930s.,controlled_framing_reuse_response,controlled_framing_fixed_response,fixed candidate_response; varied prompt/framing metadata only
fever_46383::neutral,fever_46383,Qwen/Qwen2.5-1.5B-Instruct,Qwen/Qwen2.5-1.5B-Instruct,SUPPORTS,neutral,The White House Press Secretary is a senior official.,controlled_framing_reuse_response,controlled_framing_fixed_response,fixed candidate_response; varied prompt/framing metadata only
fever_46383::assertive,fever_46383,Qwen/Qwen2.5-1.5B-Instruct,Qwen/Qwen2.5-1.5B-Instruct,SUPPORTS,assertive,The White House Press Secretary is a senior official.,controlled_framing_reuse_response,controlled_framing_fixed_response,fixed candidate_response; varied prompt/framing metadata only
fever_46383::authoritative,fever_46383,Qwen/Qwen2.5-1.5B-Instruct,Qwen/Qwen2.5-1.5B-Instruct,SUPPORTS,authoritative,The White House Press Secretary is a senior official.,controlled_framing_reuse_response,controlled_framing_fixed_response,fixed candidate_response; varied prompt/framing metadata only
fever_171639::neutral,fever_171639,Qwen/Qwen2.5-1.5B-Instruct,Qwen/Qwen2.5-1.5B-Instruct,REFUTES,neutral,Dave Gibbons is an Indian writer.,controlled_framing_reuse_response,controlled_framing_fixed_response,fixed candidate_response; varied prompt/framing metadata only
fever_171639::assertive,fever_171639,Qwen/Qwen2.5-1.5B-Instruct,Qwen/Qwen2.5-1.5B-Instruct,REFUTES,assertive,Dave Gibbons is an Indian writer.,controlled_framing_reuse_response,controlled_framing_fixed_response,fixed candidate_response; varied prompt/framing metadata only
fever_171639::authoritative,fever_171639,Qwen/Qwen2.5-1.5B-Instruct,Qwen/Qwen2.5-1.5B-Instruct,REFUTES,authoritative,Dave Gibbons is an Indian writer.,controlled_framing_reuse_response,controlled_framing_fixed_response,fixed candidate_response; varied prompt/framing metadata only
fever_93621::neutral,fever_93621,Qwen/Qwen2.5-1.5B-Instruct,Qwen/Qwen2.5-1.5B-Instruct,REFUTES,neutral,The Armenian Genocide was the Ottoman government's systematic extermination of 1.5 million Jews.,controlled_framing_reuse_response,controlled_framing_fixed_response,fixed candidate_response; varied prompt/framing metadata only
fever_93621::assertive,fever_93621,Qwen/Qwen2.5-1.5B-Instruct,Qwen/Qwen2.5-1.5B-Instruct,REFUTES,assertive,The Armenian Genocide was the Ottoman government's systematic extermination of 1.5 million Jews.,controlled_framing_reuse_response,controlled_framing_fixed_response,fixed candidate_response; varied prompt/framing metadata only
fever_93621::authoritative,fever_93621,Qwen/Qwen2.5-1.5B-Instruct,Qwen/Qwen2.5-1.5B-Instruct,REFUTES,authoritative,The Armenian Genocide was the Ottoman government's systematic extermination of 1.5 million Jews.,controlled_framing_reuse_response,controlled_framing_fixed_response,fixed candidate_response; varied prompt/framing metadata only
fever_113302::neutral,fever_113302,Qwen/Qwen2.5-1.5B-Instruct,Qwen/Qwen2.5-1.5B-Instruct,REFUTES,neutral,Hedda Gabler's world premiere took place in Prague.,controlled_framing_reuse_response,controlled_framing_fixed_response,fixed candidate_response; varied prompt/framing metadata only
fever_113302::assertive,fever_113302,Qwen/Qwen2.5-1.5B-Instruct,Qwen/Qwen2.5-1.5B-Instruct,REFUTES,assertive,Hedda Gabler's world premiere took place in Prague.,controlled_framing_reuse_response,controlled_framing_fixed_response,fixed candidate_response; varied prompt/framing metadata only
fever_113302::authoritative,fever_113302,Qwen/Qwen2.5-1.5B-Instruct,Qwen/Qwen2.5-1.5B-Instruct,REFUTES,authoritative,Hedda Gabler's world premiere took place in Prague.,controlled_framing_reuse_response,controlled_framing_fixed_response,fixed candidate_response; varied prompt/framing metadata only
fever_57773::neutral,fever_57773,Qwen/Qwen2.5-1.5B-Instruct,Qwen/Qwen2.5-1.5B-Instruct,REFUTES,neutral,Peking University is in Shenzhen.,controlled_framing_reuse_response,controlled_framing_fixed_response,fixed candidate_response; varied prompt/framing metadata only
fever_57773::assertive,fever_57773,Qwen/Qwen2.5-1.5B-Instruct,Qwen/Qwen2.5-1.5B-Instruct,REFUTES,assertive,Peking University is in Shenzhen.,controlled_framing_reuse_response,controlled_framing_fixed_response,fixed candidate_response; varied prompt/framing metadata only
fever_57773::authoritative,fever_57773,Qwen/Qwen2.5-1.5B-Instruct,Qwen/Qwen2.5-1.5B-Instruct,REFUTES,authoritative,Peking University is in Shenzhen.,controlled_framing_reuse_response,controlled_framing_fixed_response,fixed candidate_response; varied prompt/framing metadata only
fever_183632::neutral,fever_183632,Qwen/Qwen2.5-1.5B-Instruct,Qwen/Qwen2.5-1.5B-Instruct,NOT ENOUGH INFO,neutral,Finding Dory was written by Harry S. Truman.,controlled_framing_reuse_response,controlled_framing_fixed_response,fixed candidate_response; varied prompt/framing metadata only
fever_183632::assertive,fever_183632,Qwen/Qwen2.5-1.5B-Instruct,Qwen/Qwen2.5-1.5B-Instruct,NOT ENOUGH INFO,assertive,Finding Dory was written by Harry S. Truman.,controlled_framing_reuse_response,controlled_framing_fixed_response,fixed candidate_response; varied prompt/framing metadata only
fever_183632::authoritative,fever_183632,Qwen/Qwen2.5-1.5B-Instruct,Qwen/Qwen2.5-1.5B-Instruct,NOT ENOUGH INFO,authoritative,Finding Dory was written by Harry S. Truman.,controlled_framing_reuse_response,controlled_framing_fixed_response,fixed candidate_response; varied prompt/framing metadata only
fever_95848::neutral,fever_95848,Qwen/Qwen2.5-1.5B-Instruct,Qwen/Qwen2.5-1.5B-Instruct,NOT ENOUGH INFO,neutral,Tim McGraw acted in a 2009 American biographical sports drama play.,controlled_framing_reuse_response,controlled_framing_fixed_response,fixed candidate_response; varied prompt/framing metadata only
fever_95848::assertive,fever_95848,Qwen/Qwen2.5-1.5B-Instruct,Qwen/Qwen2.5-1.5B-Instruct,NOT ENOUGH INFO,assertive,Tim McGraw acted in a 2009 American biographical sports drama play.,controlled_framing_reuse_response,controlled_framing_fixed_response,fixed candidate_response; varied prompt/framing metadata only
fever_95848::authoritative,fever_95848,Qwen/Qwen2.5-1.5B-Instruct,Qwen/Qwen2.5-1.5B-Instruct,NOT ENOUGH INFO,authoritative,Tim McGraw acted in a 2009 American biographical sports drama play.,controlled_framing_reuse_response,controlled_framing_fixed_response,fixed candidate_response; varied prompt/framing metadata only
fever_25339::neutral,fever_25339,Qwen/Qwen2.5-1.5B-Instruct,Qwen/Qwen2.5-1.5B-Instruct,REFUTES,neutral,Jens Stolenberg only held the office of Prime Minister from 2000 to 2001.,controlled_framing_reuse_response,controlled_framing_fixed_response,fixed candidate_response; varied prompt/framing metadata only
fever_25339::assertive,fever_25339,Qwen/Qwen2.5-1.5B-Instruct,Qwen/Qwen2.5-1.5B-Instruct,REFUTES,assertive,Jens Stolenberg only held the office of Prime Minister from 2000 to 2001.,controlled_framing_reuse_response,controlled_framing_fixed_response,fixed candidate_response; varied prompt/framing metadata only
fever_25339::authoritative,fever_25339,Qwen/Qwen2.5-1.5B-Instruct,Qwen/Qwen2.5-1.5B-Instruct,REFUTES,authoritative,Jens Stolenberg only held the office of Prime Minister from 2000 to 2001.,controlled_framing_reuse_response,controlled_framing_fixed_response,fixed candidate_response; varied prompt/framing metadata only
fever_131848::neutral,fever_131848,Qwen/Qwen2.5-1.5B-Instruct,Qwen/Qwen2.5-1.5B-Instruct,NOT ENOUGH INFO,neutral,Garden State was at the dead body.,controlled_framing_reuse_response,controlled_framing_fixed_response,fixed candidate_response; varied prompt/framing metadata only
fever_131848::assertive,fever_131848,Qwen/Qwen2.5-1.5B-Instruct,Qwen/Qwen2.5-1.5B-Instruct,NOT ENOUGH INFO,assertive,Garden State was at the dead body.,controlled_framing_reuse_response,controlled_framing_fixed_response,fixed candidate_response; varied prompt/framing metadata only
fever_131848::authoritative,fever_131848,Qwen/Qwen2.5-1.5B-Instruct,Qwen/Qwen2.5-1.5B-Instruct,NOT ENOUGH INFO,authoritative,Garden State was at the dead body.,controlled_framing_reuse_response,controlled_framing_fixed_response,fixed candidate_response; varied prompt/framing metadata only
fever_190156::neutral,fever_190156,Qwen/Qwen2.5-1.5B-Instruct,Qwen/Qwen2.5-1.5B-Instruct,NOT ENOUGH INFO,neutral,Oscar de la Hoya was named Fighter of the Year in the UFC.,controlled_framing_reuse_response,controlled_framing_fixed_response,fixed candidate_response; varied prompt/framing metadata only
fever_190156::assertive,fever_190156,Qwen/Qwen2.5-1.5B-Instruct,Qwen/Qwen2.5-1.5B-Instruct,NOT ENOUGH INFO,assertive,Oscar de la Hoya was named Fighter of the Year in the UFC.,controlled_framing_reuse_response,controlled_framing_fixed_response,fixed candidate_response; varied prompt/framing metadata only
fever_190156::authoritative,fever_190156,Qwen/Qwen2.5-1.5B-Instruct,Qwen/Qwen2.5-1.5B-Instruct,NOT ENOUGH INFO,authoritative,Oscar de la Hoya was named Fighter of the Year in the UFC.,controlled_framing_reuse_response,controlled_framing_fixed_response,fixed candidate_response; varied prompt/framing metadata only
fever_178328::neutral,fever_178328,Qwen/Qwen2.5-1.5B-Instruct,Qwen/Qwen2.5-1.5B-Instruct,SUPPORTS,neutral,Al Jardine is a rhythm guitarist.,controlled_framing_reuse_response,controlled_framing_fixed_response,fixed candidate_response; varied prompt/framing metadata only
fever_178328::assertive,fever_178328,Qwen/Qwen2.5-1.5B-Instruct,Qwen/Qwen2.5-1.5B-Instruct,SUPPORTS,assertive,Al Jardine is a rhythm guitarist.,controlled_framing_reuse_response,controlled_framing_fixed_response,fixed candidate_response; varied prompt/framing metadata only
fever_178328::authoritative,fever_178328,Qwen/Qwen2.5-1.5B-Instruct,Qwen/Qwen2.5-1.5B-Instruct,SUPPORTS,authoritative,Al Jardine is a rhythm guitarist.,controlled_framing_reuse_response,controlled_framing_fixed_response,fixed candidate_response; varied prompt/framing metadata only
fever_175933::neutral,fever_175933,Qwen/Qwen2.5-1.5B-Instruct,Qwen/Qwen2.5-1.5B-Instruct,SUPPORTS,neutral,Aunt May is a character that appeared in media adaptations of a type of creative work.,controlled_framing_reuse_response,controlled_framing_fixed_response,fixed candidate_response; varied prompt/framing metadata only
fever_175933::assertive,fever_175933,Qwen/Qwen2.5-1.5B-Instruct,Qwen/Qwen2.5-1.5B-Instruct,SUPPORTS,assertive,Aunt May is a character that appeared in media adaptations of a type of creative work.,controlled_framing_reuse_response,controlled_framing_fixed_response,fixed candidate_response; varied prompt/framing metadata only
fever_175933::authoritative,fever_175933,Qwen/Qwen2.5-1.5B-Instruct,Qwen/Qwen2.5-1.5B-Instruct,SUPPORTS,authoritative,Aunt May is a character that appeared in media adaptations of a type of creative work.,controlled_framing_reuse_response,controlled_framing_fixed_response,fixed candidate_response; varied prompt/framing metadata only
fever_54460::neutral,fever_54460,Qwen/Qwen2.5-1.5B-Instruct,Qwen/Qwen2.5-1.5B-Instruct,NOT ENOUGH INFO,neutral,Shane Black finished college in December.,controlled_framing_reuse_response,controlled_framing_fixed_response,fixed candidate_response; varied prompt/framing metadata only
fever_54460::assertive,fever_54460,Qwen/Qwen2.5-1.5B-Instruct,Qwen/Qwen2.5-1.5B-Instruct,NOT ENOUGH INFO,assertive,Shane Black finished college in December.,controlled_framing_reuse_response,controlled_framing_fixed_response,fixed candidate_response; varied prompt/framing metadata only
fever_54460::authoritative,fever_54460,Qwen/Qwen2.5-1.5B-Instruct,Qwen/Qwen2.5-1.5B-Instruct,NOT ENOUGH INFO,authoritative,Shane Black finished college in December.,controlled_framing_reuse_response,controlled_framing_fixed_response,fixed candidate_response; varied prompt/framing metadata only
fever_124397::neutral,fever_124397,Qwen/Qwen2.5-1.5B-Instruct,Qwen/Qwen2.5-1.5B-Instruct,NOT ENOUGH INFO,neutral,Global warming is expected to exacerbate with the retreat of permafrost.,controlled_framing_reuse_response,controlled_framing_fixed_response,fixed candidate_response; varied prompt/framing metadata only
fever_124397::assertive,fever_124397,Qwen/Qwen2.5-1.5B-Instruct,Qwen/Qwen2.5-1.5B-Instruct,NOT ENOUGH INFO,assertive,Global warming is expected to exacerbate with the retreat of permafrost.,controlled_framing_reuse_response,controlled_framing_fixed_response,fixed candidate_response; varied prompt/framing metadata only
fever_124397::authoritative,fever_124397,Qwen/Qwen2.5-1.5B-Instruct,Qwen/Qwen2.5-1.5B-Instruct,NOT ENOUGH INFO,authoritative,Global warming is expected to exacerbate with the retreat of permafrost.,controlled_framing_reuse_response,controlled_framing_fixed_response,fixed candidate_response; varied prompt/framing metadata only
fever_180579::neutral,fever_180579,Qwen/Qwen2.5-1.5B-Instruct,Qwen/Qwen2.5-1.5B-Instruct,SUPPORTS,neutral,Swordfish (film) is a film that is about someone that works with computers.,controlled_framing_reuse_response,controlled_framing_fixed_response,fixed candidate_response; varied prompt/framing metadata only
fever_180579::assertive,fever_180579,Qwen/Qwen2.5-1.5B-Instruct,Qwen/Qwen2.5-1.5B-Instruct,SUPPORTS,assertive,Swordfish (film) is a film that is about someone that works with computers.,controlled_framing_reuse_response,controlled_framing_fixed_response,fixed candidate_response; varied prompt/framing metadata only
fever_180579::authoritative,fever_180579,Qwen/Qwen2.5-1.5B-Instruct,Qwen/Qwen2.5-1.5B-Instruct,SUPPORTS,authoritative,Swordfish (film) is a film that is about someone that works with computers.,controlled_framing_reuse_response,controlled_framing_fixed_response,fixed candidate_response; varied prompt/framing metadata only
fever_72560::neutral,fever_72560,Qwen/Qwen2.5-1.5B-Instruct,Qwen/Qwen2.5-1.5B-Instruct,SUPPORTS,neutral,Jennifer Lopez made an album.,controlled_framing_reuse_response,controlled_framing_fixed_response,fixed candidate_response; varied prompt/framing metadata only
fever_72560::assertive,fever_72560,Qwen/Qwen2.5-1.5B-Instruct,Qwen/Qwen2.5-1.5B-Instruct,SUPPORTS,assertive,Jennifer Lopez made an album.,controlled_framing_reuse_response,controlled_framing_fixed_response,fixed candidate_response; varied prompt/framing metadata only
fever_72560::authoritative,fever_72560,Qwen/Qwen2.5-1.5B-Instruct,Qwen/Qwen2.5-1.5B-Instruct,SUPPORTS,authoritative,Jennifer Lopez made an album.,controlled_framing_reuse_response,controlled_framing_fixed_response,fixed candidate_response; varied prompt/framing metadata only
fever_201378::neutral,fever_201378,Qwen/Qwen2.5-1.5B-Instruct,Qwen/Qwen2.5-1.5B-Instruct,SUPPORTS,neutral,Varsity Blues (film) is an American film.,controlled_framing_reuse_response,controlled_framing_fixed_response,fixed candidate_response; varied prompt/framing metadata only
fever_201378::assertive,fever_201378,Qwen/Qwen2.5-1.5B-Instruct,Qwen/Qwen2.5-1.5B-Instruct,SUPPORTS,assertive,Varsity Blues (film) is an American film.,controlled_framing_reuse_response,controlled_framing_fixed_response,fixed candidate_response; varied prompt/framing metadata only
fever_201378::authoritative,fever_201378,Qwen/Qwen2.5-1.5B-Instruct,Qwen/Qwen2.5-1.5B-Instruct,SUPPORTS,authoritative,Varsity Blues (film) is an American film.,controlled_framing_reuse_response,controlled_framing_fixed_response,fixed candidate_response; varied prompt/framing metadata only
fever_206739::neutral,fever_206739,Qwen/Qwen2.5-1.5B-Instruct,Qwen/Qwen2.5-1.5B-Instruct,NOT ENOUGH INFO,neutral,Samwell Tarly appears in a television.,controlled_framing_reuse_response,controlled_framing_fixed_response,fixed candidate_response; varied prompt/framing metadata only
fever_206739::assertive,fever_206739,Qwen/Qwen2.5-1.5B-Instruct,Qwen/Qwen2.5-1.5B-Instruct,NOT ENOUGH INFO,assertive,Samwell Tarly appears in a television.,controlled_framing_reuse_response,controlled_framing_fixed_response,fixed candidate_response; varied prompt/framing metadata only
fever_206739::authoritative,fever_206739,Qwen/Qwen2.5-1.5B-Instruct,Qwen/Qwen2.5-1.5B-Instruct,NOT ENOUGH INFO,authoritative,Samwell Tarly appears in a television.,controlled_framing_reuse_response,controlled_framing_fixed_response,fixed candidate_response; varied prompt/framing metadata only
fever_150920::neutral,fever_150920,Qwen/Qwen2.5-1.5B-Instruct,Qwen/Qwen2.5-1.5B-Instruct,REFUTES,neutral,Sam Claflin was not in Pirates of the Caribbean: On Stranger Tides.,controlled_framing_reuse_response,controlled_framing_fixed_response,fixed candidate_response; varied prompt/framing metadata only
fever_150920::assertive,fever_150920,Qwen/Qwen2.5-1.5B-Instruct,Qwen/Qwen2.5-1.5B-Instruct,REFUTES,assertive,Sam Claflin was not in Pirates of the Caribbean: On Stranger Tides.,controlled_framing_reuse_response,controlled_framing_fixed_response,fixed candidate_response; varied prompt/framing metadata only
fever_150920::authoritative,fever_150920,Qwen/Qwen2.5-1.5B-Instruct,Qwen/Qwen2.5-1.5B-Instruct,REFUTES,authoritative,Sam Claflin was not in Pirates of the Caribbean: On Stranger Tides.,controlled_framing_reuse_response,controlled_framing_fixed_response,fixed candidate_response; varied prompt/framing metadata only
fever_226101::neutral,fever_226101,Qwen/Qwen2.5-1.5B-Instruct,Qwen/Qwen2.5-1.5B-Instruct,SUPPORTS,neutral,Bongwater follows the story of a drug dealer.,controlled_framing_reuse_response,controlled_framing_fixed_response,fixed candidate_response; varied prompt/framing metadata only
fever_226101::assertive,fever_226101,Qwen/Qwen2.5-1.5B-Instruct,Qwen/Qwen2.5-1.5B-Instruct,SUPPORTS,assertive,Bongwater follows the story of a drug dealer.,controlled_framing_reuse_response,controlled_framing_fixed_response,fixed candidate_response; varied prompt/framing metadata only
fever_226101::authoritative,fever_226101,Qwen/Qwen2.5-1.5B-Instruct,Qwen/Qwen2.5-1.5B-Instruct,SUPPORTS,authoritative,Bongwater follows the story of a drug dealer.,controlled_framing_reuse_response,controlled_framing_fixed_response,fixed candidate_response; varied prompt/framing metadata only
fever_165267::neutral,fever_165267,Qwen/Qwen2.5-1.5B-Instruct,Qwen/Qwen2.5-1.5B-Instruct,REFUTES,neutral,There are no musical or creative works in existence that have been created by Phillip Glass.,controlled_framing_reuse_response,controlled_framing_fixed_response,fixed candidate_response; varied prompt/framing metadata only
fever_165267::assertive,fever_165267,Qwen/Qwen2.5-1.5B-Instruct,Qwen/Qwen2.5-1.5B-Instruct,REFUTES,assertive,There are no musical or creative works in existence that have been created by Phillip Glass.,controlled_framing_reuse_response,controlled_framing_fixed_response,fixed candidate_response; varied prompt/framing metadata only
fever_165267::authoritative,fever_165267,Qwen/Qwen2.5-1.5B-Instruct,Qwen/Qwen2.5-1.5B-Instruct,REFUTES,authoritative,There are no musical or creative works in existence that have been created by Phillip Glass.,controlled_framing_reuse_response,controlled_framing_fixed_response,fixed candidate_response; varied prompt/framing metadata only
fever_84860::neutral,fever_84860,Qwen/Qwen2.5-1.5B-Instruct,Qwen/Qwen2.5-1.5B-Instruct,SUPPORTS,neutral,An example of a virus is rabies.,controlled_framing_reuse_response,controlled_framing_fixed_response,fixed candidate_response; varied prompt/framing metadata only
fever_84860::assertive,fever_84860,Qwen/Qwen2.5-1.5B-Instruct,Qwen/Qwen2.5-1.5B-Instruct,SUPPORTS,assertive,An example of a virus is rabies.,controlled_framing_reuse_response,controlled_framing_fixed_response,fixed candidate_response; varied prompt/framing metadata only
fever_84860::authoritative,fever_84860,Qwen/Qwen2.5-1.5B-Instruct,Qwen/Qwen2.5-1.5B-Instruct,SUPPORTS,authoritative,An example of a virus is rabies.,controlled_framing_reuse_response,controlled_framing_fixed_response,fixed candidate_response; varied prompt/framing metadata only
fever_119718::neutral,fever_119718,Qwen/Qwen2.5-1.5B-Instruct,Qwen/Qwen2.5-1.5B-Instruct,NOT ENOUGH INFO,neutral,Topman is part of a British spy network.,controlled_framing_reuse_response,controlled_framing_fixed_response,fixed candidate_response; varied prompt/framing metadata only
fever_119718::assertive,fever_119718,Qwen/Qwen2.5-1.5B-Instruct,Qwen/Qwen2.5-1.5B-Instruct,NOT ENOUGH INFO,assertive,Topman is part of a British spy network.,controlled_framing_reuse_response,controlled_framing_fixed_response,fixed candidate_response; varied prompt/framing metadata only
fever_119718::authoritative,fever_119718,Qwen/Qwen2.5-1.5B-Instruct,Qwen/Qwen2.5-1.5B-Instruct,NOT ENOUGH INFO,authoritative,Topman is part of a British spy network.,controlled_framing_reuse_response,controlled_framing_fixed_response,fixed candidate_response; varied prompt/framing metadata only
fever_108705::neutral,fever_108705,Qwen/Qwen2.5-1.5B-Instruct,Qwen/Qwen2.5-1.5B-Instruct,REFUTES,neutral,Joe Rogan did not move to Los Angeles in 1994.,controlled_framing_reuse_response,controlled_framing_fixed_response,fixed candidate_response; varied prompt/framing metadata only
fever_108705::assertive,fever_108705,Qwen/Qwen2.5-1.5B-Instruct,Qwen/Qwen2.5-1.5B-Instruct,REFUTES,assertive,Joe Rogan did not move to Los Angeles in 1994.,controlled_framing_reuse_response,controlled_framing_fixed_response,fixed candidate_response; varied prompt/framing metadata only
fever_108705::authoritative,fever_108705,Qwen/Qwen2.5-1.5B-Instruct,Qwen/Qwen2.5-1.5B-Instruct,REFUTES,authoritative,Joe Rogan did not move to Los Angeles in 1994.,controlled_framing_reuse_response,controlled_framing_fixed_response,fixed candidate_response; varied prompt/framing metadata only
fever_212188::neutral,fever_212188,Qwen/Qwen2.5-1.5B-Instruct,Qwen/Qwen2.5-1.5B-Instruct,SUPPORTS,neutral,Miracle at St. Anna tells the story of four soldiers in a Tuscan village.,controlled_framing_reuse_response,controlled_framing_fixed_response,fixed candidate_response; varied prompt/framing metadata only
fever_212188::assertive,fever_212188,Qwen/Qwen2.5-1.5B-Instruct,Qwen/Qwen2.5-1.5B-Instruct,SUPPORTS,assertive,Miracle at St. Anna tells the story of four soldiers in a Tuscan village.,controlled_framing_reuse_response,controlled_framing_fixed_response,fixed candidate_response; varied prompt/framing metadata only
fever_212188::authoritative,fever_212188,Qwen/Qwen2.5-1.5B-Instruct,Qwen/Qwen2.5-1.5B-Instruct,SUPPORTS,authoritative,Miracle at St. Anna tells the story of four soldiers in a Tuscan village.,controlled_framing_reuse_response,controlled_framing_fixed_response,fixed candidate_response; varied prompt/framing metadata only
fever_219124::neutral,fever_219124,Qwen/Qwen2.5-1.5B-Instruct,Qwen/Qwen2.5-1.5B-Instruct,NOT ENOUGH INFO,neutral,Valencia is the seat of government of Valencia.,controlled_framing_reuse_response,controlled_framing_fixed_response,fixed candidate_response; varied prompt/framing metadata only
fever_219124::assertive,fever_219124,Qwen/Qwen2.5-1.5B-Instruct,Qwen/Qwen2.5-1.5B-Instruct,NOT ENOUGH INFO,assertive,Valencia is the seat of government of Valencia.,controlled_framing_reuse_response,controlled_framing_fixed_response,fixed candidate_response; varied prompt/framing metadata only
fever_219124::authoritative,fever_219124,Qwen/Qwen2.5-1.5B-Instruct,Qwen/Qwen2.5-1.5B-Instruct,NOT ENOUGH INFO,authoritative,Valencia is the seat of government of Valencia.,controlled_framing_reuse_response,controlled_framing_fixed_response,fixed candidate_response; varied prompt/framing metadata only
fever_115832::neutral,fever_115832,Qwen/Qwen2.5-1.5B-Instruct,Qwen/Qwen2.5-1.5B-Instruct,SUPPORTS,neutral,Brian Michael Bendis has worked in the movie industry.,controlled_framing_reuse_response,controlled_framing_fixed_response,fixed candidate_response; varied prompt/framing metadata only
fever_115832::assertive,fever_115832,Qwen/Qwen2.5-1.5B-Instruct,Qwen/Qwen2.5-1.5B-Instruct,SUPPORTS,assertive,Brian Michael Bendis has worked in the movie industry.,controlled_framing_reuse_response,controlled_framing_fixed_response,fixed candidate_response; varied prompt/framing metadata only
fever_115832::authoritative,fever_115832,Qwen/Qwen2.5-1.5B-Instruct,Qwen/Qwen2.5-1.5B-Instruct,SUPPORTS,authoritative,Brian Michael Bendis has worked in the movie industry.,controlled_framing_reuse_response,controlled_framing_fixed_response,fixed candidate_response; varied prompt/framing metadata only
fever_114200::neutral,fever_114200,Qwen/Qwen2.5-1.5B-Instruct,Qwen/Qwen2.5-1.5B-Instruct,REFUTES,neutral,The human brain lacks a sleep regulating structure.,controlled_framing_reuse_response,controlled_framing_fixed_response,fixed candidate_response; varied prompt/framing metadata only
fever_114200::assertive,fever_114200,Qwen/Qwen2.5-1.5B-Instruct,Qwen/Qwen2.5-1.5B-Instruct,REFUTES,assertive,The human brain lacks a sleep regulating structure.,controlled_framing_reuse_response,controlled_framing_fixed_response,fixed candidate_response; varied prompt/framing metadata only
fever_114200::authoritative,fever_114200,Qwen/Qwen2.5-1.5B-Instruct,Qwen/Qwen2.5-1.5B-Instruct,REFUTES,authoritative,The human brain lacks a sleep regulating structure.,controlled_framing_reuse_response,controlled_framing_fixed_response,fixed candidate_response; varied prompt/framing metadata only
fever_126973::neutral,fever_126973,Qwen/Qwen2.5-1.5B-Instruct,Qwen/Qwen2.5-1.5B-Instruct,REFUTES,neutral,The horse has not grown in size as it evolved.,controlled_framing_reuse_response,controlled_framing_fixed_response,fixed candidate_response; varied prompt/framing metadata only
fever_126973::assertive,fever_126973,Qwen/Qwen2.5-1.5B-Instruct,Qwen/Qwen2.5-1.5B-Instruct,REFUTES,assertive,The horse has not grown in size as it evolved.,controlled_framing_reuse_response,controlled_framing_fixed_response,fixed candidate_response; varied prompt/framing metadata only
fever_126973::authoritative,fever_126973,Qwen/Qwen2.5-1.5B-Instruct,Qwen/Qwen2.5-1.5B-Instruct,REFUTES,authoritative,The horse has not grown in size as it evolved.,controlled_framing_reuse_response,controlled_framing_fixed_response,fixed candidate_response; varied prompt/framing metadata only
fever_94414::neutral,fever_94414,Qwen/Qwen2.5-1.5B-Instruct,Qwen/Qwen2.5-1.5B-Instruct,REFUTES,neutral,Rupert Murdoch is powerless over News Corp.,controlled_framing_reuse_response,controlled_framing_fixed_response,fixed candidate_response; varied prompt/framing metadata only
fever_94414::assertive,fever_94414,Qwen/Qwen2.5-1.5B-Instruct,Qwen/Qwen2.5-1.5B-Instruct,REFUTES,assertive,Rupert Murdoch is powerless over News Corp.,controlled_framing_reuse_response,controlled_framing_fixed_response,fixed candidate_response; varied prompt/framing metadata only
fever_94414::authoritative,fever_94414,Qwen/Qwen2.5-1.5B-Instruct,Qwen/Qwen2.5-1.5B-Instruct,REFUTES,authoritative,Rupert Murdoch is powerless over News Corp.,controlled_framing_reuse_response,controlled_framing_fixed_response,fixed candidate_response; varied prompt/framing metadata only
fever_166654::neutral,fever_166654,Qwen/Qwen2.5-1.5B-Instruct,Qwen/Qwen2.5-1.5B-Instruct,SUPPORTS,neutral,Anne Rice lived in the twenty first century.,controlled_framing_reuse_response,controlled_framing_fixed_response,fixed candidate_response; varied prompt/framing metadata only
fever_166654::assertive,fever_166654,Qwen/Qwen2.5-1.5B-Instruct,Qwen/Qwen2.5-1.5B-Instruct,SUPPORTS,assertive,Anne Rice lived in the twenty first century.,controlled_framing_reuse_response,controlled_framing_fixed_response,fixed candidate_response; varied prompt/framing metadata only
fever_166654::authoritative,fever_166654,Qwen/Qwen2.5-1.5B-Instruct,Qwen/Qwen2.5-1.5B-Instruct,SUPPORTS,authoritative,Anne Rice lived in the twenty first century.,controlled_framing_reuse_response,controlled_framing_fixed_response,fixed candidate_response; varied prompt/framing metadata only
fever_202475::neutral,fever_202475,Qwen/Qwen2.5-1.5B-Instruct,Qwen/Qwen2.5-1.5B-Instruct,REFUTES,neutral,Tinker Tailor Soldier Spy only stars Gary Oldman.,controlled_framing_reuse_response,controlled_framing_fixed_response,fixed candidate_response; varied prompt/framing metadata only
fever_202475::assertive,fever_202475,Qwen/Qwen2.5-1.5B-Instruct,Qwen/Qwen2.5-1.5B-Instruct,REFUTES,assertive,Tinker Tailor Soldier Spy only stars Gary Oldman.,controlled_framing_reuse_response,controlled_framing_fixed_response,fixed candidate_response; varied prompt/framing metadata only
fever_202475::authoritative,fever_202475,Qwen/Qwen2.5-1.5B-Instruct,Qwen/Qwen2.5-1.5B-Instruct,REFUTES,authoritative,Tinker Tailor Soldier Spy only stars Gary Oldman.,controlled_framing_reuse_response,controlled_framing_fixed_response,fixed candidate_response; varied prompt/framing metadata only
fever_76323::neutral,fever_76323,Qwen/Qwen2.5-1.5B-Instruct,Qwen/Qwen2.5-1.5B-Instruct,SUPPORTS,neutral,Some of the University of Mississippi's students are minorities.,controlled_framing_reuse_response,controlled_framing_fixed_response,fixed candidate_response; varied prompt/framing metadata only
fever_76323::assertive,fever_76323,Qwen/Qwen2.5-1.5B-Instruct,Qwen/Qwen2.5-1.5B-Instruct,SUPPORTS,assertive,Some of the University of Mississippi's students are minorities.,controlled_framing_reuse_response,controlled_framing_fixed_response,fixed candidate_response; varied prompt/framing metadata only
fever_76323::authoritative,fever_76323,Qwen/Qwen2.5-1.5B-Instruct,Qwen/Qwen2.5-1.5B-Instruct,SUPPORTS,authoritative,Some of the University of Mississippi's students are minorities.,controlled_framing_reuse_response,controlled_framing_fixed_response,fixed candidate_response; varied prompt/framing metadata only
fever_142224::neutral,fever_142224,Qwen/Qwen2.5-1.5B-Instruct,Qwen/Qwen2.5-1.5B-Instruct,SUPPORTS,neutral,Hindu Kush is a geographic feature.,controlled_framing_reuse_response,controlled_framing_fixed_response,fixed candidate_response; varied prompt/framing metadata only
fever_142224::assertive,fever_142224,Qwen/Qwen2.5-1.5B-Instruct,Qwen/Qwen2.5-1.5B-Instruct,SUPPORTS,assertive,Hindu Kush is a geographic feature.,controlled_framing_reuse_response,controlled_framing_fixed_response,fixed candidate_response; varied prompt/framing metadata only
fever_142224::authoritative,fever_142224,Qwen/Qwen2.5-1.5B-Instruct,Qwen/Qwen2.5-1.5B-Instruct,SUPPORTS,authoritative,Hindu Kush is a geographic feature.,controlled_framing_reuse_response,controlled_framing_fixed_response,fixed candidate_response; varied prompt/framing metadata only
fever_47357::neutral,fever_47357,Qwen/Qwen2.5-1.5B-Instruct,Qwen/Qwen2.5-1.5B-Instruct,SUPPORTS,neutral,Margaret Thatcher implemented policies.,controlled_framing_reuse_response,controlled_framing_fixed_response,fixed candidate_response; varied prompt/framing metadata only
fever_47357::assertive,fever_47357,Qwen/Qwen2.5-1.5B-Instruct,Qwen/Qwen2.5-1.5B-Instruct,SUPPORTS,assertive,Margaret Thatcher implemented policies.,controlled_framing_reuse_response,controlled_framing_fixed_response,fixed candidate_response; varied prompt/framing metadata only
fever_47357::authoritative,fever_47357,Qwen/Qwen2.5-1.5B-Instruct,Qwen/Qwen2.5-1.5B-Instruct,SUPPORTS,authoritative,Margaret Thatcher implemented policies.,controlled_framing_reuse_response,controlled_framing_fixed_response,fixed candidate_response; varied prompt/framing metadata only
fever_152011::neutral,fever_152011,Qwen/Qwen2.5-1.5B-Instruct,Qwen/Qwen2.5-1.5B-Instruct,SUPPORTS,neutral,"Around the age of 60, amyotrophic lateral sclerosis usually starts.",controlled_framing_reuse_response,controlled_framing_fixed_response,fixed candidate_response; varied prompt/framing metadata only
fever_152011::assertive,fever_152011,Qwen/Qwen2.5-1.5B-Instruct,Qwen/Qwen2.5-1.5B-Instruct,SUPPORTS,assertive,"Around the age of 60, amyotrophic lateral sclerosis usually starts.",controlled_framing_reuse_response,controlled_framing_fixed_response,fixed candidate_response; varied prompt/framing metadata only
fever_152011::authoritative,fever_152011,Qwen/Qwen2.5-1.5B-Instruct,Qwen/Qwen2.5-1.5B-Instruct,SUPPORTS,authoritative,"Around the age of 60, amyotrophic lateral sclerosis usually starts.",controlled_framing_reuse_response,controlled_framing_fixed_response,fixed candidate_response; varied prompt/framing metadata only
fever_100683::neutral,fever_100683,Qwen/Qwen2.5-1.5B-Instruct,Qwen/Qwen2.5-1.5B-Instruct,REFUTES,neutral,James VI and I razed the Plantation of UIster.,controlled_framing_reuse_response,controlled_framing_fixed_response,fixed candidate_response; varied prompt/framing metadata only
fever_100683::assertive,fever_100683,Qwen/Qwen2.5-1.5B-Instruct,Qwen/Qwen2.5-1.5B-Instruct,REFUTES,assertive,James VI and I razed the Plantation of UIster.,controlled_framing_reuse_response,controlled_framing_fixed_response,fixed candidate_response; varied prompt/framing metadata only
fever_100683::authoritative,fever_100683,Qwen/Qwen2.5-1.5B-Instruct,Qwen/Qwen2.5-1.5B-Instruct,REFUTES,authoritative,James VI and I razed the Plantation of UIster.,controlled_framing_reuse_response,controlled_framing_fixed_response,fixed candidate_response; varied prompt/framing metadata only
fever_194471::neutral,fever_194471,Qwen/Qwen2.5-1.5B-Instruct,Qwen/Qwen2.5-1.5B-Instruct,NOT ENOUGH INFO,neutral,Tilda Swinton is Irish.,controlled_framing_reuse_response,controlled_framing_fixed_response,fixed candidate_response; varied prompt/framing metadata only
fever_194471::assertive,fever_194471,Qwen/Qwen2.5-1.5B-Instruct,Qwen/Qwen2.5-1.5B-Instruct,NOT ENOUGH INFO,assertive,Tilda Swinton is Irish.,controlled_framing_reuse_response,controlled_framing_fixed_response,fixed candidate_response; varied prompt/framing metadata only
fever_194471::authoritative,fever_194471,Qwen/Qwen2.5-1.5B-Instruct,Qwen/Qwen2.5-1.5B-Instruct,NOT ENOUGH INFO,authoritative,Tilda Swinton is Irish.,controlled_framing_reuse_response,controlled_framing_fixed_response,fixed candidate_response; varied prompt/framing metadata only
fever_96562::neutral,fever_96562,Qwen/Qwen2.5-1.5B-Instruct,Qwen/Qwen2.5-1.5B-Instruct,NOT ENOUGH INFO,neutral,Jennifer Lopez dated Matt Damon.,controlled_framing_reuse_response,controlled_framing_fixed_response,fixed candidate_response; varied prompt/framing metadata only
fever_96562::assertive,fever_96562,Qwen/Qwen2.5-1.5B-Instruct,Qwen/Qwen2.5-1.5B-Instruct,NOT ENOUGH INFO,assertive,Jennifer Lopez dated Matt Damon.,controlled_framing_reuse_response,controlled_framing_fixed_response,fixed candidate_response; varied prompt/framing metadata only
fever_96562::authoritative,fever_96562,Qwen/Qwen2.5-1.5B-Instruct,Qwen/Qwen2.5-1.5B-Instruct,NOT ENOUGH INFO,authoritative,Jennifer Lopez dated Matt Damon.,controlled_framing_reuse_response,controlled_framing_fixed_response,fixed candidate_response; varied prompt/framing metadata only
fever_123411::neutral,fever_123411,Qwen/Qwen2.5-1.5B-Instruct,Qwen/Qwen2.5-1.5B-Instruct,REFUTES,neutral,The Daily Show described itself as a sports news program.,controlled_framing_reuse_response,controlled_framing_fixed_response,fixed candidate_response; varied prompt/framing metadata only
fever_123411::assertive,fever_123411,Qwen/Qwen2.5-1.5B-Instruct,Qwen/Qwen2.5-1.5B-Instruct,REFUTES,assertive,The Daily Show described itself as a sports news program.,controlled_framing_reuse_response,controlled_framing_fixed_response,fixed candidate_response; varied prompt/framing metadata only
fever_123411::authoritative,fever_123411,Qwen/Qwen2.5-1.5B-Instruct,Qwen/Qwen2.5-1.5B-Instruct,REFUTES,authoritative,The Daily Show described itself as a sports news program.,controlled_framing_reuse_response,controlled_framing_fixed_response,fixed candidate_response; varied prompt/framing metadata only
fever_105664::neutral,fever_105664,Qwen/Qwen2.5-1.5B-Instruct,Qwen/Qwen2.5-1.5B-Instruct,REFUTES,neutral,Advertising is barely an audio form of marketing communication.,controlled_framing_reuse_response,controlled_framing_fixed_response,fixed candidate_response; varied prompt/framing metadata only
fever_105664::assertive,fever_105664,Qwen/Qwen2.5-1.5B-Instruct,Qwen/Qwen2.5-1.5B-Instruct,REFUTES,assertive,Advertising is barely an audio form of marketing communication.,controlled_framing_reuse_response,controlled_framing_fixed_response,fixed candidate_response; varied prompt/framing metadata only
fever_105664::authoritative,fever_105664,Qwen/Qwen2.5-1.5B-Instruct,Qwen/Qwen2.5-1.5B-Instruct,REFUTES,authoritative,Advertising is barely an audio form of marketing communication.,controlled_framing_reuse_response,controlled_framing_fixed_response,fixed candidate_response; varied prompt/framing metadata only
fever_120678::neutral,fever_120678,Qwen/Qwen2.5-1.5B-Instruct,Qwen/Qwen2.5-1.5B-Instruct,REFUTES,neutral,Margaret Thatcher was the first woman to lead a major political party in the 2000s.,controlled_framing_reuse_response,controlled_framing_fixed_response,fixed candidate_response; varied prompt/framing metadata only
fever_120678::assertive,fever_120678,Qwen/Qwen2.5-1.5B-Instruct,Qwen/Qwen2.5-1.5B-Instruct,REFUTES,assertive,Margaret Thatcher was the first woman to lead a major political party in the 2000s.,controlled_framing_reuse_response,controlled_framing_fixed_response,fixed candidate_response; varied prompt/framing metadata only
fever_120678::authoritative,fever_120678,Qwen/Qwen2.5-1.5B-Instruct,Qwen/Qwen2.5-1.5B-Instruct,REFUTES,authoritative,Margaret Thatcher was the first woman to lead a major political party in the 2000s.,controlled_framing_reuse_response,controlled_framing_fixed_response,fixed candidate_response; varied prompt/framing metadata only
fever_18065::neutral,fever_18065,Qwen/Qwen2.5-1.5B-Instruct,Qwen/Qwen2.5-1.5B-Instruct,REFUTES,neutral,Colombiana was produced by Olivier Megaton.,controlled_framing_reuse_response,controlled_framing_fixed_response,fixed candidate_response; varied prompt/framing metadata only
fever_18065::assertive,fever_18065,Qwen/Qwen2.5-1.5B-Instruct,Qwen/Qwen2.5-1.5B-Instruct,REFUTES,assertive,Colombiana was produced by Olivier Megaton.,controlled_framing_reuse_response,controlled_framing_fixed_response,fixed candidate_response; varied prompt/framing metadata only
fever_18065::authoritative,fever_18065,Qwen/Qwen2.5-1.5B-Instruct,Qwen/Qwen2.5-1.5B-Instruct,REFUTES,authoritative,Colombiana was produced by Olivier Megaton.,controlled_framing_reuse_response,controlled_framing_fixed_response,fixed candidate_response; varied prompt/framing metadata only
fever_185208::neutral,fever_185208,Qwen/Qwen2.5-1.5B-Instruct,Qwen/Qwen2.5-1.5B-Instruct,NOT ENOUGH INFO,neutral,Home for the Holidays stars an American flag.,controlled_framing_reuse_response,controlled_framing_fixed_response,fixed candidate_response; varied prompt/framing metadata only
fever_185208::assertive,fever_185208,Qwen/Qwen2.5-1.5B-Instruct,Qwen/Qwen2.5-1.5B-Instruct,NOT ENOUGH INFO,assertive,Home for the Holidays stars an American flag.,controlled_framing_reuse_response,controlled_framing_fixed_response,fixed candidate_response; varied prompt/framing metadata only
fever_185208::authoritative,fever_185208,Qwen/Qwen2.5-1.5B-Instruct,Qwen/Qwen2.5-1.5B-Instruct,NOT ENOUGH INFO,authoritative,Home for the Holidays stars an American flag.,controlled_framing_reuse_response,controlled_framing_fixed_response,fixed candidate_response; varied prompt/framing metadata only
fever_35377::neutral,fever_35377,Qwen/Qwen2.5-1.5B-Instruct,Qwen/Qwen2.5-1.5B-Instruct,NOT ENOUGH INFO,neutral,Sikkim is a part of the Andes.,controlled_framing_reuse_response,controlled_framing_fixed_response,fixed candidate_response; varied prompt/framing metadata only
fever_35377::assertive,fever_35377,Qwen/Qwen2.5-1.5B-Instruct,Qwen/Qwen2.5-1.5B-Instruct,NOT ENOUGH INFO,assertive,Sikkim is a part of the Andes.,controlled_framing_reuse_response,controlled_framing_fixed_response,fixed candidate_response; varied prompt/framing metadata only
fever_35377::authoritative,fever_35377,Qwen/Qwen2.5-1.5B-Instruct,Qwen/Qwen2.5-1.5B-Instruct,NOT ENOUGH INFO,authoritative,Sikkim is a part of the Andes.,controlled_framing_reuse_response,controlled_framing_fixed_response,fixed candidate_response; varied prompt/framing metadata only
fever_18377::neutral,fever_18377,Qwen/Qwen2.5-1.5B-Instruct,Qwen/Qwen2.5-1.5B-Instruct,NOT ENOUGH INFO,neutral,Jack Falahee is dead.,controlled_framing_reuse_response,controlled_framing_fixed_response,fixed candidate_response; varied prompt/framing metadata only
fever_18377::assertive,fever_18377,Qwen/Qwen2.5-1.5B-Instruct,Qwen/Qwen2.5-1.5B-Instruct,NOT ENOUGH INFO,assertive,Jack Falahee is dead.,controlled_framing_reuse_response,controlled_framing_fixed_response,fixed candidate_response; varied prompt/framing metadata only
fever_18377::authoritative,fever_18377,Qwen/Qwen2.5-1.5B-Instruct,Qwen/Qwen2.5-1.5B-Instruct,NOT ENOUGH INFO,authoritative,Jack Falahee is dead.,controlled_framing_reuse_response,controlled_framing_fixed_response,fixed candidate_response; varied prompt/framing metadata only
fever_63339::neutral,fever_63339,Qwen/Qwen2.5-1.5B-Instruct,Qwen/Qwen2.5-1.5B-Instruct,NOT ENOUGH INFO,neutral,The Mirny (sloop-of-war) was a 20-gun warship.,controlled_framing_reuse_response,controlled_framing_fixed_response,fixed candidate_response; varied prompt/framing metadata only
fever_63339::assertive,fever_63339,Qwen/Qwen2.5-1.5B-Instruct,Qwen/Qwen2.5-1.5B-Instruct,NOT ENOUGH INFO,assertive,The Mirny (sloop-of-war) was a 20-gun warship.,controlled_framing_reuse_response,controlled_framing_fixed_response,fixed candidate_response; varied prompt/framing metadata only
fever_63339::authoritative,fever_63339,Qwen/Qwen2.5-1.5B-Instruct,Qwen/Qwen2.5-1.5B-Instruct,NOT ENOUGH INFO,authoritative,The Mirny (sloop-of-war) was a 20-gun warship.,controlled_framing_reuse_response,controlled_framing_fixed_response,fixed candidate_response; varied prompt/framing metadata only
fever_182442::neutral,fever_182442,Qwen/Qwen2.5-1.5B-Instruct,Qwen/Qwen2.5-1.5B-Instruct,SUPPORTS,neutral,Epistemology is the study of the rationality of belief.,controlled_framing_reuse_response,controlled_framing_fixed_response,fixed candidate_response; varied prompt/framing metadata only
fever_182442::assertive,fever_182442,Qwen/Qwen2.5-1.5B-Instruct,Qwen/Qwen2.5-1.5B-Instruct,SUPPORTS,assertive,Epistemology is the study of the rationality of belief.,controlled_framing_reuse_response,controlled_framing_fixed_response,fixed candidate_response; varied prompt/framing metadata only
fever_182442::authoritative,fever_182442,Qwen/Qwen2.5-1.5B-Instruct,Qwen/Qwen2.5-1.5B-Instruct,SUPPORTS,authoritative,Epistemology is the study of the rationality of belief.,controlled_framing_reuse_response,controlled_framing_fixed_response,fixed candidate_response; varied prompt/framing metadata only
fever_4350::neutral,fever_4350,Qwen/Qwen2.5-1.5B-Instruct,Qwen/Qwen2.5-1.5B-Instruct,SUPPORTS,neutral,Kendall Jenner is a model.,controlled_framing_reuse_response,controlled_framing_fixed_response,fixed candidate_response; varied prompt/framing metadata only
fever_4350::assertive,fever_4350,Qwen/Qwen2.5-1.5B-Instruct,Qwen/Qwen2.5-1.5B-Instruct,SUPPORTS,assertive,Kendall Jenner is a model.,controlled_framing_reuse_response,controlled_framing_fixed_response,fixed candidate_response; varied prompt/framing metadata only
fever_4350::authoritative,fever_4350,Qwen/Qwen2.5-1.5B-Instruct,Qwen/Qwen2.5-1.5B-Instruct,SUPPORTS,authoritative,Kendall Jenner is a model.,controlled_framing_reuse_response,controlled_framing_fixed_response,fixed candidate_response; varied prompt/framing metadata only
fever_217667::neutral,fever_217667,Qwen/Qwen2.5-1.5B-Instruct,Qwen/Qwen2.5-1.5B-Instruct,NOT ENOUGH INFO,neutral,The Pelican Brief is a 1993 legal political thriller of American production.,controlled_framing_reuse_response,controlled_framing_fixed_response,fixed candidate_response; varied prompt/framing metadata only
fever_217667::assertive,fever_217667,Qwen/Qwen2.5-1.5B-Instruct,Qwen/Qwen2.5-1.5B-Instruct,NOT ENOUGH INFO,assertive,The Pelican Brief is a 1993 legal political thriller of American production.,controlled_framing_reuse_response,controlled_framing_fixed_response,fixed candidate_response; varied prompt/framing metadata only
fever_217667::authoritative,fever_217667,Qwen/Qwen2.5-1.5B-Instruct,Qwen/Qwen2.5-1.5B-Instruct,NOT ENOUGH INFO,authoritative,The Pelican Brief is a 1993 legal political thriller of American production.,controlled_framing_reuse_response,controlled_framing_fixed_response,fixed candidate_response; varied prompt/framing metadata only
fever_185409::neutral,fever_185409,Qwen/Qwen2.5-1.5B-Instruct,Qwen/Qwen2.5-1.5B-Instruct,NOT ENOUGH INFO,neutral,Rick Rosner wrote the TV series that CHiPs is based on.,controlled_framing_reuse_response,controlled_framing_fixed_response,fixed candidate_response; varied prompt/framing metadata only
fever_185409::assertive,fever_185409,Qwen/Qwen2.5-1.5B-Instruct,Qwen/Qwen2.5-1.5B-Instruct,NOT ENOUGH INFO,assertive,Rick Rosner wrote the TV series that CHiPs is based on.,controlled_framing_reuse_response,controlled_framing_fixed_response,fixed candidate_response; varied prompt/framing metadata only
fever_185409::authoritative,fever_185409,Qwen/Qwen2.5-1.5B-Instruct,Qwen/Qwen2.5-1.5B-Instruct,NOT ENOUGH INFO,authoritative,Rick Rosner wrote the TV series that CHiPs is based on.,controlled_framing_reuse_response,controlled_framing_fixed_response,fixed candidate_response; varied prompt/framing metadata only
fever_212771::neutral,fever_212771,Qwen/Qwen2.5-1.5B-Instruct,Qwen/Qwen2.5-1.5B-Instruct,NOT ENOUGH INFO,neutral,The undergraduate college of Harvard University became coeducational in 1977.,controlled_framing_reuse_response,controlled_framing_fixed_response,fixed candidate_response; varied prompt/framing metadata only
fever_212771::assertive,fever_212771,Qwen/Qwen2.5-1.5B-Instruct,Qwen/Qwen2.5-1.5B-Instruct,NOT ENOUGH INFO,assertive,The undergraduate college of Harvard University became coeducational in 1977.,controlled_framing_reuse_response,controlled_framing_fixed_response,fixed candidate_response; varied prompt/framing metadata only
fever_212771::authoritative,fever_212771,Qwen/Qwen2.5-1.5B-Instruct,Qwen/Qwen2.5-1.5B-Instruct,NOT ENOUGH INFO,authoritative,The undergraduate college of Harvard University became coeducational in 1977.,controlled_framing_reuse_response,controlled_framing_fixed_response,fixed candidate_response; varied prompt/framing metadata only
fever_187225::neutral,fever_187225,Qwen/Qwen2.5-1.5B-Instruct,Qwen/Qwen2.5-1.5B-Instruct,NOT ENOUGH INFO,neutral,The Hurt Locker was only ever released in the UK in 2010.,controlled_framing_reuse_response,controlled_framing_fixed_response,fixed candidate_response; varied prompt/framing metadata only
fever_187225::assertive,fever_187225,Qwen/Qwen2.5-1.5B-Instruct,Qwen/Qwen2.5-1.5B-Instruct,NOT ENOUGH INFO,assertive,The Hurt Locker was only ever released in the UK in 2010.,controlled_framing_reuse_response,controlled_framing_fixed_response,fixed candidate_response; varied prompt/framing metadata only
fever_187225::authoritative,fever_187225,Qwen/Qwen2.5-1.5B-Instruct,Qwen/Qwen2.5-1.5B-Instruct,NOT ENOUGH INFO,authoritative,The Hurt Locker was only ever released in the UK in 2010.,controlled_framing_reuse_response,controlled_framing_fixed_response,fixed candidate_response; varied prompt/framing metadata only
fever_186941::neutral,fever_186941,Qwen/Qwen2.5-1.5B-Instruct,Qwen/Qwen2.5-1.5B-Instruct,REFUTES,neutral,Cher was released only by Sony Music.,controlled_framing_reuse_response,controlled_framing_fixed_response,fixed candidate_response; varied prompt/framing metadata only
fever_186941::assertive,fever_186941,Qwen/Qwen2.5-1.5B-Instruct,Qwen/Qwen2.5-1.5B-Instruct,REFUTES,assertive,Cher was released only by Sony Music.,controlled_framing_reuse_response,controlled_framing_fixed_response,fixed candidate_response; varied prompt/framing metadata only
fever_186941::authoritative,fever_186941,Qwen/Qwen2.5-1.5B-Instruct,Qwen/Qwen2.5-1.5B-Instruct,REFUTES,authoritative,Cher was released only by Sony Music.,controlled_framing_reuse_response,controlled_framing_fixed_response,fixed candidate_response; varied prompt/framing metadata only
fever_181863::neutral,fever_181863,Qwen/Qwen2.5-1.5B-Instruct,Qwen/Qwen2.5-1.5B-Instruct,NOT ENOUGH INFO,neutral,Princess Mononoke has a violent animal.,controlled_framing_reuse_response,controlled_framing_fixed_response,fixed candidate_response; varied prompt/framing metadata only
fever_181863::assertive,fever_181863,Qwen/Qwen2.5-1.5B-Instruct,Qwen/Qwen2.5-1.5B-Instruct,NOT ENOUGH INFO,assertive,Princess Mononoke has a violent animal.,controlled_framing_reuse_response,controlled_framing_fixed_response,fixed candidate_response; varied prompt/framing metadata only
fever_181863::authoritative,fever_181863,Qwen/Qwen2.5-1.5B-Instruct,Qwen/Qwen2.5-1.5B-Instruct,NOT ENOUGH INFO,authoritative,Princess Mononoke has a violent animal.,controlled_framing_reuse_response,controlled_framing_fixed_response,fixed candidate_response; varied prompt/framing metadata only
fever_92172::neutral,fever_92172,Qwen/Qwen2.5-1.5B-Instruct,Qwen/Qwen2.5-1.5B-Instruct,NOT ENOUGH INFO,neutral,Neil Diamond is a painter.,controlled_framing_reuse_response,controlled_framing_fixed_response,fixed candidate_response; varied prompt/framing metadata only
fever_92172::assertive,fever_92172,Qwen/Qwen2.5-1.5B-Instruct,Qwen/Qwen2.5-1.5B-Instruct,NOT ENOUGH INFO,assertive,Neil Diamond is a painter.,controlled_framing_reuse_response,controlled_framing_fixed_response,fixed candidate_response; varied prompt/framing metadata only
fever_92172::authoritative,fever_92172,Qwen/Qwen2.5-1.5B-Instruct,Qwen/Qwen2.5-1.5B-Instruct,NOT ENOUGH INFO,authoritative,Neil Diamond is a painter.,controlled_framing_reuse_response,controlled_framing_fixed_response,fixed candidate_response; varied prompt/framing metadata only
fever_223772::neutral,fever_223772,Qwen/Qwen2.5-1.5B-Instruct,Qwen/Qwen2.5-1.5B-Instruct,NOT ENOUGH INFO,neutral,Ralph Fults was a Roaring Twenties era outlaw and escape artist.,controlled_framing_reuse_response,controlled_framing_fixed_response,fixed candidate_response; varied prompt/framing metadata only
fever_223772::assertive,fever_223772,Qwen/Qwen2.5-1.5B-Instruct,Qwen/Qwen2.5-1.5B-Instruct,NOT ENOUGH INFO,assertive,Ralph Fults was a Roaring Twenties era outlaw and escape artist.,controlled_framing_reuse_response,controlled_framing_fixed_response,fixed candidate_response; varied prompt/framing metadata only
fever_223772::authoritative,fever_223772,Qwen/Qwen2.5-1.5B-Instruct,Qwen/Qwen2.5-1.5B-Instruct,NOT ENOUGH INFO,authoritative,Ralph Fults was a Roaring Twenties era outlaw and escape artist.,controlled_framing_reuse_response,controlled_framing_fixed_response,fixed candidate_response; varied prompt/framing metadata only
fever_15883::neutral,fever_15883,Qwen/Qwen2.5-1.5B-Instruct,Qwen/Qwen2.5-1.5B-Instruct,SUPPORTS,neutral,The Concert for Bangladesh provided valuable lessons and inspiration for projects that followed.,controlled_framing_reuse_response,controlled_framing_fixed_response,fixed candidate_response; varied prompt/framing metadata only
fever_15883::assertive,fever_15883,Qwen/Qwen2.5-1.5B-Instruct,Qwen/Qwen2.5-1.5B-Instruct,SUPPORTS,assertive,The Concert for Bangladesh provided valuable lessons and inspiration for projects that followed.,controlled_framing_reuse_response,controlled_framing_fixed_response,fixed candidate_response; varied prompt/framing metadata only
fever_15883::authoritative,fever_15883,Qwen/Qwen2.5-1.5B-Instruct,Qwen/Qwen2.5-1.5B-Instruct,SUPPORTS,authoritative,The Concert for Bangladesh provided valuable lessons and inspiration for projects that followed.,controlled_framing_reuse_response,controlled_framing_fixed_response,fixed candidate_response; varied prompt/framing metadata only
fever_19721::neutral,fever_19721,Qwen/Qwen2.5-1.5B-Instruct,Qwen/Qwen2.5-1.5B-Instruct,REFUTES,neutral,The Indian Institute of Management Bangalore refuses to provide a post graduate program.,controlled_framing_reuse_response,controlled_framing_fixed_response,fixed candidate_response; varied prompt/framing metadata only
fever_19721::assertive,fever_19721,Qwen/Qwen2.5-1.5B-Instruct,Qwen/Qwen2.5-1.5B-Instruct,REFUTES,assertive,The Indian Institute of Management Bangalore refuses to provide a post graduate program.,controlled_framing_reuse_response,controlled_framing_fixed_response,fixed candidate_response; varied prompt/framing metadata only
fever_19721::authoritative,fever_19721,Qwen/Qwen2.5-1.5B-Instruct,Qwen/Qwen2.5-1.5B-Instruct,REFUTES,authoritative,The Indian Institute of Management Bangalore refuses to provide a post graduate program.,controlled_framing_reuse_response,controlled_framing_fixed_response,fixed candidate_response; varied prompt/framing metadata only
fever_116755::neutral,fever_116755,Qwen/Qwen2.5-1.5B-Instruct,Qwen/Qwen2.5-1.5B-Instruct,NOT ENOUGH INFO,neutral,Trollhunters was directed by DreamWorks Animation.,controlled_framing_reuse_response,controlled_framing_fixed_response,fixed candidate_response; varied prompt/framing metadata only
fever_116755::assertive,fever_116755,Qwen/Qwen2.5-1.5B-Instruct,Qwen/Qwen2.5-1.5B-Instruct,NOT ENOUGH INFO,assertive,Trollhunters was directed by DreamWorks Animation.,controlled_framing_reuse_response,controlled_framing_fixed_response,fixed candidate_response; varied prompt/framing metadata only
fever_116755::authoritative,fever_116755,Qwen/Qwen2.5-1.5B-Instruct,Qwen/Qwen2.5-1.5B-Instruct,NOT ENOUGH INFO,authoritative,Trollhunters was directed by DreamWorks Animation.,controlled_framing_reuse_response,controlled_framing_fixed_response,fixed candidate_response; varied prompt/framing metadata only
fever_219138::neutral,fever_219138,Qwen/Qwen2.5-1.5B-Instruct,Qwen/Qwen2.5-1.5B-Instruct,NOT ENOUGH INFO,neutral,Valencia is in the mountains.,controlled_framing_reuse_response,controlled_framing_fixed_response,fixed candidate_response; varied prompt/framing metadata only
fever_219138::assertive,fever_219138,Qwen/Qwen2.5-1.5B-Instruct,Qwen/Qwen2.5-1.5B-Instruct,NOT ENOUGH INFO,assertive,Valencia is in the mountains.,controlled_framing_reuse_response,controlled_framing_fixed_response,fixed candidate_response; varied prompt/framing metadata only
fever_219138::authoritative,fever_219138,Qwen/Qwen2.5-1.5B-Instruct,Qwen/Qwen2.5-1.5B-Instruct,NOT ENOUGH INFO,authoritative,Valencia is in the mountains.,controlled_framing_reuse_response,controlled_framing_fixed_response,fixed candidate_response; varied prompt/framing metadata only
fever_193890::neutral,fever_193890,Qwen/Qwen2.5-1.5B-Instruct,Qwen/Qwen2.5-1.5B-Instruct,NOT ENOUGH INFO,neutral,Bea Arthur was a vegan.,controlled_framing_reuse_response,controlled_framing_fixed_response,fixed candidate_response; varied prompt/framing metadata only
fever_193890::assertive,fever_193890,Qwen/Qwen2.5-1.5B-Instruct,Qwen/Qwen2.5-1.5B-Instruct,NOT ENOUGH INFO,assertive,Bea Arthur was a vegan.,controlled_framing_reuse_response,controlled_framing_fixed_response,fixed candidate_response; varied prompt/framing metadata only
fever_193890::authoritative,fever_193890,Qwen/Qwen2.5-1.5B-Instruct,Qwen/Qwen2.5-1.5B-Instruct,NOT ENOUGH INFO,authoritative,Bea Arthur was a vegan.,controlled_framing_reuse_response,controlled_framing_fixed_response,fixed candidate_response; varied prompt/framing metadata only
fever_63373::neutral,fever_63373,Qwen/Qwen2.5-1.5B-Instruct,Qwen/Qwen2.5-1.5B-Instruct,SUPPORTS,neutral,Billie Joe Armstrong is an American musician.,controlled_framing_reuse_response,controlled_framing_fixed_response,fixed candidate_response; varied prompt/framing metadata only
fever_63373::assertive,fever_63373,Qwen/Qwen2.5-1.5B-Instruct,Qwen/Qwen2.5-1.5B-Instruct,SUPPORTS,assertive,Billie Joe Armstrong is an American musician.,controlled_framing_reuse_response,controlled_framing_fixed_response,fixed candidate_response; varied prompt/framing metadata only
fever_63373::authoritative,fever_63373,Qwen/Qwen2.5-1.5B-Instruct,Qwen/Qwen2.5-1.5B-Instruct,SUPPORTS,authoritative,Billie Joe Armstrong is an American musician.,controlled_framing_reuse_response,controlled_framing_fixed_response,fixed candidate_response; varied prompt/framing metadata only
fever_145013::neutral,fever_145013,Qwen/Qwen2.5-1.5B-Instruct,Qwen/Qwen2.5-1.5B-Instruct,REFUTES,neutral,Shane McMahon is not a wrestler.,controlled_framing_reuse_response,controlled_framing_fixed_response,fixed candidate_response; varied prompt/framing metadata only
fever_145013::assertive,fever_145013,Qwen/Qwen2.5-1.5B-Instruct,Qwen/Qwen2.5-1.5B-Instruct,REFUTES,assertive,Shane McMahon is not a wrestler.,controlled_framing_reuse_response,controlled_framing_fixed_response,fixed candidate_response; varied prompt/framing metadata only
fever_145013::authoritative,fever_145013,Qwen/Qwen2.5-1.5B-Instruct,Qwen/Qwen2.5-1.5B-Instruct,REFUTES,authoritative,Shane McMahon is not a wrestler.,controlled_framing_reuse_response,controlled_framing_fixed_response,fixed candidate_response; varied prompt/framing metadata only
fever_195817::neutral,fever_195817,Qwen/Qwen2.5-1.5B-Instruct,Qwen/Qwen2.5-1.5B-Instruct,SUPPORTS,neutral,Jeong Hyeong-don has worked under FNC Entertainment.,controlled_framing_reuse_response,controlled_framing_fixed_response,fixed candidate_response; varied prompt/framing metadata only
fever_195817::assertive,fever_195817,Qwen/Qwen2.5-1.5B-Instruct,Qwen/Qwen2.5-1.5B-Instruct,SUPPORTS,assertive,Jeong Hyeong-don has worked under FNC Entertainment.,controlled_framing_reuse_response,controlled_framing_fixed_response,fixed candidate_response; varied prompt/framing metadata only
fever_195817::authoritative,fever_195817,Qwen/Qwen2.5-1.5B-Instruct,Qwen/Qwen2.5-1.5B-Instruct,SUPPORTS,authoritative,Jeong Hyeong-don has worked under FNC Entertainment.,controlled_framing_reuse_response,controlled_framing_fixed_response,fixed candidate_response; varied prompt/framing metadata only
fever_124862::neutral,fever_124862,Qwen/Qwen2.5-1.5B-Instruct,Qwen/Qwen2.5-1.5B-Instruct,REFUTES,neutral,How to Train Your Dragon 2 used old animation software.,controlled_framing_reuse_response,controlled_framing_fixed_response,fixed candidate_response; varied prompt/framing metadata only
fever_124862::assertive,fever_124862,Qwen/Qwen2.5-1.5B-Instruct,Qwen/Qwen2.5-1.5B-Instruct,REFUTES,assertive,How to Train Your Dragon 2 used old animation software.,controlled_framing_reuse_response,controlled_framing_fixed_response,fixed candidate_response; varied prompt/framing metadata only
fever_124862::authoritative,fever_124862,Qwen/Qwen2.5-1.5B-Instruct,Qwen/Qwen2.5-1.5B-Instruct,REFUTES,authoritative,How to Train Your Dragon 2 used old animation software.,controlled_framing_reuse_response,controlled_framing_fixed_response,fixed candidate_response; varied prompt/framing metadata only
fever_209855::neutral,fever_209855,Qwen/Qwen2.5-1.5B-Instruct,Qwen/Qwen2.5-1.5B-Instruct,REFUTES,neutral,Tie Your Mother Down was released as a single in 1976.,controlled_framing_reuse_response,controlled_framing_fixed_response,fixed candidate_response; varied prompt/framing metadata only
fever_209855::assertive,fever_209855,Qwen/Qwen2.5-1.5B-Instruct,Qwen/Qwen2.5-1.5B-Instruct,REFUTES,assertive,Tie Your Mother Down was released as a single in 1976.,controlled_framing_reuse_response,controlled_framing_fixed_response,fixed candidate_response; varied prompt/framing metadata only
fever_209855::authoritative,fever_209855,Qwen/Qwen2.5-1.5B-Instruct,Qwen/Qwen2.5-1.5B-Instruct,REFUTES,authoritative,Tie Your Mother Down was released as a single in 1976.,controlled_framing_reuse_response,controlled_framing_fixed_response,fixed candidate_response; varied prompt/framing metadata only
fever_119915::neutral,fever_119915,Qwen/Qwen2.5-1.5B-Instruct,Qwen/Qwen2.5-1.5B-Instruct,SUPPORTS,neutral,"NRG Recording Studios is located outside of North Hollywood, California.",controlled_framing_reuse_response,controlled_framing_fixed_response,fixed candidate_response; varied prompt/framing metadata only
fever_119915::assertive,fever_119915,Qwen/Qwen2.5-1.5B-Instruct,Qwen/Qwen2.5-1.5B-Instruct,SUPPORTS,assertive,"NRG Recording Studios is located outside of North Hollywood, California.",controlled_framing_reuse_response,controlled_framing_fixed_response,fixed candidate_response; varied prompt/framing metadata only
fever_119915::authoritative,fever_119915,Qwen/Qwen2.5-1.5B-Instruct,Qwen/Qwen2.5-1.5B-Instruct,SUPPORTS,authoritative,"NRG Recording Studios is located outside of North Hollywood, California.",controlled_framing_reuse_response,controlled_framing_fixed_response,fixed candidate_response; varied prompt/framing metadata only
fever_179298::neutral,fever_179298,Qwen/Qwen2.5-1.5B-Instruct,Qwen/Qwen2.5-1.5B-Instruct,NOT ENOUGH INFO,neutral,Franchising is regulated in thirty-three states.,controlled_framing_reuse_response,controlled_framing_fixed_response,fixed candidate_response; varied prompt/framing metadata only
fever_179298::assertive,fever_179298,Qwen/Qwen2.5-1.5B-Instruct,Qwen/Qwen2.5-1.5B-Instruct,NOT ENOUGH INFO,assertive,Franchising is regulated in thirty-three states.,controlled_framing_reuse_response,controlled_framing_fixed_response,fixed candidate_response; varied prompt/framing metadata only
fever_179298::authoritative,fever_179298,Qwen/Qwen2.5-1.5B-Instruct,Qwen/Qwen2.5-1.5B-Instruct,NOT ENOUGH INFO,authoritative,Franchising is regulated in thirty-three states.,controlled_framing_reuse_response,controlled_framing_fixed_response,fixed candidate_response; varied prompt/framing metadata only
fever_112277::neutral,fever_112277,Qwen/Qwen2.5-1.5B-Instruct,Qwen/Qwen2.5-1.5B-Instruct,REFUTES,neutral,"Stanley Williams was executed in March 5th, 2005.",controlled_framing_reuse_response,controlled_framing_fixed_response,fixed candidate_response; varied prompt/framing metadata only
fever_112277::assertive,fever_112277,Qwen/Qwen2.5-1.5B-Instruct,Qwen/Qwen2.5-1.5B-Instruct,REFUTES,assertive,"Stanley Williams was executed in March 5th, 2005.",controlled_framing_reuse_response,controlled_framing_fixed_response,fixed candidate_response; varied prompt/framing metadata only
fever_112277::authoritative,fever_112277,Qwen/Qwen2.5-1.5B-Instruct,Qwen/Qwen2.5-1.5B-Instruct,REFUTES,authoritative,"Stanley Williams was executed in March 5th, 2005.",controlled_framing_reuse_response,controlled_framing_fixed_response,fixed candidate_response; varied prompt/framing metadata only
fever_74007::neutral,fever_74007,Qwen/Qwen2.5-1.5B-Instruct,Qwen/Qwen2.5-1.5B-Instruct,NOT ENOUGH INFO,neutral,Duff McKagan is Texan.,controlled_framing_reuse_response,controlled_framing_fixed_response,fixed candidate_response; varied prompt/framing metadata only
fever_74007::assertive,fever_74007,Qwen/Qwen2.5-1.5B-Instruct,Qwen/Qwen2.5-1.5B-Instruct,NOT ENOUGH INFO,assertive,Duff McKagan is Texan.,controlled_framing_reuse_response,controlled_framing_fixed_response,fixed candidate_response; varied prompt/framing metadata only
fever_74007::authoritative,fever_74007,Qwen/Qwen2.5-1.5B-Instruct,Qwen/Qwen2.5-1.5B-Instruct,NOT ENOUGH INFO,authoritative,Duff McKagan is Texan.,controlled_framing_reuse_response,controlled_framing_fixed_response,fixed candidate_response; varied prompt/framing metadata only
fever_43041::neutral,fever_43041,Qwen/Qwen2.5-1.5B-Instruct,Qwen/Qwen2.5-1.5B-Instruct,SUPPORTS,neutral,Ingushetia was established on June.,controlled_framing_reuse_response,controlled_framing_fixed_response,fixed candidate_response; varied prompt/framing metadata only
fever_43041::assertive,fever_43041,Qwen/Qwen2.5-1.5B-Instruct,Qwen/Qwen2.5-1.5B-Instruct,SUPPORTS,assertive,Ingushetia was established on June.,controlled_framing_reuse_response,controlled_framing_fixed_response,fixed candidate_response; varied prompt/framing metadata only
fever_43041::authoritative,fever_43041,Qwen/Qwen2.5-1.5B-Instruct,Qwen/Qwen2.5-1.5B-Instruct,SUPPORTS,authoritative,Ingushetia was established on June.,controlled_framing_reuse_response,controlled_framing_fixed_response,fixed candidate_response; varied prompt/framing metadata only
fever_150916::neutral,fever_150916,Qwen/Qwen2.5-1.5B-Instruct,Qwen/Qwen2.5-1.5B-Instruct,SUPPORTS,neutral,"Fidel Castro transferred, to his brother, his responsibilities.",controlled_framing_reuse_response,controlled_framing_fixed_response,fixed candidate_response; varied prompt/framing metadata only
fever_150916::assertive,fever_150916,Qwen/Qwen2.5-1.5B-Instruct,Qwen/Qwen2.5-1.5B-Instruct,SUPPORTS,assertive,"Fidel Castro transferred, to his brother, his responsibilities.",controlled_framing_reuse_response,controlled_framing_fixed_response,fixed candidate_response; varied prompt/framing metadata only
fever_150916::authoritative,fever_150916,Qwen/Qwen2.5-1.5B-Instruct,Qwen/Qwen2.5-1.5B-Instruct,SUPPORTS,authoritative,"Fidel Castro transferred, to his brother, his responsibilities.",controlled_framing_reuse_response,controlled_framing_fixed_response,fixed candidate_response; varied prompt/framing metadata only
fever_28735::neutral,fever_28735,Qwen/Qwen2.5-1.5B-Instruct,Qwen/Qwen2.5-1.5B-Instruct,NOT ENOUGH INFO,neutral,John Krasinski is a follower.,controlled_framing_reuse_response,controlled_framing_fixed_response,fixed candidate_response; varied prompt/framing metadata only
fever_28735::assertive,fever_28735,Qwen/Qwen2.5-1.5B-Instruct,Qwen/Qwen2.5-1.5B-Instruct,NOT ENOUGH INFO,assertive,John Krasinski is a follower.,controlled_framing_reuse_response,controlled_framing_fixed_response,fixed candidate_response; varied prompt/framing metadata only
fever_28735::authoritative,fever_28735,Qwen/Qwen2.5-1.5B-Instruct,Qwen/Qwen2.5-1.5B-Instruct,NOT ENOUGH INFO,authoritative,John Krasinski is a follower.,controlled_framing_reuse_response,controlled_framing_fixed_response,fixed candidate_response; varied prompt/framing metadata only
fever_220205::neutral,fever_220205,Qwen/Qwen2.5-1.5B-Instruct,Qwen/Qwen2.5-1.5B-Instruct,SUPPORTS,neutral,Raabta (song) is a romantic Hindi song from a movie.,controlled_framing_reuse_response,controlled_framing_fixed_response,fixed candidate_response; varied prompt/framing metadata only
fever_220205::assertive,fever_220205,Qwen/Qwen2.5-1.5B-Instruct,Qwen/Qwen2.5-1.5B-Instruct,SUPPORTS,assertive,Raabta (song) is a romantic Hindi song from a movie.,controlled_framing_reuse_response,controlled_framing_fixed_response,fixed candidate_response; varied prompt/framing metadata only
fever_220205::authoritative,fever_220205,Qwen/Qwen2.5-1.5B-Instruct,Qwen/Qwen2.5-1.5B-Instruct,SUPPORTS,authoritative,Raabta (song) is a romantic Hindi song from a movie.,controlled_framing_reuse_response,controlled_framing_fixed_response,fixed candidate_response; varied prompt/framing metadata only
fever_9075::neutral,fever_9075,Qwen/Qwen2.5-1.5B-Instruct,Qwen/Qwen2.5-1.5B-Instruct,REFUTES,neutral,"Eric Church was born May 3, 1975.",controlled_framing_reuse_response,controlled_framing_fixed_response,fixed candidate_response; varied prompt/framing metadata only
fever_9075::assertive,fever_9075,Qwen/Qwen2.5-1.5B-Instruct,Qwen/Qwen2.5-1.5B-Instruct,REFUTES,assertive,"Eric Church was born May 3, 1975.",controlled_framing_reuse_response,controlled_framing_fixed_response,fixed candidate_response; varied prompt/framing metadata only
fever_9075::authoritative,fever_9075,Qwen/Qwen2.5-1.5B-Instruct,Qwen/Qwen2.5-1.5B-Instruct,REFUTES,authoritative,"Eric Church was born May 3, 1975.",controlled_framing_reuse_response,controlled_framing_fixed_response,fixed candidate_response; varied prompt/framing metadata only
fever_212338::neutral,fever_212338,Qwen/Qwen2.5-1.5B-Instruct,Qwen/Qwen2.5-1.5B-Instruct,NOT ENOUGH INFO,neutral,Mary-Kate Olsen and Ashley Olsen are former child actresses in Hollywood.,controlled_framing_reuse_response,controlled_framing_fixed_response,fixed candidate_response; varied prompt/framing metadata only
fever_212338::assertive,fever_212338,Qwen/Qwen2.5-1.5B-Instruct,Qwen/Qwen2.5-1.5B-Instruct,NOT ENOUGH INFO,assertive,Mary-Kate Olsen and Ashley Olsen are former child actresses in Hollywood.,controlled_framing_reuse_response,controlled_framing_fixed_response,fixed candidate_response; varied prompt/framing metadata only
fever_212338::authoritative,fever_212338,Qwen/Qwen2.5-1.5B-Instruct,Qwen/Qwen2.5-1.5B-Instruct,NOT ENOUGH INFO,authoritative,Mary-Kate Olsen and Ashley Olsen are former child actresses in Hollywood.,controlled_framing_reuse_response,controlled_framing_fixed_response,fixed candidate_response; varied prompt/framing metadata only
fever_178159::neutral,fever_178159,Qwen/Qwen2.5-1.5B-Instruct,Qwen/Qwen2.5-1.5B-Instruct,SUPPORTS,neutral,The World Trade Center opened in NYC.,controlled_framing_reuse_response,controlled_framing_fixed_response,fixed candidate_response; varied prompt/framing metadata only
fever_178159::assertive,fever_178159,Qwen/Qwen2.5-1.5B-Instruct,Qwen/Qwen2.5-1.5B-Instruct,SUPPORTS,assertive,The World Trade Center opened in NYC.,controlled_framing_reuse_response,controlled_framing_fixed_response,fixed candidate_response; varied prompt/framing metadata only
fever_178159::authoritative,fever_178159,Qwen/Qwen2.5-1.5B-Instruct,Qwen/Qwen2.5-1.5B-Instruct,SUPPORTS,authoritative,The World Trade Center opened in NYC.,controlled_framing_reuse_response,controlled_framing_fixed_response,fixed candidate_response; varied prompt/framing metadata only
fever_204453::neutral,fever_204453,Qwen/Qwen2.5-1.5B-Instruct,Qwen/Qwen2.5-1.5B-Instruct,NOT ENOUGH INFO,neutral,Brad Wilk started his career as a drummer in 2000.,controlled_framing_reuse_response,controlled_framing_fixed_response,fixed candidate_response; varied prompt/framing metadata only
fever_204453::assertive,fever_204453,Qwen/Qwen2.5-1.5B-Instruct,Qwen/Qwen2.5-1.5B-Instruct,NOT ENOUGH INFO,assertive,Brad Wilk started his career as a drummer in 2000.,controlled_framing_reuse_response,controlled_framing_fixed_response,fixed candidate_response; varied prompt/framing metadata only
fever_204453::authoritative,fever_204453,Qwen/Qwen2.5-1.5B-Instruct,Qwen/Qwen2.5-1.5B-Instruct,NOT ENOUGH INFO,authoritative,Brad Wilk started his career as a drummer in 2000.,controlled_framing_reuse_response,controlled_framing_fixed_response,fixed candidate_response; varied prompt/framing metadata only
fever_81096::neutral,fever_81096,Qwen/Qwen2.5-1.5B-Instruct,Qwen/Qwen2.5-1.5B-Instruct,REFUTES,neutral,Andrew Kevin Walker is a cat.,controlled_framing_reuse_response,controlled_framing_fixed_response,fixed candidate_response; varied prompt/framing metadata only
fever_81096::assertive,fever_81096,Qwen/Qwen2.5-1.5B-Instruct,Qwen/Qwen2.5-1.5B-Instruct,REFUTES,assertive,Andrew Kevin Walker is a cat.,controlled_framing_reuse_response,controlled_framing_fixed_response,fixed candidate_response; varied prompt/framing metadata only
fever_81096::authoritative,fever_81096,Qwen/Qwen2.5-1.5B-Instruct,Qwen/Qwen2.5-1.5B-Instruct,REFUTES,authoritative,Andrew Kevin Walker is a cat.,controlled_framing_reuse_response,controlled_framing_fixed_response,fixed candidate_response; varied prompt/framing metadata only
fever_10272::neutral,fever_10272,Qwen/Qwen2.5-1.5B-Instruct,Qwen/Qwen2.5-1.5B-Instruct,REFUTES,neutral,Taran Killam isn't a writer.,controlled_framing_reuse_response,controlled_framing_fixed_response,fixed candidate_response; varied prompt/framing metadata only
fever_10272::assertive,fever_10272,Qwen/Qwen2.5-1.5B-Instruct,Qwen/Qwen2.5-1.5B-Instruct,REFUTES,assertive,Taran Killam isn't a writer.,controlled_framing_reuse_response,controlled_framing_fixed_response,fixed candidate_response; varied prompt/framing metadata only
fever_10272::authoritative,fever_10272,Qwen/Qwen2.5-1.5B-Instruct,Qwen/Qwen2.5-1.5B-Instruct,REFUTES,authoritative,Taran Killam isn't a writer.,controlled_framing_reuse_response,controlled_framing_fixed_response,fixed candidate_response; varied prompt/framing metadata only
fever_218244::neutral,fever_218244,Qwen/Qwen2.5-1.5B-Instruct,Qwen/Qwen2.5-1.5B-Instruct,SUPPORTS,neutral,Libya is the 16th largest country in the world in 2017.,controlled_framing_reuse_response,controlled_framing_fixed_response,fixed candidate_response; varied prompt/framing metadata only
fever_218244::assertive,fever_218244,Qwen/Qwen2.5-1.5B-Instruct,Qwen/Qwen2.5-1.5B-Instruct,SUPPORTS,assertive,Libya is the 16th largest country in the world in 2017.,controlled_framing_reuse_response,controlled_framing_fixed_response,fixed candidate_response; varied prompt/framing metadata only
fever_218244::authoritative,fever_218244,Qwen/Qwen2.5-1.5B-Instruct,Qwen/Qwen2.5-1.5B-Instruct,SUPPORTS,authoritative,Libya is the 16th largest country in the world in 2017.,controlled_framing_reuse_response,controlled_framing_fixed_response,fixed candidate_response; varied prompt/framing metadata only
fever_196749::neutral,fever_196749,Qwen/Qwen2.5-1.5B-Instruct,Qwen/Qwen2.5-1.5B-Instruct,REFUTES,neutral,Marnie is an Italian film.,controlled_framing_reuse_response,controlled_framing_fixed_response,fixed candidate_response; varied prompt/framing metadata only
fever_196749::assertive,fever_196749,Qwen/Qwen2.5-1.5B-Instruct,Qwen/Qwen2.5-1.5B-Instruct,REFUTES,assertive,Marnie is an Italian film.,controlled_framing_reuse_response,controlled_framing_fixed_response,fixed candidate_response; varied prompt/framing metadata only
fever_196749::authoritative,fever_196749,Qwen/Qwen2.5-1.5B-Instruct,Qwen/Qwen2.5-1.5B-Instruct,REFUTES,authoritative,Marnie is an Italian film.,controlled_framing_reuse_response,controlled_framing_fixed_response,fixed candidate_response; varied prompt/framing metadata only
fever_18835::neutral,fever_18835,Qwen/Qwen2.5-1.5B-Instruct,Qwen/Qwen2.5-1.5B-Instruct,REFUTES,neutral,"Rhythm Nation was covered by an American singer, and songwriter Crystal Kay.",controlled_framing_reuse_response,controlled_framing_fixed_response,fixed candidate_response; varied prompt/framing metadata only
fever_18835::assertive,fever_18835,Qwen/Qwen2.5-1.5B-Instruct,Qwen/Qwen2.5-1.5B-Instruct,REFUTES,assertive,"Rhythm Nation was covered by an American singer, and songwriter Crystal Kay.",controlled_framing_reuse_response,controlled_framing_fixed_response,fixed candidate_response; varied prompt/framing metadata only
fever_18835::authoritative,fever_18835,Qwen/Qwen2.5-1.5B-Instruct,Qwen/Qwen2.5-1.5B-Instruct,REFUTES,authoritative,"Rhythm Nation was covered by an American singer, and songwriter Crystal Kay.",controlled_framing_reuse_response,controlled_framing_fixed_response,fixed candidate_response; varied prompt/framing metadata only
fever_50910::neutral,fever_50910,Qwen/Qwen2.5-1.5B-Instruct,Qwen/Qwen2.5-1.5B-Instruct,REFUTES,neutral,Poldark does not air on the BBC.,controlled_framing_reuse_response,controlled_framing_fixed_response,fixed candidate_response; varied prompt/framing metadata only
fever_50910::assertive,fever_50910,Qwen/Qwen2.5-1.5B-Instruct,Qwen/Qwen2.5-1.5B-Instruct,REFUTES,assertive,Poldark does not air on the BBC.,controlled_framing_reuse_response,controlled_framing_fixed_response,fixed candidate_response; varied prompt/framing metadata only
fever_50910::authoritative,fever_50910,Qwen/Qwen2.5-1.5B-Instruct,Qwen/Qwen2.5-1.5B-Instruct,REFUTES,authoritative,Poldark does not air on the BBC.,controlled_framing_reuse_response,controlled_framing_fixed_response,fixed candidate_response; varied prompt/framing metadata only
fever_218463::neutral,fever_218463,Qwen/Qwen2.5-1.5B-Instruct,Qwen/Qwen2.5-1.5B-Instruct,NOT ENOUGH INFO,neutral,The Hanford Site hosts a research center.,controlled_framing_reuse_response,controlled_framing_fixed_response,fixed candidate_response; varied prompt/framing metadata only
fever_218463::assertive,fever_218463,Qwen/Qwen2.5-1.5B-Instruct,Qwen/Qwen2.5-1.5B-Instruct,NOT ENOUGH INFO,assertive,The Hanford Site hosts a research center.,controlled_framing_reuse_response,controlled_framing_fixed_response,fixed candidate_response; varied prompt/framing metadata only
fever_218463::authoritative,fever_218463,Qwen/Qwen2.5-1.5B-Instruct,Qwen/Qwen2.5-1.5B-Instruct,NOT ENOUGH INFO,authoritative,The Hanford Site hosts a research center.,controlled_framing_reuse_response,controlled_framing_fixed_response,fixed candidate_response; varied prompt/framing metadata only
fever_108837::neutral,fever_108837,Qwen/Qwen2.5-1.5B-Instruct,Qwen/Qwen2.5-1.5B-Instruct,REFUTES,neutral,"Kesha was born on March 2nd, 1999.",controlled_framing_reuse_response,controlled_framing_fixed_response,fixed candidate_response; varied prompt/framing metadata only
fever_108837::assertive,fever_108837,Qwen/Qwen2.5-1.5B-Instruct,Qwen/Qwen2.5-1.5B-Instruct,REFUTES,assertive,"Kesha was born on March 2nd, 1999.",controlled_framing_reuse_response,controlled_framing_fixed_response,fixed candidate_response; varied prompt/framing metadata only
fever_108837::authoritative,fever_108837,Qwen/Qwen2.5-1.5B-Instruct,Qwen/Qwen2.5-1.5B-Instruct,REFUTES,authoritative,"Kesha was born on March 2nd, 1999.",controlled_framing_reuse_response,controlled_framing_fixed_response,fixed candidate_response; varied prompt/framing metadata only
fever_225303::neutral,fever_225303,Qwen/Qwen2.5-1.5B-Instruct,Qwen/Qwen2.5-1.5B-Instruct,SUPPORTS,neutral,Michaela Watkins was born in December.,controlled_framing_reuse_response,controlled_framing_fixed_response,fixed candidate_response; varied prompt/framing metadata only
fever_225303::assertive,fever_225303,Qwen/Qwen2.5-1.5B-Instruct,Qwen/Qwen2.5-1.5B-Instruct,SUPPORTS,assertive,Michaela Watkins was born in December.,controlled_framing_reuse_response,controlled_framing_fixed_response,fixed candidate_response; varied prompt/framing metadata only
fever_225303::authoritative,fever_225303,Qwen/Qwen2.5-1.5B-Instruct,Qwen/Qwen2.5-1.5B-Instruct,SUPPORTS,authoritative,Michaela Watkins was born in December.,controlled_framing_reuse_response,controlled_framing_fixed_response,fixed candidate_response; varied prompt/framing metadata only
fever_151241::neutral,fever_151241,Qwen/Qwen2.5-1.5B-Instruct,Qwen/Qwen2.5-1.5B-Instruct,REFUTES,neutral,Garden State was at a corpse exhibition.,controlled_framing_reuse_response,controlled_framing_fixed_response,fixed candidate_response; varied prompt/framing metadata only
fever_151241::assertive,fever_151241,Qwen/Qwen2.5-1.5B-Instruct,Qwen/Qwen2.5-1.5B-Instruct,REFUTES,assertive,Garden State was at a corpse exhibition.,controlled_framing_reuse_response,controlled_framing_fixed_response,fixed candidate_response; varied prompt/framing metadata only
fever_151241::authoritative,fever_151241,Qwen/Qwen2.5-1.5B-Instruct,Qwen/Qwen2.5-1.5B-Instruct,REFUTES,authoritative,Garden State was at a corpse exhibition.,controlled_framing_reuse_response,controlled_framing_fixed_response,fixed candidate_response; varied prompt/framing metadata only
fever_7286::neutral,fever_7286,Qwen/Qwen2.5-1.5B-Instruct,Qwen/Qwen2.5-1.5B-Instruct,REFUTES,neutral,Croatia is incapable of rendering services.,controlled_framing_reuse_response,controlled_framing_fixed_response,fixed candidate_response; varied prompt/framing metadata only
fever_7286::assertive,fever_7286,Qwen/Qwen2.5-1.5B-Instruct,Qwen/Qwen2.5-1.5B-Instruct,REFUTES,assertive,Croatia is incapable of rendering services.,controlled_framing_reuse_response,controlled_framing_fixed_response,fixed candidate_response; varied prompt/framing metadata only
fever_7286::authoritative,fever_7286,Qwen/Qwen2.5-1.5B-Instruct,Qwen/Qwen2.5-1.5B-Instruct,REFUTES,authoritative,Croatia is incapable of rendering services.,controlled_framing_reuse_response,controlled_framing_fixed_response,fixed candidate_response; varied prompt/framing metadata only
fever_195033::neutral,fever_195033,Qwen/Qwen2.5-1.5B-Instruct,Qwen/Qwen2.5-1.5B-Instruct,REFUTES,neutral,Girl is by an American idiot.,controlled_framing_reuse_response,controlled_framing_fixed_response,fixed candidate_response; varied prompt/framing metadata only
fever_195033::assertive,fever_195033,Qwen/Qwen2.5-1.5B-Instruct,Qwen/Qwen2.5-1.5B-Instruct,REFUTES,assertive,Girl is by an American idiot.,controlled_framing_reuse_response,controlled_framing_fixed_response,fixed candidate_response; varied prompt/framing metadata only
fever_195033::authoritative,fever_195033,Qwen/Qwen2.5-1.5B-Instruct,Qwen/Qwen2.5-1.5B-Instruct,REFUTES,authoritative,Girl is by an American idiot.,controlled_framing_reuse_response,controlled_framing_fixed_response,fixed candidate_response; varied prompt/framing metadata only
fever_195088::neutral,fever_195088,Qwen/Qwen2.5-1.5B-Instruct,Qwen/Qwen2.5-1.5B-Instruct,REFUTES,neutral,Albert S. Ruddy is born in 1935.,controlled_framing_reuse_response,controlled_framing_fixed_response,fixed candidate_response; varied prompt/framing metadata only
fever_195088::assertive,fever_195088,Qwen/Qwen2.5-1.5B-Instruct,Qwen/Qwen2.5-1.5B-Instruct,REFUTES,assertive,Albert S. Ruddy is born in 1935.,controlled_framing_reuse_response,controlled_framing_fixed_response,fixed candidate_response; varied prompt/framing metadata only
fever_195088::authoritative,fever_195088,Qwen/Qwen2.5-1.5B-Instruct,Qwen/Qwen2.5-1.5B-Instruct,REFUTES,authoritative,Albert S. Ruddy is born in 1935.,controlled_framing_reuse_response,controlled_framing_fixed_response,fixed candidate_response; varied prompt/framing metadata only
fever_47567::neutral,fever_47567,Qwen/Qwen2.5-1.5B-Instruct,Qwen/Qwen2.5-1.5B-Instruct,NOT ENOUGH INFO,neutral,Pharrell Williams is an author.,controlled_framing_reuse_response,controlled_framing_fixed_response,fixed candidate_response; varied prompt/framing metadata only
fever_47567::assertive,fever_47567,Qwen/Qwen2.5-1.5B-Instruct,Qwen/Qwen2.5-1.5B-Instruct,NOT ENOUGH INFO,assertive,Pharrell Williams is an author.,controlled_framing_reuse_response,controlled_framing_fixed_response,fixed candidate_response; varied prompt/framing metadata only
fever_47567::authoritative,fever_47567,Qwen/Qwen2.5-1.5B-Instruct,Qwen/Qwen2.5-1.5B-Instruct,NOT ENOUGH INFO,authoritative,Pharrell Williams is an author.,controlled_framing_reuse_response,controlled_framing_fixed_response,fixed candidate_response; varied prompt/framing metadata only
fever_73814::neutral,fever_73814,Qwen/Qwen2.5-1.5B-Instruct,Qwen/Qwen2.5-1.5B-Instruct,NOT ENOUGH INFO,neutral,Aparshakti Khurana is a singer.,controlled_framing_reuse_response,controlled_framing_fixed_response,fixed candidate_response; varied prompt/framing metadata only
fever_73814::assertive,fever_73814,Qwen/Qwen2.5-1.5B-Instruct,Qwen/Qwen2.5-1.5B-Instruct,NOT ENOUGH INFO,assertive,Aparshakti Khurana is a singer.,controlled_framing_reuse_response,controlled_framing_fixed_response,fixed candidate_response; varied prompt/framing metadata only
fever_73814::authoritative,fever_73814,Qwen/Qwen2.5-1.5B-Instruct,Qwen/Qwen2.5-1.5B-Instruct,NOT ENOUGH INFO,authoritative,Aparshakti Khurana is a singer.,controlled_framing_reuse_response,controlled_framing_fixed_response,fixed candidate_response; varied prompt/framing metadata only
fever_83368::neutral,fever_83368,Qwen/Qwen2.5-1.5B-Instruct,Qwen/Qwen2.5-1.5B-Instruct,NOT ENOUGH INFO,neutral,Jackie (2016 film) was reviewed by Pablo Larrain.,controlled_framing_reuse_response,controlled_framing_fixed_response,fixed candidate_response; varied prompt/framing metadata only
fever_83368::assertive,fever_83368,Qwen/Qwen2.5-1.5B-Instruct,Qwen/Qwen2.5-1.5B-Instruct,NOT ENOUGH INFO,assertive,Jackie (2016 film) was reviewed by Pablo Larrain.,controlled_framing_reuse_response,controlled_framing_fixed_response,fixed candidate_response; varied prompt/framing metadata only
fever_83368::authoritative,fever_83368,Qwen/Qwen2.5-1.5B-Instruct,Qwen/Qwen2.5-1.5B-Instruct,NOT ENOUGH INFO,authoritative,Jackie (2016 film) was reviewed by Pablo Larrain.,controlled_framing_reuse_response,controlled_framing_fixed_response,fixed candidate_response; varied prompt/framing metadata only
fever_184069::neutral,fever_184069,Qwen/Qwen2.5-1.5B-Instruct,Qwen/Qwen2.5-1.5B-Instruct,SUPPORTS,neutral,Kenneth Lonergan is a person who directs movies.,controlled_framing_reuse_response,controlled_framing_fixed_response,fixed candidate_response; varied prompt/framing metadata only
fever_184069::assertive,fever_184069,Qwen/Qwen2.5-1.5B-Instruct,Qwen/Qwen2.5-1.5B-Instruct,SUPPORTS,assertive,Kenneth Lonergan is a person who directs movies.,controlled_framing_reuse_response,controlled_framing_fixed_response,fixed candidate_response; varied prompt/framing metadata only
fever_184069::authoritative,fever_184069,Qwen/Qwen2.5-1.5B-Instruct,Qwen/Qwen2.5-1.5B-Instruct,SUPPORTS,authoritative,Kenneth Lonergan is a person who directs movies.,controlled_framing_reuse_response,controlled_framing_fixed_response,fixed candidate_response; varied prompt/framing metadata only
fever_218474::neutral,fever_218474,Qwen/Qwen2.5-1.5B-Instruct,Qwen/Qwen2.5-1.5B-Instruct,SUPPORTS,neutral,The Hanford Site hosts a laboratory.,controlled_framing_reuse_response,controlled_framing_fixed_response,fixed candidate_response; varied prompt/framing metadata only
fever_218474::assertive,fever_218474,Qwen/Qwen2.5-1.5B-Instruct,Qwen/Qwen2.5-1.5B-Instruct,SUPPORTS,assertive,The Hanford Site hosts a laboratory.,controlled_framing_reuse_response,controlled_framing_fixed_response,fixed candidate_response; varied prompt/framing metadata only
fever_218474::authoritative,fever_218474,Qwen/Qwen2.5-1.5B-Instruct,Qwen/Qwen2.5-1.5B-Instruct,SUPPORTS,authoritative,The Hanford Site hosts a laboratory.,controlled_framing_reuse_response,controlled_framing_fixed_response,fixed candidate_response; varied prompt/framing metadata only
fever_185288::neutral,fever_185288,Qwen/Qwen2.5-1.5B-Instruct,Qwen/Qwen2.5-1.5B-Instruct,REFUTES,neutral,Bradley Fuller is the sole owner of Platinum Dunes.,controlled_framing_reuse_response,controlled_framing_fixed_response,fixed candidate_response; varied prompt/framing metadata only
fever_185288::assertive,fever_185288,Qwen/Qwen2.5-1.5B-Instruct,Qwen/Qwen2.5-1.5B-Instruct,REFUTES,assertive,Bradley Fuller is the sole owner of Platinum Dunes.,controlled_framing_reuse_response,controlled_framing_fixed_response,fixed candidate_response; varied prompt/framing metadata only
fever_185288::authoritative,fever_185288,Qwen/Qwen2.5-1.5B-Instruct,Qwen/Qwen2.5-1.5B-Instruct,REFUTES,authoritative,Bradley Fuller is the sole owner of Platinum Dunes.,controlled_framing_reuse_response,controlled_framing_fixed_response,fixed candidate_response; varied prompt/framing metadata only
fever_205644::neutral,fever_205644,Qwen/Qwen2.5-1.5B-Instruct,Qwen/Qwen2.5-1.5B-Instruct,NOT ENOUGH INFO,neutral,St. Anger was released on vinyl.,controlled_framing_reuse_response,controlled_framing_fixed_response,fixed candidate_response; varied prompt/framing metadata only
fever_205644::assertive,fever_205644,Qwen/Qwen2.5-1.5B-Instruct,Qwen/Qwen2.5-1.5B-Instruct,NOT ENOUGH INFO,assertive,St. Anger was released on vinyl.,controlled_framing_reuse_response,controlled_framing_fixed_response,fixed candidate_response; varied prompt/framing metadata only
fever_205644::authoritative,fever_205644,Qwen/Qwen2.5-1.5B-Instruct,Qwen/Qwen2.5-1.5B-Instruct,NOT ENOUGH INFO,authoritative,St. Anger was released on vinyl.,controlled_framing_reuse_response,controlled_framing_fixed_response,fixed candidate_response; varied prompt/framing metadata only
fever_84669::neutral,fever_84669,Qwen/Qwen2.5-1.5B-Instruct,Qwen/Qwen2.5-1.5B-Instruct,NOT ENOUGH INFO,neutral,Chile is in the northern hemisphere.,controlled_framing_reuse_response,controlled_framing_fixed_response,fixed candidate_response; varied prompt/framing metadata only
fever_84669::assertive,fever_84669,Qwen/Qwen2.5-1.5B-Instruct,Qwen/Qwen2.5-1.5B-Instruct,NOT ENOUGH INFO,assertive,Chile is in the northern hemisphere.,controlled_framing_reuse_response,controlled_framing_fixed_response,fixed candidate_response; varied prompt/framing metadata only
fever_84669::authoritative,fever_84669,Qwen/Qwen2.5-1.5B-Instruct,Qwen/Qwen2.5-1.5B-Instruct,NOT ENOUGH INFO,authoritative,Chile is in the northern hemisphere.,controlled_framing_reuse_response,controlled_framing_fixed_response,fixed candidate_response; varied prompt/framing metadata only
fever_195840::neutral,fever_195840,Qwen/Qwen2.5-1.5B-Instruct,Qwen/Qwen2.5-1.5B-Instruct,NOT ENOUGH INFO,neutral,Jeong Hyeong-don is a stand-up comedian.,controlled_framing_reuse_response,controlled_framing_fixed_response,fixed candidate_response; varied prompt/framing metadata only
fever_195840::assertive,fever_195840,Qwen/Qwen2.5-1.5B-Instruct,Qwen/Qwen2.5-1.5B-Instruct,NOT ENOUGH INFO,assertive,Jeong Hyeong-don is a stand-up comedian.,controlled_framing_reuse_response,controlled_framing_fixed_response,fixed candidate_response; varied prompt/framing metadata only
fever_195840::authoritative,fever_195840,Qwen/Qwen2.5-1.5B-Instruct,Qwen/Qwen2.5-1.5B-Instruct,NOT ENOUGH INFO,authoritative,Jeong Hyeong-don is a stand-up comedian.,controlled_framing_reuse_response,controlled_framing_fixed_response,fixed candidate_response; varied prompt/framing metadata only
fever_127956::neutral,fever_127956,Qwen/Qwen2.5-1.5B-Instruct,Qwen/Qwen2.5-1.5B-Instruct,SUPPORTS,neutral,Pearl Jam plays music.,controlled_framing_reuse_response,controlled_framing_fixed_response,fixed candidate_response; varied prompt/framing metadata only
fever_127956::assertive,fever_127956,Qwen/Qwen2.5-1.5B-Instruct,Qwen/Qwen2.5-1.5B-Instruct,SUPPORTS,assertive,Pearl Jam plays music.,controlled_framing_reuse_response,controlled_framing_fixed_response,fixed candidate_response; varied prompt/framing metadata only
fever_127956::authoritative,fever_127956,Qwen/Qwen2.5-1.5B-Instruct,Qwen/Qwen2.5-1.5B-Instruct,SUPPORTS,authoritative,Pearl Jam plays music.,controlled_framing_reuse_response,controlled_framing_fixed_response,fixed candidate_response; varied prompt/framing metadata only
fever_30559::neutral,fever_30559,Qwen/Qwen2.5-1.5B-Instruct,Qwen/Qwen2.5-1.5B-Instruct,NOT ENOUGH INFO,neutral,Shane McMahon has not announced retirement.,controlled_framing_reuse_response,controlled_framing_fixed_response,fixed candidate_response; varied prompt/framing metadata only
fever_30559::assertive,fever_30559,Qwen/Qwen2.5-1.5B-Instruct,Qwen/Qwen2.5-1.5B-Instruct,NOT ENOUGH INFO,assertive,Shane McMahon has not announced retirement.,controlled_framing_reuse_response,controlled_framing_fixed_response,fixed candidate_response; varied prompt/framing metadata only
fever_30559::authoritative,fever_30559,Qwen/Qwen2.5-1.5B-Instruct,Qwen/Qwen2.5-1.5B-Instruct,NOT ENOUGH INFO,authoritative,Shane McMahon has not announced retirement.,controlled_framing_reuse_response,controlled_framing_fixed_response,fixed candidate_response; varied prompt/framing metadata only
fever_3033::neutral,fever_3033,Qwen/Qwen2.5-1.5B-Instruct,Qwen/Qwen2.5-1.5B-Instruct,REFUTES,neutral,The Gifted is from outside of America.,controlled_framing_reuse_response,controlled_framing_fixed_response,fixed candidate_response; varied prompt/framing metadata only
fever_3033::assertive,fever_3033,Qwen/Qwen2.5-1.5B-Instruct,Qwen/Qwen2.5-1.5B-Instruct,REFUTES,assertive,The Gifted is from outside of America.,controlled_framing_reuse_response,controlled_framing_fixed_response,fixed candidate_response; varied prompt/framing metadata only
fever_3033::authoritative,fever_3033,Qwen/Qwen2.5-1.5B-Instruct,Qwen/Qwen2.5-1.5B-Instruct,REFUTES,authoritative,The Gifted is from outside of America.,controlled_framing_reuse_response,controlled_framing_fixed_response,fixed candidate_response; varied prompt/framing metadata only
fever_172776::neutral,fever_172776,Qwen/Qwen2.5-1.5B-Instruct,Qwen/Qwen2.5-1.5B-Instruct,REFUTES,neutral,The Beach was released in 2001.,controlled_framing_reuse_response,controlled_framing_fixed_response,fixed candidate_response; varied prompt/framing metadata only
fever_172776::assertive,fever_172776,Qwen/Qwen2.5-1.5B-Instruct,Qwen/Qwen2.5-1.5B-Instruct,REFUTES,assertive,The Beach was released in 2001.,controlled_framing_reuse_response,controlled_framing_fixed_response,fixed candidate_response; varied prompt/framing metadata only
fever_172776::authoritative,fever_172776,Qwen/Qwen2.5-1.5B-Instruct,Qwen/Qwen2.5-1.5B-Instruct,REFUTES,authoritative,The Beach was released in 2001.,controlled_framing_reuse_response,controlled_framing_fixed_response,fixed candidate_response; varied prompt/framing metadata only
fever_229304::neutral,fever_229304,Qwen/Qwen2.5-1.5B-Instruct,Qwen/Qwen2.5-1.5B-Instruct,SUPPORTS,neutral,A working animal can perform tasks after being trained.,controlled_framing_reuse_response,controlled_framing_fixed_response,fixed candidate_response; varied prompt/framing metadata only
fever_229304::assertive,fever_229304,Qwen/Qwen2.5-1.5B-Instruct,Qwen/Qwen2.5-1.5B-Instruct,SUPPORTS,assertive,A working animal can perform tasks after being trained.,controlled_framing_reuse_response,controlled_framing_fixed_response,fixed candidate_response; varied prompt/framing metadata only
fever_229304::authoritative,fever_229304,Qwen/Qwen2.5-1.5B-Instruct,Qwen/Qwen2.5-1.5B-Instruct,SUPPORTS,authoritative,A working animal can perform tasks after being trained.,controlled_framing_reuse_response,controlled_framing_fixed_response,fixed candidate_response; varied prompt/framing metadata only
fever_113799::neutral,fever_113799,Qwen/Qwen2.5-1.5B-Instruct,Qwen/Qwen2.5-1.5B-Instruct,NOT ENOUGH INFO,neutral,The Bloods have distinctive spoon signs.,controlled_framing_reuse_response,controlled_framing_fixed_response,fixed candidate_response; varied prompt/framing metadata only
fever_113799::assertive,fever_113799,Qwen/Qwen2.5-1.5B-Instruct,Qwen/Qwen2.5-1.5B-Instruct,NOT ENOUGH INFO,assertive,The Bloods have distinctive spoon signs.,controlled_framing_reuse_response,controlled_framing_fixed_response,fixed candidate_response; varied prompt/framing metadata only
fever_113799::authoritative,fever_113799,Qwen/Qwen2.5-1.5B-Instruct,Qwen/Qwen2.5-1.5B-Instruct,NOT ENOUGH INFO,authoritative,The Bloods have distinctive spoon signs.,controlled_framing_reuse_response,controlled_framing_fixed_response,fixed candidate_response; varied prompt/framing metadata only
fever_96401::neutral,fever_96401,Qwen/Qwen2.5-1.5B-Instruct,Qwen/Qwen2.5-1.5B-Instruct,REFUTES,neutral,Proponents of globalism tend to advocate for decreases in immigration.,controlled_framing_reuse_response,controlled_framing_fixed_response,fixed candidate_response; varied prompt/framing metadata only
fever_96401::assertive,fever_96401,Qwen/Qwen2.5-1.5B-Instruct,Qwen/Qwen2.5-1.5B-Instruct,REFUTES,assertive,Proponents of globalism tend to advocate for decreases in immigration.,controlled_framing_reuse_response,controlled_framing_fixed_response,fixed candidate_response; varied prompt/framing metadata only
fever_96401::authoritative,fever_96401,Qwen/Qwen2.5-1.5B-Instruct,Qwen/Qwen2.5-1.5B-Instruct,REFUTES,authoritative,Proponents of globalism tend to advocate for decreases in immigration.,controlled_framing_reuse_response,controlled_framing_fixed_response,fixed candidate_response; varied prompt/framing metadata only
fever_33782::neutral,fever_33782,Qwen/Qwen2.5-1.5B-Instruct,Qwen/Qwen2.5-1.5B-Instruct,NOT ENOUGH INFO,neutral,Eric Bana is a professional comic.,controlled_framing_reuse_response,controlled_framing_fixed_response,fixed candidate_response; varied prompt/framing metadata only
fever_33782::assertive,fever_33782,Qwen/Qwen2.5-1.5B-Instruct,Qwen/Qwen2.5-1.5B-Instruct,NOT ENOUGH INFO,assertive,Eric Bana is a professional comic.,controlled_framing_reuse_response,controlled_framing_fixed_response,fixed candidate_response; varied prompt/framing metadata only
fever_33782::authoritative,fever_33782,Qwen/Qwen2.5-1.5B-Instruct,Qwen/Qwen2.5-1.5B-Instruct,NOT ENOUGH INFO,authoritative,Eric Bana is a professional comic.,controlled_framing_reuse_response,controlled_framing_fixed_response,fixed candidate_response; varied prompt/framing metadata only
fever_127233::neutral,fever_127233,Qwen/Qwen2.5-1.5B-Instruct,Qwen/Qwen2.5-1.5B-Instruct,REFUTES,neutral,Alvin and the Chipmunks is exclusively audio.,controlled_framing_reuse_response,controlled_framing_fixed_response,fixed candidate_response; varied prompt/framing metadata only
fever_127233::assertive,fever_127233,Qwen/Qwen2.5-1.5B-Instruct,Qwen/Qwen2.5-1.5B-Instruct,REFUTES,assertive,Alvin and the Chipmunks is exclusively audio.,controlled_framing_reuse_response,controlled_framing_fixed_response,fixed candidate_response; varied prompt/framing metadata only
fever_127233::authoritative,fever_127233,Qwen/Qwen2.5-1.5B-Instruct,Qwen/Qwen2.5-1.5B-Instruct,REFUTES,authoritative,Alvin and the Chipmunks is exclusively audio.,controlled_framing_reuse_response,controlled_framing_fixed_response,fixed candidate_response; varied prompt/framing metadata only
fever_117010::neutral,fever_117010,Qwen/Qwen2.5-1.5B-Instruct,Qwen/Qwen2.5-1.5B-Instruct,NOT ENOUGH INFO,neutral,2 Hearts was the first commercial single since Minogue was diagnosed with lung cancer.,controlled_framing_reuse_response,controlled_framing_fixed_response,fixed candidate_response; varied prompt/framing metadata only
fever_117010::assertive,fever_117010,Qwen/Qwen2.5-1.5B-Instruct,Qwen/Qwen2.5-1.5B-Instruct,NOT ENOUGH INFO,assertive,2 Hearts was the first commercial single since Minogue was diagnosed with lung cancer.,controlled_framing_reuse_response,controlled_framing_fixed_response,fixed candidate_response; varied prompt/framing metadata only
fever_117010::authoritative,fever_117010,Qwen/Qwen2.5-1.5B-Instruct,Qwen/Qwen2.5-1.5B-Instruct,NOT ENOUGH INFO,authoritative,2 Hearts was the first commercial single since Minogue was diagnosed with lung cancer.,controlled_framing_reuse_response,controlled_framing_fixed_response,fixed candidate_response; varied prompt/framing metadata only
fever_58140::neutral,fever_58140,Qwen/Qwen2.5-1.5B-Instruct,Qwen/Qwen2.5-1.5B-Instruct,REFUTES,neutral,Mad Max: Fury Road was released in 2010.,controlled_framing_reuse_response,controlled_framing_fixed_response,fixed candidate_response; varied prompt/framing metadata only
fever_58140::assertive,fever_58140,Qwen/Qwen2.5-1.5B-Instruct,Qwen/Qwen2.5-1.5B-Instruct,REFUTES,assertive,Mad Max: Fury Road was released in 2010.,controlled_framing_reuse_response,controlled_framing_fixed_response,fixed candidate_response; varied prompt/framing metadata only
fever_58140::authoritative,fever_58140,Qwen/Qwen2.5-1.5B-Instruct,Qwen/Qwen2.5-1.5B-Instruct,REFUTES,authoritative,Mad Max: Fury Road was released in 2010.,controlled_framing_reuse_response,controlled_framing_fixed_response,fixed candidate_response; varied prompt/framing metadata only
fever_127166::neutral,fever_127166,Qwen/Qwen2.5-1.5B-Instruct,Qwen/Qwen2.5-1.5B-Instruct,SUPPORTS,neutral,Alvin and the Chipmunks was directed in America.,controlled_framing_reuse_response,controlled_framing_fixed_response,fixed candidate_response; varied prompt/framing metadata only
fever_127166::assertive,fever_127166,Qwen/Qwen2.5-1.5B-Instruct,Qwen/Qwen2.5-1.5B-Instruct,SUPPORTS,assertive,Alvin and the Chipmunks was directed in America.,controlled_framing_reuse_response,controlled_framing_fixed_response,fixed candidate_response; varied prompt/framing metadata only
fever_127166::authoritative,fever_127166,Qwen/Qwen2.5-1.5B-Instruct,Qwen/Qwen2.5-1.5B-Instruct,SUPPORTS,authoritative,Alvin and the Chipmunks was directed in America.,controlled_framing_reuse_response,controlled_framing_fixed_response,fixed candidate_response; varied prompt/framing metadata only
fever_167176::neutral,fever_167176,Qwen/Qwen2.5-1.5B-Instruct,Qwen/Qwen2.5-1.5B-Instruct,NOT ENOUGH INFO,neutral,Westworld's first season features Kevin Spacey.,controlled_framing_reuse_response,controlled_framing_fixed_response,fixed candidate_response; varied prompt/framing metadata only
fever_167176::assertive,fever_167176,Qwen/Qwen2.5-1.5B-Instruct,Qwen/Qwen2.5-1.5B-Instruct,NOT ENOUGH INFO,assertive,Westworld's first season features Kevin Spacey.,controlled_framing_reuse_response,controlled_framing_fixed_response,fixed candidate_response; varied prompt/framing metadata only
fever_167176::authoritative,fever_167176,Qwen/Qwen2.5-1.5B-Instruct,Qwen/Qwen2.5-1.5B-Instruct,NOT ENOUGH INFO,authoritative,Westworld's first season features Kevin Spacey.,controlled_framing_reuse_response,controlled_framing_fixed_response,fixed candidate_response; varied prompt/framing metadata only
fever_162427::neutral,fever_162427,Qwen/Qwen2.5-1.5B-Instruct,Qwen/Qwen2.5-1.5B-Instruct,NOT ENOUGH INFO,neutral,The Suite Life of Zack & Cody was created by John Wayne.,controlled_framing_reuse_response,controlled_framing_fixed_response,fixed candidate_response; varied prompt/framing metadata only
fever_162427::assertive,fever_162427,Qwen/Qwen2.5-1.5B-Instruct,Qwen/Qwen2.5-1.5B-Instruct,NOT ENOUGH INFO,assertive,The Suite Life of Zack & Cody was created by John Wayne.,controlled_framing_reuse_response,controlled_framing_fixed_response,fixed candidate_response; varied prompt/framing metadata only
fever_162427::authoritative,fever_162427,Qwen/Qwen2.5-1.5B-Instruct,Qwen/Qwen2.5-1.5B-Instruct,NOT ENOUGH INFO,authoritative,The Suite Life of Zack & Cody was created by John Wayne.,controlled_framing_reuse_response,controlled_framing_fixed_response,fixed candidate_response; varied prompt/framing metadata only
fever_73041::neutral,fever_73041,Qwen/Qwen2.5-1.5B-Instruct,Qwen/Qwen2.5-1.5B-Instruct,NOT ENOUGH INFO,neutral,Parkinson's disease causes slowness of voluntary movement.,controlled_framing_reuse_response,controlled_framing_fixed_response,fixed candidate_response; varied prompt/framing metadata only
fever_73041::assertive,fever_73041,Qwen/Qwen2.5-1.5B-Instruct,Qwen/Qwen2.5-1.5B-Instruct,NOT ENOUGH INFO,assertive,Parkinson's disease causes slowness of voluntary movement.,controlled_framing_reuse_response,controlled_framing_fixed_response,fixed candidate_response; varied prompt/framing metadata only
fever_73041::authoritative,fever_73041,Qwen/Qwen2.5-1.5B-Instruct,Qwen/Qwen2.5-1.5B-Instruct,NOT ENOUGH INFO,authoritative,Parkinson's disease causes slowness of voluntary movement.,controlled_framing_reuse_response,controlled_framing_fixed_response,fixed candidate_response; varied prompt/framing metadata only
fever_203044::neutral,fever_203044,Qwen/Qwen2.5-1.5B-Instruct,Qwen/Qwen2.5-1.5B-Instruct,SUPPORTS,neutral,Akon is a musician.,controlled_framing_reuse_response,controlled_framing_fixed_response,fixed candidate_response; varied prompt/framing metadata only
fever_203044::assertive,fever_203044,Qwen/Qwen2.5-1.5B-Instruct,Qwen/Qwen2.5-1.5B-Instruct,SUPPORTS,assertive,Akon is a musician.,controlled_framing_reuse_response,controlled_framing_fixed_response,fixed candidate_response; varied prompt/framing metadata only
fever_203044::authoritative,fever_203044,Qwen/Qwen2.5-1.5B-Instruct,Qwen/Qwen2.5-1.5B-Instruct,SUPPORTS,authoritative,Akon is a musician.,controlled_framing_reuse_response,controlled_framing_fixed_response,fixed candidate_response; varied prompt/framing metadata only
fever_181266::neutral,fever_181266,Qwen/Qwen2.5-1.5B-Instruct,Qwen/Qwen2.5-1.5B-Instruct,REFUTES,neutral,Sean Gunn has no experience as an actor.,controlled_framing_reuse_response,controlled_framing_fixed_response,fixed candidate_response; varied prompt/framing metadata only
fever_181266::assertive,fever_181266,Qwen/Qwen2.5-1.5B-Instruct,Qwen/Qwen2.5-1.5B-Instruct,REFUTES,assertive,Sean Gunn has no experience as an actor.,controlled_framing_reuse_response,controlled_framing_fixed_response,fixed candidate_response; varied prompt/framing metadata only
fever_181266::authoritative,fever_181266,Qwen/Qwen2.5-1.5B-Instruct,Qwen/Qwen2.5-1.5B-Instruct,REFUTES,authoritative,Sean Gunn has no experience as an actor.,controlled_framing_reuse_response,controlled_framing_fixed_response,fixed candidate_response; varied prompt/framing metadata only
fever_16394::neutral,fever_16394,Qwen/Qwen2.5-1.5B-Instruct,Qwen/Qwen2.5-1.5B-Instruct,SUPPORTS,neutral,Google Search can find stock quotes.,controlled_framing_reuse_response,controlled_framing_fixed_response,fixed candidate_response; varied prompt/framing metadata only
fever_16394::assertive,fever_16394,Qwen/Qwen2.5-1.5B-Instruct,Qwen/Qwen2.5-1.5B-Instruct,SUPPORTS,assertive,Google Search can find stock quotes.,controlled_framing_reuse_response,controlled_framing_fixed_response,fixed candidate_response; varied prompt/framing metadata only
fever_16394::authoritative,fever_16394,Qwen/Qwen2.5-1.5B-Instruct,Qwen/Qwen2.5-1.5B-Instruct,SUPPORTS,authoritative,Google Search can find stock quotes.,controlled_framing_reuse_response,controlled_framing_fixed_response,fixed candidate_response; varied prompt/framing metadata only
fever_35406::neutral,fever_35406,Qwen/Qwen2.5-1.5B-Instruct,Qwen/Qwen2.5-1.5B-Instruct,REFUTES,neutral,Heaven Can Wait came out before Here Comes Mr. Jordan.,controlled_framing_reuse_response,controlled_framing_fixed_response,fixed candidate_response; varied prompt/framing metadata only
fever_35406::assertive,fever_35406,Qwen/Qwen2.5-1.5B-Instruct,Qwen/Qwen2.5-1.5B-Instruct,REFUTES,assertive,Heaven Can Wait came out before Here Comes Mr. Jordan.,controlled_framing_reuse_response,controlled_framing_fixed_response,fixed candidate_response; varied prompt/framing metadata only
fever_35406::authoritative,fever_35406,Qwen/Qwen2.5-1.5B-Instruct,Qwen/Qwen2.5-1.5B-Instruct,REFUTES,authoritative,Heaven Can Wait came out before Here Comes Mr. Jordan.,controlled_framing_reuse_response,controlled_framing_fixed_response,fixed candidate_response; varied prompt/framing metadata only
fever_16791::neutral,fever_16791,Qwen/Qwen2.5-1.5B-Instruct,Qwen/Qwen2.5-1.5B-Instruct,NOT ENOUGH INFO,neutral,Kate Walsh was on an NBC reality show.,controlled_framing_reuse_response,controlled_framing_fixed_response,fixed candidate_response; varied prompt/framing metadata only
fever_16791::assertive,fever_16791,Qwen/Qwen2.5-1.5B-Instruct,Qwen/Qwen2.5-1.5B-Instruct,NOT ENOUGH INFO,assertive,Kate Walsh was on an NBC reality show.,controlled_framing_reuse_response,controlled_framing_fixed_response,fixed candidate_response; varied prompt/framing metadata only
fever_16791::authoritative,fever_16791,Qwen/Qwen2.5-1.5B-Instruct,Qwen/Qwen2.5-1.5B-Instruct,NOT ENOUGH INFO,authoritative,Kate Walsh was on an NBC reality show.,controlled_framing_reuse_response,controlled_framing_fixed_response,fixed candidate_response; varied prompt/framing metadata only
fever_79394::neutral,fever_79394,Qwen/Qwen2.5-1.5B-Instruct,Qwen/Qwen2.5-1.5B-Instruct,NOT ENOUGH INFO,neutral,P.S I Love You (film) is a drama based television show.,controlled_framing_reuse_response,controlled_framing_fixed_response,fixed candidate_response; varied prompt/framing metadata only
fever_79394::assertive,fever_79394,Qwen/Qwen2.5-1.5B-Instruct,Qwen/Qwen2.5-1.5B-Instruct,NOT ENOUGH INFO,assertive,P.S I Love You (film) is a drama based television show.,controlled_framing_reuse_response,controlled_framing_fixed_response,fixed candidate_response; varied prompt/framing metadata only
fever_79394::authoritative,fever_79394,Qwen/Qwen2.5-1.5B-Instruct,Qwen/Qwen2.5-1.5B-Instruct,NOT ENOUGH INFO,authoritative,P.S I Love You (film) is a drama based television show.,controlled_framing_reuse_response,controlled_framing_fixed_response,fixed candidate_response; varied prompt/framing metadata only
fever_62826::neutral,fever_62826,Qwen/Qwen2.5-1.5B-Instruct,Qwen/Qwen2.5-1.5B-Instruct,REFUTES,neutral,Python lacks support for imperative programing.,controlled_framing_reuse_response,controlled_framing_fixed_response,fixed candidate_response; varied prompt/framing metadata only
fever_62826::assertive,fever_62826,Qwen/Qwen2.5-1.5B-Instruct,Qwen/Qwen2.5-1.5B-Instruct,REFUTES,assertive,Python lacks support for imperative programing.,controlled_framing_reuse_response,controlled_framing_fixed_response,fixed candidate_response; varied prompt/framing metadata only
fever_62826::authoritative,fever_62826,Qwen/Qwen2.5-1.5B-Instruct,Qwen/Qwen2.5-1.5B-Instruct,REFUTES,authoritative,Python lacks support for imperative programing.,controlled_framing_reuse_response,controlled_framing_fixed_response,fixed candidate_response; varied prompt/framing metadata only
fever_26819::neutral,fever_26819,Qwen/Qwen2.5-1.5B-Instruct,Qwen/Qwen2.5-1.5B-Instruct,SUPPORTS,neutral,"Charles Howard Hinton was a mathematician from Britain, although he died in America.",controlled_framing_reuse_response,controlled_framing_fixed_response,fixed candidate_response; varied prompt/framing metadata only
fever_26819::assertive,fever_26819,Qwen/Qwen2.5-1.5B-Instruct,Qwen/Qwen2.5-1.5B-Instruct,SUPPORTS,assertive,"Charles Howard Hinton was a mathematician from Britain, although he died in America.",controlled_framing_reuse_response,controlled_framing_fixed_response,fixed candidate_response; varied prompt/framing metadata only
fever_26819::authoritative,fever_26819,Qwen/Qwen2.5-1.5B-Instruct,Qwen/Qwen2.5-1.5B-Instruct,SUPPORTS,authoritative,"Charles Howard Hinton was a mathematician from Britain, although he died in America.",controlled_framing_reuse_response,controlled_framing_fixed_response,fixed candidate_response; varied prompt/framing metadata only
fever_85301::neutral,fever_85301,Qwen/Qwen2.5-1.5B-Instruct,Qwen/Qwen2.5-1.5B-Instruct,SUPPORTS,neutral,Solanum contains plants with ornamental roses.,controlled_framing_reuse_response,controlled_framing_fixed_response,fixed candidate_response; varied prompt/framing metadata only
fever_85301::assertive,fever_85301,Qwen/Qwen2.5-1.5B-Instruct,Qwen/Qwen2.5-1.5B-Instruct,SUPPORTS,assertive,Solanum contains plants with ornamental roses.,controlled_framing_reuse_response,controlled_framing_fixed_response,fixed candidate_response; varied prompt/framing metadata only
fever_85301::authoritative,fever_85301,Qwen/Qwen2.5-1.5B-Instruct,Qwen/Qwen2.5-1.5B-Instruct,SUPPORTS,authoritative,Solanum contains plants with ornamental roses.,controlled_framing_reuse_response,controlled_framing_fixed_response,fixed candidate_response; varied prompt/framing metadata only
fever_206021::neutral,fever_206021,Qwen/Qwen2.5-1.5B-Instruct,Qwen/Qwen2.5-1.5B-Instruct,SUPPORTS,neutral,There is a show called The Office (US).,controlled_framing_reuse_response,controlled_framing_fixed_response,fixed candidate_response; varied prompt/framing metadata only
fever_206021::assertive,fever_206021,Qwen/Qwen2.5-1.5B-Instruct,Qwen/Qwen2.5-1.5B-Instruct,SUPPORTS,assertive,There is a show called The Office (US).,controlled_framing_reuse_response,controlled_framing_fixed_response,fixed candidate_response; varied prompt/framing metadata only
fever_206021::authoritative,fever_206021,Qwen/Qwen2.5-1.5B-Instruct,Qwen/Qwen2.5-1.5B-Instruct,SUPPORTS,authoritative,There is a show called The Office (US).,controlled_framing_reuse_response,controlled_framing_fixed_response,fixed candidate_response; varied prompt/framing metadata only
fever_174630::neutral,fever_174630,Qwen/Qwen2.5-1.5B-Instruct,Qwen/Qwen2.5-1.5B-Instruct,REFUTES,neutral,The X-Files refused to cast David Duchovny.,controlled_framing_reuse_response,controlled_framing_fixed_response,fixed candidate_response; varied prompt/framing metadata only
fever_174630::assertive,fever_174630,Qwen/Qwen2.5-1.5B-Instruct,Qwen/Qwen2.5-1.5B-Instruct,REFUTES,assertive,The X-Files refused to cast David Duchovny.,controlled_framing_reuse_response,controlled_framing_fixed_response,fixed candidate_response; varied prompt/framing metadata only
fever_174630::authoritative,fever_174630,Qwen/Qwen2.5-1.5B-Instruct,Qwen/Qwen2.5-1.5B-Instruct,REFUTES,authoritative,The X-Files refused to cast David Duchovny.,controlled_framing_reuse_response,controlled_framing_fixed_response,fixed candidate_response; varied prompt/framing metadata only
fever_194439::neutral,fever_194439,Qwen/Qwen2.5-1.5B-Instruct,Qwen/Qwen2.5-1.5B-Instruct,SUPPORTS,neutral,The Indiana Pacers were in the American Basketball Association.,controlled_framing_reuse_response,controlled_framing_fixed_response,fixed candidate_response; varied prompt/framing metadata only
fever_194439::assertive,fever_194439,Qwen/Qwen2.5-1.5B-Instruct,Qwen/Qwen2.5-1.5B-Instruct,SUPPORTS,assertive,The Indiana Pacers were in the American Basketball Association.,controlled_framing_reuse_response,controlled_framing_fixed_response,fixed candidate_response; varied prompt/framing metadata only
fever_194439::authoritative,fever_194439,Qwen/Qwen2.5-1.5B-Instruct,Qwen/Qwen2.5-1.5B-Instruct,SUPPORTS,authoritative,The Indiana Pacers were in the American Basketball Association.,controlled_framing_reuse_response,controlled_framing_fixed_response,fixed candidate_response; varied prompt/framing metadata only
fever_91302::neutral,fever_91302,Qwen/Qwen2.5-1.5B-Instruct,Qwen/Qwen2.5-1.5B-Instruct,NOT ENOUGH INFO,neutral,A polynomial consists of coefficients and is important to math.,controlled_framing_reuse_response,controlled_framing_fixed_response,fixed candidate_response; varied prompt/framing metadata only
fever_91302::assertive,fever_91302,Qwen/Qwen2.5-1.5B-Instruct,Qwen/Qwen2.5-1.5B-Instruct,NOT ENOUGH INFO,assertive,A polynomial consists of coefficients and is important to math.,controlled_framing_reuse_response,controlled_framing_fixed_response,fixed candidate_response; varied prompt/framing metadata only
fever_91302::authoritative,fever_91302,Qwen/Qwen2.5-1.5B-Instruct,Qwen/Qwen2.5-1.5B-Instruct,NOT ENOUGH INFO,authoritative,A polynomial consists of coefficients and is important to math.,controlled_framing_reuse_response,controlled_framing_fixed_response,fixed candidate_response; varied prompt/framing metadata only
fever_67047::neutral,fever_67047,Qwen/Qwen2.5-1.5B-Instruct,Qwen/Qwen2.5-1.5B-Instruct,SUPPORTS,neutral,Jonah Hill ranked 28th on Forbes magazine's list of world's highest paid actors from June 2014 to June 2015.,controlled_framing_reuse_response,controlled_framing_fixed_response,fixed candidate_response; varied prompt/framing metadata only
fever_67047::assertive,fever_67047,Qwen/Qwen2.5-1.5B-Instruct,Qwen/Qwen2.5-1.5B-Instruct,SUPPORTS,assertive,Jonah Hill ranked 28th on Forbes magazine's list of world's highest paid actors from June 2014 to June 2015.,controlled_framing_reuse_response,controlled_framing_fixed_response,fixed candidate_response; varied prompt/framing metadata only
fever_67047::authoritative,fever_67047,Qwen/Qwen2.5-1.5B-Instruct,Qwen/Qwen2.5-1.5B-Instruct,SUPPORTS,authoritative,Jonah Hill ranked 28th on Forbes magazine's list of world's highest paid actors from June 2014 to June 2015.,controlled_framing_reuse_response,controlled_framing_fixed_response,fixed candidate_response; varied prompt/framing metadata only
fever_164520::neutral,fever_164520,Qwen/Qwen2.5-1.5B-Instruct,Qwen/Qwen2.5-1.5B-Instruct,NOT ENOUGH INFO,neutral,The Nobel Prize in Chemistry was awarded to a person from a forest.,controlled_framing_reuse_response,controlled_framing_fixed_response,fixed candidate_response; varied prompt/framing metadata only
fever_164520::assertive,fever_164520,Qwen/Qwen2.5-1.5B-Instruct,Qwen/Qwen2.5-1.5B-Instruct,NOT ENOUGH INFO,assertive,The Nobel Prize in Chemistry was awarded to a person from a forest.,controlled_framing_reuse_response,controlled_framing_fixed_response,fixed candidate_response; varied prompt/framing metadata only
fever_164520::authoritative,fever_164520,Qwen/Qwen2.5-1.5B-Instruct,Qwen/Qwen2.5-1.5B-Instruct,NOT ENOUGH INFO,authoritative,The Nobel Prize in Chemistry was awarded to a person from a forest.,controlled_framing_reuse_response,controlled_framing_fixed_response,fixed candidate_response; varied prompt/framing metadata only
fever_8824::neutral,fever_8824,Qwen/Qwen2.5-1.5B-Instruct,Qwen/Qwen2.5-1.5B-Instruct,NOT ENOUGH INFO,neutral,"Shomu Mukherjee died on April 10, 2008 at his home in Massachusetts.",controlled_framing_reuse_response,controlled_framing_fixed_response,fixed candidate_response; varied prompt/framing metadata only
fever_8824::assertive,fever_8824,Qwen/Qwen2.5-1.5B-Instruct,Qwen/Qwen2.5-1.5B-Instruct,NOT ENOUGH INFO,assertive,"Shomu Mukherjee died on April 10, 2008 at his home in Massachusetts.",controlled_framing_reuse_response,controlled_framing_fixed_response,fixed candidate_response; varied prompt/framing metadata only
fever_8824::authoritative,fever_8824,Qwen/Qwen2.5-1.5B-Instruct,Qwen/Qwen2.5-1.5B-Instruct,NOT ENOUGH INFO,authoritative,"Shomu Mukherjee died on April 10, 2008 at his home in Massachusetts.",controlled_framing_reuse_response,controlled_framing_fixed_response,fixed candidate_response; varied prompt/framing metadata only
fever_68539::neutral,fever_68539,Qwen/Qwen2.5-1.5B-Instruct,Qwen/Qwen2.5-1.5B-Instruct,REFUTES,neutral,Gray Matters was released in 1906.,controlled_framing_reuse_response,controlled_framing_fixed_response,fixed candidate_response; varied prompt/framing metadata only
fever_68539::assertive,fever_68539,Qwen/Qwen2.5-1.5B-Instruct,Qwen/Qwen2.5-1.5B-Instruct,REFUTES,assertive,Gray Matters was released in 1906.,controlled_framing_reuse_response,controlled_framing_fixed_response,fixed candidate_response; varied prompt/framing metadata only
fever_68539::authoritative,fever_68539,Qwen/Qwen2.5-1.5B-Instruct,Qwen/Qwen2.5-1.5B-Instruct,REFUTES,authoritative,Gray Matters was released in 1906.,controlled_framing_reuse_response,controlled_framing_fixed_response,fixed candidate_response; varied prompt/framing metadata only
fever_131409::neutral,fever_131409,Qwen/Qwen2.5-1.5B-Instruct,Qwen/Qwen2.5-1.5B-Instruct,REFUTES,neutral,The Africa Cup of Nations is held in even-numbered years.,controlled_framing_reuse_response,controlled_framing_fixed_response,fixed candidate_response; varied prompt/framing metadata only
fever_131409::assertive,fever_131409,Qwen/Qwen2.5-1.5B-Instruct,Qwen/Qwen2.5-1.5B-Instruct,REFUTES,assertive,The Africa Cup of Nations is held in even-numbered years.,controlled_framing_reuse_response,controlled_framing_fixed_response,fixed candidate_response; varied prompt/framing metadata only
fever_131409::authoritative,fever_131409,Qwen/Qwen2.5-1.5B-Instruct,Qwen/Qwen2.5-1.5B-Instruct,REFUTES,authoritative,The Africa Cup of Nations is held in even-numbered years.,controlled_framing_reuse_response,controlled_framing_fixed_response,fixed candidate_response; varied prompt/framing metadata only
fever_98879::neutral,fever_98879,Qwen/Qwen2.5-1.5B-Instruct,Qwen/Qwen2.5-1.5B-Instruct,REFUTES,neutral,Pocahontas was the mother of Powhatan.,controlled_framing_reuse_response,controlled_framing_fixed_response,fixed candidate_response; varied prompt/framing metadata only
fever_98879::assertive,fever_98879,Qwen/Qwen2.5-1.5B-Instruct,Qwen/Qwen2.5-1.5B-Instruct,REFUTES,assertive,Pocahontas was the mother of Powhatan.,controlled_framing_reuse_response,controlled_framing_fixed_response,fixed candidate_response; varied prompt/framing metadata only
fever_98879::authoritative,fever_98879,Qwen/Qwen2.5-1.5B-Instruct,Qwen/Qwen2.5-1.5B-Instruct,REFUTES,authoritative,Pocahontas was the mother of Powhatan.,controlled_framing_reuse_response,controlled_framing_fixed_response,fixed candidate_response; varied prompt/framing metadata only
fever_62368::neutral,fever_62368,Qwen/Qwen2.5-1.5B-Instruct,Qwen/Qwen2.5-1.5B-Instruct,SUPPORTS,neutral,Pharmacology is classified as a biomedical science.,controlled_framing_reuse_response,controlled_framing_fixed_response,fixed candidate_response; varied prompt/framing metadata only
fever_62368::assertive,fever_62368,Qwen/Qwen2.5-1.5B-Instruct,Qwen/Qwen2.5-1.5B-Instruct,SUPPORTS,assertive,Pharmacology is classified as a biomedical science.,controlled_framing_reuse_response,controlled_framing_fixed_response,fixed candidate_response; varied prompt/framing metadata only
fever_62368::authoritative,fever_62368,Qwen/Qwen2.5-1.5B-Instruct,Qwen/Qwen2.5-1.5B-Instruct,SUPPORTS,authoritative,Pharmacology is classified as a biomedical science.,controlled_framing_reuse_response,controlled_framing_fixed_response,fixed candidate_response; varied prompt/framing metadata only
fever_181256::neutral,fever_181256,Qwen/Qwen2.5-1.5B-Instruct,Qwen/Qwen2.5-1.5B-Instruct,NOT ENOUGH INFO,neutral,Sean Gunn was on a tennis court.,controlled_framing_reuse_response,controlled_framing_fixed_response,fixed candidate_response; varied prompt/framing metadata only
fever_181256::assertive,fever_181256,Qwen/Qwen2.5-1.5B-Instruct,Qwen/Qwen2.5-1.5B-Instruct,NOT ENOUGH INFO,assertive,Sean Gunn was on a tennis court.,controlled_framing_reuse_response,controlled_framing_fixed_response,fixed candidate_response; varied prompt/framing metadata only
fever_181256::authoritative,fever_181256,Qwen/Qwen2.5-1.5B-Instruct,Qwen/Qwen2.5-1.5B-Instruct,NOT ENOUGH INFO,authoritative,Sean Gunn was on a tennis court.,controlled_framing_reuse_response,controlled_framing_fixed_response,fixed candidate_response; varied prompt/framing metadata only
fever_121445::neutral,fever_121445,Qwen/Qwen2.5-1.5B-Instruct,Qwen/Qwen2.5-1.5B-Instruct,NOT ENOUGH INFO,neutral,Babur was a conquistador.,controlled_framing_reuse_response,controlled_framing_fixed_response,fixed candidate_response; varied prompt/framing metadata only
fever_121445::assertive,fever_121445,Qwen/Qwen2.5-1.5B-Instruct,Qwen/Qwen2.5-1.5B-Instruct,NOT ENOUGH INFO,assertive,Babur was a conquistador.,controlled_framing_reuse_response,controlled_framing_fixed_response,fixed candidate_response; varied prompt/framing metadata only
fever_121445::authoritative,fever_121445,Qwen/Qwen2.5-1.5B-Instruct,Qwen/Qwen2.5-1.5B-Instruct,NOT ENOUGH INFO,authoritative,Babur was a conquistador.,controlled_framing_reuse_response,controlled_framing_fixed_response,fixed candidate_response; varied prompt/framing metadata only
fever_120253::neutral,fever_120253,Qwen/Qwen2.5-1.5B-Instruct,Qwen/Qwen2.5-1.5B-Instruct,NOT ENOUGH INFO,neutral,Shomu Mukherjee died in Guam.,controlled_framing_reuse_response,controlled_framing_fixed_response,fixed candidate_response; varied prompt/framing metadata only
fever_120253::assertive,fever_120253,Qwen/Qwen2.5-1.5B-Instruct,Qwen/Qwen2.5-1.5B-Instruct,NOT ENOUGH INFO,assertive,Shomu Mukherjee died in Guam.,controlled_framing_reuse_response,controlled_framing_fixed_response,fixed candidate_response; varied prompt/framing metadata only
fever_120253::authoritative,fever_120253,Qwen/Qwen2.5-1.5B-Instruct,Qwen/Qwen2.5-1.5B-Instruct,NOT ENOUGH INFO,authoritative,Shomu Mukherjee died in Guam.,controlled_framing_reuse_response,controlled_framing_fixed_response,fixed candidate_response; varied prompt/framing metadata only
fever_26687::neutral,fever_26687,Qwen/Qwen2.5-1.5B-Instruct,Qwen/Qwen2.5-1.5B-Instruct,REFUTES,neutral,The Stanford prison experiment was an examination of the causes of troubles between guards and prisoners.,controlled_framing_reuse_response,controlled_framing_fixed_response,fixed candidate_response; varied prompt/framing metadata only
fever_26687::assertive,fever_26687,Qwen/Qwen2.5-1.5B-Instruct,Qwen/Qwen2.5-1.5B-Instruct,REFUTES,assertive,The Stanford prison experiment was an examination of the causes of troubles between guards and prisoners.,controlled_framing_reuse_response,controlled_framing_fixed_response,fixed candidate_response; varied prompt/framing metadata only
fever_26687::authoritative,fever_26687,Qwen/Qwen2.5-1.5B-Instruct,Qwen/Qwen2.5-1.5B-Instruct,REFUTES,authoritative,The Stanford prison experiment was an examination of the causes of troubles between guards and prisoners.,controlled_framing_reuse_response,controlled_framing_fixed_response,fixed candidate_response; varied prompt/framing metadata only
fever_195479::neutral,fever_195479,Qwen/Qwen2.5-1.5B-Instruct,Qwen/Qwen2.5-1.5B-Instruct,NOT ENOUGH INFO,neutral,William Howard Taft declined at least five offers of appointment to the Supreme Court of the United States.,controlled_framing_reuse_response,controlled_framing_fixed_response,fixed candidate_response; varied prompt/framing metadata only
fever_195479::assertive,fever_195479,Qwen/Qwen2.5-1.5B-Instruct,Qwen/Qwen2.5-1.5B-Instruct,NOT ENOUGH INFO,assertive,William Howard Taft declined at least five offers of appointment to the Supreme Court of the United States.,controlled_framing_reuse_response,controlled_framing_fixed_response,fixed candidate_response; varied prompt/framing metadata only
fever_195479::authoritative,fever_195479,Qwen/Qwen2.5-1.5B-Instruct,Qwen/Qwen2.5-1.5B-Instruct,NOT ENOUGH INFO,authoritative,William Howard Taft declined at least five offers of appointment to the Supreme Court of the United States.,controlled_framing_reuse_response,controlled_framing_fixed_response,fixed candidate_response; varied prompt/framing metadata only
fever_91798::neutral,fever_91798,Qwen/Qwen2.5-1.5B-Instruct,Qwen/Qwen2.5-1.5B-Instruct,REFUTES,neutral,"In 2015, among Americans, 44% of adults had consumed alcoholic drink in the last month.",controlled_framing_reuse_response,controlled_framing_fixed_response,fixed candidate_response; varied prompt/framing metadata only
fever_91798::assertive,fever_91798,Qwen/Qwen2.5-1.5B-Instruct,Qwen/Qwen2.5-1.5B-Instruct,REFUTES,assertive,"In 2015, among Americans, 44% of adults had consumed alcoholic drink in the last month.",controlled_framing_reuse_response,controlled_framing_fixed_response,fixed candidate_response; varied prompt/framing metadata only
fever_91798::authoritative,fever_91798,Qwen/Qwen2.5-1.5B-Instruct,Qwen/Qwen2.5-1.5B-Instruct,REFUTES,authoritative,"In 2015, among Americans, 44% of adults had consumed alcoholic drink in the last month.",controlled_framing_reuse_response,controlled_framing_fixed_response,fixed candidate_response; varied prompt/framing metadata only
fever_148164::neutral,fever_148164,Qwen/Qwen2.5-1.5B-Instruct,Qwen/Qwen2.5-1.5B-Instruct,SUPPORTS,neutral,Little Dorrit is a Charles Dicken's novel.,controlled_framing_reuse_response,controlled_framing_fixed_response,fixed candidate_response; varied prompt/framing metadata only
fever_148164::assertive,fever_148164,Qwen/Qwen2.5-1.5B-Instruct,Qwen/Qwen2.5-1.5B-Instruct,SUPPORTS,assertive,Little Dorrit is a Charles Dicken's novel.,controlled_framing_reuse_response,controlled_framing_fixed_response,fixed candidate_response; varied prompt/framing metadata only
fever_148164::authoritative,fever_148164,Qwen/Qwen2.5-1.5B-Instruct,Qwen/Qwen2.5-1.5B-Instruct,SUPPORTS,authoritative,Little Dorrit is a Charles Dicken's novel.,controlled_framing_reuse_response,controlled_framing_fixed_response,fixed candidate_response; varied prompt/framing metadata only
fever_80532::neutral,fever_80532,Qwen/Qwen2.5-1.5B-Instruct,Qwen/Qwen2.5-1.5B-Instruct,REFUTES,neutral,Emperor Norton is widely known.,controlled_framing_reuse_response,controlled_framing_fixed_response,fixed candidate_response; varied prompt/framing metadata only
fever_80532::assertive,fever_80532,Qwen/Qwen2.5-1.5B-Instruct,Qwen/Qwen2.5-1.5B-Instruct,REFUTES,assertive,Emperor Norton is widely known.,controlled_framing_reuse_response,controlled_framing_fixed_response,fixed candidate_response; varied prompt/framing metadata only
fever_80532::authoritative,fever_80532,Qwen/Qwen2.5-1.5B-Instruct,Qwen/Qwen2.5-1.5B-Instruct,REFUTES,authoritative,Emperor Norton is widely known.,controlled_framing_reuse_response,controlled_framing_fixed_response,fixed candidate_response; varied prompt/framing metadata only
fever_5111::neutral,fever_5111,Qwen/Qwen2.5-1.5B-Instruct,Qwen/Qwen2.5-1.5B-Instruct,SUPPORTS,neutral,"Michael Hutchence died in Sydney, Australia.",controlled_framing_reuse_response,controlled_framing_fixed_response,fixed candidate_response; varied prompt/framing metadata only
fever_5111::assertive,fever_5111,Qwen/Qwen2.5-1.5B-Instruct,Qwen/Qwen2.5-1.5B-Instruct,SUPPORTS,assertive,"Michael Hutchence died in Sydney, Australia.",controlled_framing_reuse_response,controlled_framing_fixed_response,fixed candidate_response; varied prompt/framing metadata only
fever_5111::authoritative,fever_5111,Qwen/Qwen2.5-1.5B-Instruct,Qwen/Qwen2.5-1.5B-Instruct,SUPPORTS,authoritative,"Michael Hutchence died in Sydney, Australia.",controlled_framing_reuse_response,controlled_framing_fixed_response,fixed candidate_response; varied prompt/framing metadata only
fever_198434::neutral,fever_198434,Qwen/Qwen2.5-1.5B-Instruct,Qwen/Qwen2.5-1.5B-Instruct,REFUTES,neutral,Arthur Schopenhauer was only ever a mathematician.,controlled_framing_reuse_response,controlled_framing_fixed_response,fixed candidate_response; varied prompt/framing metadata only
fever_198434::assertive,fever_198434,Qwen/Qwen2.5-1.5B-Instruct,Qwen/Qwen2.5-1.5B-Instruct,REFUTES,assertive,Arthur Schopenhauer was only ever a mathematician.,controlled_framing_reuse_response,controlled_framing_fixed_response,fixed candidate_response; varied prompt/framing metadata only
fever_198434::authoritative,fever_198434,Qwen/Qwen2.5-1.5B-Instruct,Qwen/Qwen2.5-1.5B-Instruct,REFUTES,authoritative,Arthur Schopenhauer was only ever a mathematician.,controlled_framing_reuse_response,controlled_framing_fixed_response,fixed candidate_response; varied prompt/framing metadata only
fever_222741::neutral,fever_222741,Qwen/Qwen2.5-1.5B-Instruct,Qwen/Qwen2.5-1.5B-Instruct,SUPPORTS,neutral,Practical Magic is based on a 1995 novel.,controlled_framing_reuse_response,controlled_framing_fixed_response,fixed candidate_response; varied prompt/framing metadata only
fever_222741::assertive,fever_222741,Qwen/Qwen2.5-1.5B-Instruct,Qwen/Qwen2.5-1.5B-Instruct,SUPPORTS,assertive,Practical Magic is based on a 1995 novel.,controlled_framing_reuse_response,controlled_framing_fixed_response,fixed candidate_response; varied prompt/framing metadata only
fever_222741::authoritative,fever_222741,Qwen/Qwen2.5-1.5B-Instruct,Qwen/Qwen2.5-1.5B-Instruct,SUPPORTS,authoritative,Practical Magic is based on a 1995 novel.,controlled_framing_reuse_response,controlled_framing_fixed_response,fixed candidate_response; varied prompt/framing metadata only
fever_171512::neutral,fever_171512,Qwen/Qwen2.5-1.5B-Instruct,Qwen/Qwen2.5-1.5B-Instruct,REFUTES,neutral,Jiang Wen is exclusively a producer.,controlled_framing_reuse_response,controlled_framing_fixed_response,fixed candidate_response; varied prompt/framing metadata only
fever_171512::assertive,fever_171512,Qwen/Qwen2.5-1.5B-Instruct,Qwen/Qwen2.5-1.5B-Instruct,REFUTES,assertive,Jiang Wen is exclusively a producer.,controlled_framing_reuse_response,controlled_framing_fixed_response,fixed candidate_response; varied prompt/framing metadata only
fever_171512::authoritative,fever_171512,Qwen/Qwen2.5-1.5B-Instruct,Qwen/Qwen2.5-1.5B-Instruct,REFUTES,authoritative,Jiang Wen is exclusively a producer.,controlled_framing_reuse_response,controlled_framing_fixed_response,fixed candidate_response; varied prompt/framing metadata only
fever_1917::neutral,fever_1917,Qwen/Qwen2.5-1.5B-Instruct,Qwen/Qwen2.5-1.5B-Instruct,SUPPORTS,neutral,The current Duke of York has been unmarried since his 1996 divorce.,controlled_framing_reuse_response,controlled_framing_fixed_response,fixed candidate_response; varied prompt/framing metadata only
fever_1917::assertive,fever_1917,Qwen/Qwen2.5-1.5B-Instruct,Qwen/Qwen2.5-1.5B-Instruct,SUPPORTS,assertive,The current Duke of York has been unmarried since his 1996 divorce.,controlled_framing_reuse_response,controlled_framing_fixed_response,fixed candidate_response; varied prompt/framing metadata only
fever_1917::authoritative,fever_1917,Qwen/Qwen2.5-1.5B-Instruct,Qwen/Qwen2.5-1.5B-Instruct,SUPPORTS,authoritative,The current Duke of York has been unmarried since his 1996 divorce.,controlled_framing_reuse_response,controlled_framing_fixed_response,fixed candidate_response; varied prompt/framing metadata only
fever_160528::neutral,fever_160528,Qwen/Qwen2.5-1.5B-Instruct,Qwen/Qwen2.5-1.5B-Instruct,NOT ENOUGH INFO,neutral,Malta claims to be the historical Melita that evicted Paul the Apostle.,controlled_framing_reuse_response,controlled_framing_fixed_response,fixed candidate_response; varied prompt/framing metadata only
fever_160528::assertive,fever_160528,Qwen/Qwen2.5-1.5B-Instruct,Qwen/Qwen2.5-1.5B-Instruct,NOT ENOUGH INFO,assertive,Malta claims to be the historical Melita that evicted Paul the Apostle.,controlled_framing_reuse_response,controlled_framing_fixed_response,fixed candidate_response; varied prompt/framing metadata only
fever_160528::authoritative,fever_160528,Qwen/Qwen2.5-1.5B-Instruct,Qwen/Qwen2.5-1.5B-Instruct,NOT ENOUGH INFO,authoritative,Malta claims to be the historical Melita that evicted Paul the Apostle.,controlled_framing_reuse_response,controlled_framing_fixed_response,fixed candidate_response; varied prompt/framing metadata only
fever_205133::neutral,fever_205133,Qwen/Qwen2.5-1.5B-Instruct,Qwen/Qwen2.5-1.5B-Instruct,SUPPORTS,neutral,Gaius Julius Caesar was a politician.,controlled_framing_reuse_response,controlled_framing_fixed_response,fixed candidate_response; varied prompt/framing metadata only
fever_205133::assertive,fever_205133,Qwen/Qwen2.5-1.5B-Instruct,Qwen/Qwen2.5-1.5B-Instruct,SUPPORTS,assertive,Gaius Julius Caesar was a politician.,controlled_framing_reuse_response,controlled_framing_fixed_response,fixed candidate_response; varied prompt/framing metadata only
fever_205133::authoritative,fever_205133,Qwen/Qwen2.5-1.5B-Instruct,Qwen/Qwen2.5-1.5B-Instruct,SUPPORTS,authoritative,Gaius Julius Caesar was a politician.,controlled_framing_reuse_response,controlled_framing_fixed_response,fixed candidate_response; varied prompt/framing metadata only
fever_164897::neutral,fever_164897,Qwen/Qwen2.5-1.5B-Instruct,Qwen/Qwen2.5-1.5B-Instruct,SUPPORTS,neutral,Hezbollah received combat training from Iran.,controlled_framing_reuse_response,controlled_framing_fixed_response,fixed candidate_response; varied prompt/framing metadata only
fever_164897::assertive,fever_164897,Qwen/Qwen2.5-1.5B-Instruct,Qwen/Qwen2.5-1.5B-Instruct,SUPPORTS,assertive,Hezbollah received combat training from Iran.,controlled_framing_reuse_response,controlled_framing_fixed_response,fixed candidate_response; varied prompt/framing metadata only
fever_164897::authoritative,fever_164897,Qwen/Qwen2.5-1.5B-Instruct,Qwen/Qwen2.5-1.5B-Instruct,SUPPORTS,authoritative,Hezbollah received combat training from Iran.,controlled_framing_reuse_response,controlled_framing_fixed_response,fixed candidate_response; varied prompt/framing metadata only
fever_149675::neutral,fever_149675,Qwen/Qwen2.5-1.5B-Instruct,Qwen/Qwen2.5-1.5B-Instruct,NOT ENOUGH INFO,neutral,The Maze Runner won over a dozen awards.,controlled_framing_reuse_response,controlled_framing_fixed_response,fixed candidate_response; varied prompt/framing metadata only
fever_149675::assertive,fever_149675,Qwen/Qwen2.5-1.5B-Instruct,Qwen/Qwen2.5-1.5B-Instruct,NOT ENOUGH INFO,assertive,The Maze Runner won over a dozen awards.,controlled_framing_reuse_response,controlled_framing_fixed_response,fixed candidate_response; varied prompt/framing metadata only
fever_149675::authoritative,fever_149675,Qwen/Qwen2.5-1.5B-Instruct,Qwen/Qwen2.5-1.5B-Instruct,NOT ENOUGH INFO,authoritative,The Maze Runner won over a dozen awards.,controlled_framing_reuse_response,controlled_framing_fixed_response,fixed candidate_response; varied prompt/framing metadata only
fever_160779::neutral,fever_160779,Qwen/Qwen2.5-1.5B-Instruct,Qwen/Qwen2.5-1.5B-Instruct,NOT ENOUGH INFO,neutral,Malta claims to be the historical Melita that is mentioned in the biblical book the Acts of the Apostles.,controlled_framing_reuse_response,controlled_framing_fixed_response,fixed candidate_response; varied prompt/framing metadata only
fever_160779::assertive,fever_160779,Qwen/Qwen2.5-1.5B-Instruct,Qwen/Qwen2.5-1.5B-Instruct,NOT ENOUGH INFO,assertive,Malta claims to be the historical Melita that is mentioned in the biblical book the Acts of the Apostles.,controlled_framing_reuse_response,controlled_framing_fixed_response,fixed candidate_response; varied prompt/framing metadata only
fever_160779::authoritative,fever_160779,Qwen/Qwen2.5-1.5B-Instruct,Qwen/Qwen2.5-1.5B-Instruct,NOT ENOUGH INFO,authoritative,Malta claims to be the historical Melita that is mentioned in the biblical book the Acts of the Apostles.,controlled_framing_reuse_response,controlled_framing_fixed_response,fixed candidate_response; varied prompt/framing metadata only
fever_38599::neutral,fever_38599,Qwen/Qwen2.5-1.5B-Instruct,Qwen/Qwen2.5-1.5B-Instruct,REFUTES,neutral,Kojol received an award.,controlled_framing_reuse_response,controlled_framing_fixed_response,fixed candidate_response; varied prompt/framing metadata only
fever_38599::assertive,fever_38599,Qwen/Qwen2.5-1.5B-Instruct,Qwen/Qwen2.5-1.5B-Instruct,REFUTES,assertive,Kojol received an award.,controlled_framing_reuse_response,controlled_framing_fixed_response,fixed candidate_response; varied prompt/framing metadata only
fever_38599::authoritative,fever_38599,Qwen/Qwen2.5-1.5B-Instruct,Qwen/Qwen2.5-1.5B-Instruct,REFUTES,authoritative,Kojol received an award.,controlled_framing_reuse_response,controlled_framing_fixed_response,fixed candidate_response; varied prompt/framing metadata only
fever_163799::neutral,fever_163799,Qwen/Qwen2.5-1.5B-Instruct,Qwen/Qwen2.5-1.5B-Instruct,NOT ENOUGH INFO,neutral,Ukrainian Soviet Socialist Republic was in the EU.,controlled_framing_reuse_response,controlled_framing_fixed_response,fixed candidate_response; varied prompt/framing metadata only
fever_163799::assertive,fever_163799,Qwen/Qwen2.5-1.5B-Instruct,Qwen/Qwen2.5-1.5B-Instruct,NOT ENOUGH INFO,assertive,Ukrainian Soviet Socialist Republic was in the EU.,controlled_framing_reuse_response,controlled_framing_fixed_response,fixed candidate_response; varied prompt/framing metadata only
fever_163799::authoritative,fever_163799,Qwen/Qwen2.5-1.5B-Instruct,Qwen/Qwen2.5-1.5B-Instruct,NOT ENOUGH INFO,authoritative,Ukrainian Soviet Socialist Republic was in the EU.,controlled_framing_reuse_response,controlled_framing_fixed_response,fixed candidate_response; varied prompt/framing metadata only
fever_29365::neutral,fever_29365,Qwen/Qwen2.5-1.5B-Instruct,Qwen/Qwen2.5-1.5B-Instruct,SUPPORTS,neutral,The Maze Runner is a narrative in a visual medium.,controlled_framing_reuse_response,controlled_framing_fixed_response,fixed candidate_response; varied prompt/framing metadata only
fever_29365::assertive,fever_29365,Qwen/Qwen2.5-1.5B-Instruct,Qwen/Qwen2.5-1.5B-Instruct,SUPPORTS,assertive,The Maze Runner is a narrative in a visual medium.,controlled_framing_reuse_response,controlled_framing_fixed_response,fixed candidate_response; varied prompt/framing metadata only
fever_29365::authoritative,fever_29365,Qwen/Qwen2.5-1.5B-Instruct,Qwen/Qwen2.5-1.5B-Instruct,SUPPORTS,authoritative,The Maze Runner is a narrative in a visual medium.,controlled_framing_reuse_response,controlled_framing_fixed_response,fixed candidate_response; varied prompt/framing metadata only
fever_162828::neutral,fever_162828,Qwen/Qwen2.5-1.5B-Instruct,Qwen/Qwen2.5-1.5B-Instruct,NOT ENOUGH INFO,neutral,Islamabad is home to Harvard University.,controlled_framing_reuse_response,controlled_framing_fixed_response,fixed candidate_response; varied prompt/framing metadata only
fever_162828::assertive,fever_162828,Qwen/Qwen2.5-1.5B-Instruct,Qwen/Qwen2.5-1.5B-Instruct,NOT ENOUGH INFO,assertive,Islamabad is home to Harvard University.,controlled_framing_reuse_response,controlled_framing_fixed_response,fixed candidate_response; varied prompt/framing metadata only
fever_162828::authoritative,fever_162828,Qwen/Qwen2.5-1.5B-Instruct,Qwen/Qwen2.5-1.5B-Instruct,NOT ENOUGH INFO,authoritative,Islamabad is home to Harvard University.,controlled_framing_reuse_response,controlled_framing_fixed_response,fixed candidate_response; varied prompt/framing metadata only
fever_96991::neutral,fever_96991,Qwen/Qwen2.5-1.5B-Instruct,Qwen/Qwen2.5-1.5B-Instruct,NOT ENOUGH INFO,neutral,Sarah Hyland is Iraqi.,controlled_framing_reuse_response,controlled_framing_fixed_response,fixed candidate_response; varied prompt/framing metadata only
fever_96991::assertive,fever_96991,Qwen/Qwen2.5-1.5B-Instruct,Qwen/Qwen2.5-1.5B-Instruct,NOT ENOUGH INFO,assertive,Sarah Hyland is Iraqi.,controlled_framing_reuse_response,controlled_framing_fixed_response,fixed candidate_response; varied prompt/framing metadata only
fever_96991::authoritative,fever_96991,Qwen/Qwen2.5-1.5B-Instruct,Qwen/Qwen2.5-1.5B-Instruct,NOT ENOUGH INFO,authoritative,Sarah Hyland is Iraqi.,controlled_framing_reuse_response,controlled_framing_fixed_response,fixed candidate_response; varied prompt/framing metadata only
fever_45685::neutral,fever_45685,Qwen/Qwen2.5-1.5B-Instruct,Qwen/Qwen2.5-1.5B-Instruct,REFUTES,neutral,Solanum excludes the nightshades.,controlled_framing_reuse_response,controlled_framing_fixed_response,fixed candidate_response; varied prompt/framing metadata only
fever_45685::assertive,fever_45685,Qwen/Qwen2.5-1.5B-Instruct,Qwen/Qwen2.5-1.5B-Instruct,REFUTES,assertive,Solanum excludes the nightshades.,controlled_framing_reuse_response,controlled_framing_fixed_response,fixed candidate_response; varied prompt/framing metadata only
fever_45685::authoritative,fever_45685,Qwen/Qwen2.5-1.5B-Instruct,Qwen/Qwen2.5-1.5B-Instruct,REFUTES,authoritative,Solanum excludes the nightshades.,controlled_framing_reuse_response,controlled_framing_fixed_response,fixed candidate_response; varied prompt/framing metadata only
fever_3087::neutral,fever_3087,Qwen/Qwen2.5-1.5B-Instruct,Qwen/Qwen2.5-1.5B-Instruct,SUPPORTS,neutral,SummerSlam skipped the pre-show.,controlled_framing_reuse_response,controlled_framing_fixed_response,fixed candidate_response; varied prompt/framing metadata only
fever_3087::assertive,fever_3087,Qwen/Qwen2.5-1.5B-Instruct,Qwen/Qwen2.5-1.5B-Instruct,SUPPORTS,assertive,SummerSlam skipped the pre-show.,controlled_framing_reuse_response,controlled_framing_fixed_response,fixed candidate_response; varied prompt/framing metadata only
fever_3087::authoritative,fever_3087,Qwen/Qwen2.5-1.5B-Instruct,Qwen/Qwen2.5-1.5B-Instruct,SUPPORTS,authoritative,SummerSlam skipped the pre-show.,controlled_framing_reuse_response,controlled_framing_fixed_response,fixed candidate_response; varied prompt/framing metadata only
fever_110011::neutral,fever_110011,Qwen/Qwen2.5-1.5B-Instruct,Qwen/Qwen2.5-1.5B-Instruct,REFUTES,neutral,Shannon Lee is not an actress.,controlled_framing_reuse_response,controlled_framing_fixed_response,fixed candidate_response; varied prompt/framing metadata only
fever_110011::assertive,fever_110011,Qwen/Qwen2.5-1.5B-Instruct,Qwen/Qwen2.5-1.5B-Instruct,REFUTES,assertive,Shannon Lee is not an actress.,controlled_framing_reuse_response,controlled_framing_fixed_response,fixed candidate_response; varied prompt/framing metadata only
fever_110011::authoritative,fever_110011,Qwen/Qwen2.5-1.5B-Instruct,Qwen/Qwen2.5-1.5B-Instruct,REFUTES,authoritative,Shannon Lee is not an actress.,controlled_framing_reuse_response,controlled_framing_fixed_response,fixed candidate_response; varied prompt/framing metadata only
fever_158903::neutral,fever_158903,Qwen/Qwen2.5-1.5B-Instruct,Qwen/Qwen2.5-1.5B-Instruct,SUPPORTS,neutral,Unison (Celine Dion album) was originally released by Columbia Records.,controlled_framing_reuse_response,controlled_framing_fixed_response,fixed candidate_response; varied prompt/framing metadata only
fever_158903::assertive,fever_158903,Qwen/Qwen2.5-1.5B-Instruct,Qwen/Qwen2.5-1.5B-Instruct,SUPPORTS,assertive,Unison (Celine Dion album) was originally released by Columbia Records.,controlled_framing_reuse_response,controlled_framing_fixed_response,fixed candidate_response; varied prompt/framing metadata only
fever_158903::authoritative,fever_158903,Qwen/Qwen2.5-1.5B-Instruct,Qwen/Qwen2.5-1.5B-Instruct,SUPPORTS,authoritative,Unison (Celine Dion album) was originally released by Columbia Records.,controlled_framing_reuse_response,controlled_framing_fixed_response,fixed candidate_response; varied prompt/framing metadata only
fever_12372::neutral,fever_12372,Qwen/Qwen2.5-1.5B-Instruct,Qwen/Qwen2.5-1.5B-Instruct,SUPPORTS,neutral,Dark matter is hypothetical.,controlled_framing_reuse_response,controlled_framing_fixed_response,fixed candidate_response; varied prompt/framing metadata only
fever_12372::assertive,fever_12372,Qwen/Qwen2.5-1.5B-Instruct,Qwen/Qwen2.5-1.5B-Instruct,SUPPORTS,assertive,Dark matter is hypothetical.,controlled_framing_reuse_response,controlled_framing_fixed_response,fixed candidate_response; varied prompt/framing metadata only
fever_12372::authoritative,fever_12372,Qwen/Qwen2.5-1.5B-Instruct,Qwen/Qwen2.5-1.5B-Instruct,SUPPORTS,authoritative,Dark matter is hypothetical.,controlled_framing_reuse_response,controlled_framing_fixed_response,fixed candidate_response; varied prompt/framing metadata only
fever_12467::neutral,fever_12467,Qwen/Qwen2.5-1.5B-Instruct,Qwen/Qwen2.5-1.5B-Instruct,SUPPORTS,neutral,SpongeBob SquarePants is not the most distributed property of MTV Networks.,controlled_framing_reuse_response,controlled_framing_fixed_response,fixed candidate_response; varied prompt/framing metadata only
fever_12467::assertive,fever_12467,Qwen/Qwen2.5-1.5B-Instruct,Qwen/Qwen2.5-1.5B-Instruct,SUPPORTS,assertive,SpongeBob SquarePants is not the most distributed property of MTV Networks.,controlled_framing_reuse_response,controlled_framing_fixed_response,fixed candidate_response; varied prompt/framing metadata only
fever_12467::authoritative,fever_12467,Qwen/Qwen2.5-1.5B-Instruct,Qwen/Qwen2.5-1.5B-Instruct,SUPPORTS,authoritative,SpongeBob SquarePants is not the most distributed property of MTV Networks.,controlled_framing_reuse_response,controlled_framing_fixed_response,fixed candidate_response; varied prompt/framing metadata only
fever_143495::neutral,fever_143495,Qwen/Qwen2.5-1.5B-Instruct,Qwen/Qwen2.5-1.5B-Instruct,REFUTES,neutral,Mandy Moore is French.,controlled_framing_reuse_response,controlled_framing_fixed_response,fixed candidate_response; varied prompt/framing metadata only
fever_143495::assertive,fever_143495,Qwen/Qwen2.5-1.5B-Instruct,Qwen/Qwen2.5-1.5B-Instruct,REFUTES,assertive,Mandy Moore is French.,controlled_framing_reuse_response,controlled_framing_fixed_response,fixed candidate_response; varied prompt/framing metadata only
fever_143495::authoritative,fever_143495,Qwen/Qwen2.5-1.5B-Instruct,Qwen/Qwen2.5-1.5B-Instruct,REFUTES,authoritative,Mandy Moore is French.,controlled_framing_reuse_response,controlled_framing_fixed_response,fixed candidate_response; varied prompt/framing metadata only
fever_4824::neutral,fever_4824,Qwen/Qwen2.5-1.5B-Instruct,Qwen/Qwen2.5-1.5B-Instruct,REFUTES,neutral,"Watertown, Massachusetts is in France.",controlled_framing_reuse_response,controlled_framing_fixed_response,fixed candidate_response; varied prompt/framing metadata only
fever_4824::assertive,fever_4824,Qwen/Qwen2.5-1.5B-Instruct,Qwen/Qwen2.5-1.5B-Instruct,REFUTES,assertive,"Watertown, Massachusetts is in France.",controlled_framing_reuse_response,controlled_framing_fixed_response,fixed candidate_response; varied prompt/framing metadata only
fever_4824::authoritative,fever_4824,Qwen/Qwen2.5-1.5B-Instruct,Qwen/Qwen2.5-1.5B-Instruct,REFUTES,authoritative,"Watertown, Massachusetts is in France.",controlled_framing_reuse_response,controlled_framing_fixed_response,fixed candidate_response; varied prompt/framing metadata only
fever_182928::neutral,fever_182928,Qwen/Qwen2.5-1.5B-Instruct,Qwen/Qwen2.5-1.5B-Instruct,SUPPORTS,neutral,The soundtrack of Far from the Madding Crowd was by at least one person.,controlled_framing_reuse_response,controlled_framing_fixed_response,fixed candidate_response; varied prompt/framing metadata only
fever_182928::assertive,fever_182928,Qwen/Qwen2.5-1.5B-Instruct,Qwen/Qwen2.5-1.5B-Instruct,SUPPORTS,assertive,The soundtrack of Far from the Madding Crowd was by at least one person.,controlled_framing_reuse_response,controlled_framing_fixed_response,fixed candidate_response; varied prompt/framing metadata only
fever_182928::authoritative,fever_182928,Qwen/Qwen2.5-1.5B-Instruct,Qwen/Qwen2.5-1.5B-Instruct,SUPPORTS,authoritative,The soundtrack of Far from the Madding Crowd was by at least one person.,controlled_framing_reuse_response,controlled_framing_fixed_response,fixed candidate_response; varied prompt/framing metadata only
fever_187579::neutral,fever_187579,Qwen/Qwen2.5-1.5B-Instruct,Qwen/Qwen2.5-1.5B-Instruct,SUPPORTS,neutral,Dan Brown wrote a novel.,controlled_framing_reuse_response,controlled_framing_fixed_response,fixed candidate_response; varied prompt/framing metadata only
fever_187579::assertive,fever_187579,Qwen/Qwen2.5-1.5B-Instruct,Qwen/Qwen2.5-1.5B-Instruct,SUPPORTS,assertive,Dan Brown wrote a novel.,controlled_framing_reuse_response,controlled_framing_fixed_response,fixed candidate_response; varied prompt/framing metadata only
fever_187579::authoritative,fever_187579,Qwen/Qwen2.5-1.5B-Instruct,Qwen/Qwen2.5-1.5B-Instruct,SUPPORTS,authoritative,Dan Brown wrote a novel.,controlled_framing_reuse_response,controlled_framing_fixed_response,fixed candidate_response; varied prompt/framing metadata only
fever_106496::neutral,fever_106496,Qwen/Qwen2.5-1.5B-Instruct,Qwen/Qwen2.5-1.5B-Instruct,REFUTES,neutral,Absinthe is banned in Europe.,controlled_framing_reuse_response,controlled_framing_fixed_response,fixed candidate_response; varied prompt/framing metadata only
fever_106496::assertive,fever_106496,Qwen/Qwen2.5-1.5B-Instruct,Qwen/Qwen2.5-1.5B-Instruct,REFUTES,assertive,Absinthe is banned in Europe.,controlled_framing_reuse_response,controlled_framing_fixed_response,fixed candidate_response; varied prompt/framing metadata only
fever_106496::authoritative,fever_106496,Qwen/Qwen2.5-1.5B-Instruct,Qwen/Qwen2.5-1.5B-Instruct,REFUTES,authoritative,Absinthe is banned in Europe.,controlled_framing_reuse_response,controlled_framing_fixed_response,fixed candidate_response; varied prompt/framing metadata only
fever_124662::neutral,fever_124662,Qwen/Qwen2.5-1.5B-Instruct,Qwen/Qwen2.5-1.5B-Instruct,REFUTES,neutral,Boeing 787 Dreamliner is a boat.,controlled_framing_reuse_response,controlled_framing_fixed_response,fixed candidate_response; varied prompt/framing metadata only
fever_124662::assertive,fever_124662,Qwen/Qwen2.5-1.5B-Instruct,Qwen/Qwen2.5-1.5B-Instruct,REFUTES,assertive,Boeing 787 Dreamliner is a boat.,controlled_framing_reuse_response,controlled_framing_fixed_response,fixed candidate_response; varied prompt/framing metadata only
fever_124662::authoritative,fever_124662,Qwen/Qwen2.5-1.5B-Instruct,Qwen/Qwen2.5-1.5B-Instruct,REFUTES,authoritative,Boeing 787 Dreamliner is a boat.,controlled_framing_reuse_response,controlled_framing_fixed_response,fixed candidate_response; varied prompt/framing metadata only
fever_194221::neutral,fever_194221,Qwen/Qwen2.5-1.5B-Instruct,Qwen/Qwen2.5-1.5B-Instruct,SUPPORTS,neutral,Mike Friedrich is American.,controlled_framing_reuse_response,controlled_framing_fixed_response,fixed candidate_response; varied prompt/framing metadata only
fever_194221::assertive,fever_194221,Qwen/Qwen2.5-1.5B-Instruct,Qwen/Qwen2.5-1.5B-Instruct,SUPPORTS,assertive,Mike Friedrich is American.,controlled_framing_reuse_response,controlled_framing_fixed_response,fixed candidate_response; varied prompt/framing metadata only
fever_194221::authoritative,fever_194221,Qwen/Qwen2.5-1.5B-Instruct,Qwen/Qwen2.5-1.5B-Instruct,SUPPORTS,authoritative,Mike Friedrich is American.,controlled_framing_reuse_response,controlled_framing_fixed_response,fixed candidate_response; varied prompt/framing metadata only
fever_45384::neutral,fever_45384,Qwen/Qwen2.5-1.5B-Instruct,Qwen/Qwen2.5-1.5B-Instruct,REFUTES,neutral,The ABC islands are part of the Arctic Ocean.,controlled_framing_reuse_response,controlled_framing_fixed_response,fixed candidate_response; varied prompt/framing metadata only
fever_45384::assertive,fever_45384,Qwen/Qwen2.5-1.5B-Instruct,Qwen/Qwen2.5-1.5B-Instruct,REFUTES,assertive,The ABC islands are part of the Arctic Ocean.,controlled_framing_reuse_response,controlled_framing_fixed_response,fixed candidate_response; varied prompt/framing metadata only
fever_45384::authoritative,fever_45384,Qwen/Qwen2.5-1.5B-Instruct,Qwen/Qwen2.5-1.5B-Instruct,REFUTES,authoritative,The ABC islands are part of the Arctic Ocean.,controlled_framing_reuse_response,controlled_framing_fixed_response,fixed candidate_response; varied prompt/framing metadata only
fever_225271::neutral,fever_225271,Qwen/Qwen2.5-1.5B-Instruct,Qwen/Qwen2.5-1.5B-Instruct,NOT ENOUGH INFO,neutral,Brian De Palma is a film producer.,controlled_framing_reuse_response,controlled_framing_fixed_response,fixed candidate_response; varied prompt/framing metadata only
fever_225271::assertive,fever_225271,Qwen/Qwen2.5-1.5B-Instruct,Qwen/Qwen2.5-1.5B-Instruct,NOT ENOUGH INFO,assertive,Brian De Palma is a film producer.,controlled_framing_reuse_response,controlled_framing_fixed_response,fixed candidate_response; varied prompt/framing metadata only
fever_225271::authoritative,fever_225271,Qwen/Qwen2.5-1.5B-Instruct,Qwen/Qwen2.5-1.5B-Instruct,NOT ENOUGH INFO,authoritative,Brian De Palma is a film producer.,controlled_framing_reuse_response,controlled_framing_fixed_response,fixed candidate_response; varied prompt/framing metadata only
fever_419::neutral,fever_419,Qwen/Qwen2.5-1.5B-Instruct,Qwen/Qwen2.5-1.5B-Instruct,SUPPORTS,neutral,Toy Story 2 was released by Walt Disney Pictures.,controlled_framing_reuse_response,controlled_framing_fixed_response,fixed candidate_response; varied prompt/framing metadata only
fever_419::assertive,fever_419,Qwen/Qwen2.5-1.5B-Instruct,Qwen/Qwen2.5-1.5B-Instruct,SUPPORTS,assertive,Toy Story 2 was released by Walt Disney Pictures.,controlled_framing_reuse_response,controlled_framing_fixed_response,fixed candidate_response; varied prompt/framing metadata only
fever_419::authoritative,fever_419,Qwen/Qwen2.5-1.5B-Instruct,Qwen/Qwen2.5-1.5B-Instruct,SUPPORTS,authoritative,Toy Story 2 was released by Walt Disney Pictures.,controlled_framing_reuse_response,controlled_framing_fixed_response,fixed candidate_response; varied prompt/framing metadata only
fever_205124::neutral,fever_205124,Qwen/Qwen2.5-1.5B-Instruct,Qwen/Qwen2.5-1.5B-Instruct,SUPPORTS,neutral,Gaius Julius Caesar was the son of Gaius Julius Caesar.,controlled_framing_reuse_response,controlled_framing_fixed_response,fixed candidate_response; varied prompt/framing metadata only
fever_205124::assertive,fever_205124,Qwen/Qwen2.5-1.5B-Instruct,Qwen/Qwen2.5-1.5B-Instruct,SUPPORTS,assertive,Gaius Julius Caesar was the son of Gaius Julius Caesar.,controlled_framing_reuse_response,controlled_framing_fixed_response,fixed candidate_response; varied prompt/framing metadata only
fever_205124::authoritative,fever_205124,Qwen/Qwen2.5-1.5B-Instruct,Qwen/Qwen2.5-1.5B-Instruct,SUPPORTS,authoritative,Gaius Julius Caesar was the son of Gaius Julius Caesar.,controlled_framing_reuse_response,controlled_framing_fixed_response,fixed candidate_response; varied prompt/framing metadata only
fever_119362::neutral,fever_119362,Qwen/Qwen2.5-1.5B-Instruct,Qwen/Qwen2.5-1.5B-Instruct,SUPPORTS,neutral,The IPhone 4 is a computer that is mobile and personal.,controlled_framing_reuse_response,controlled_framing_fixed_response,fixed candidate_response; varied prompt/framing metadata only
fever_119362::assertive,fever_119362,Qwen/Qwen2.5-1.5B-Instruct,Qwen/Qwen2.5-1.5B-Instruct,SUPPORTS,assertive,The IPhone 4 is a computer that is mobile and personal.,controlled_framing_reuse_response,controlled_framing_fixed_response,fixed candidate_response; varied prompt/framing metadata only
fever_119362::authoritative,fever_119362,Qwen/Qwen2.5-1.5B-Instruct,Qwen/Qwen2.5-1.5B-Instruct,SUPPORTS,authoritative,The IPhone 4 is a computer that is mobile and personal.,controlled_framing_reuse_response,controlled_framing_fixed_response,fixed candidate_response; varied prompt/framing metadata only
fever_42223::neutral,fever_42223,Qwen/Qwen2.5-1.5B-Instruct,Qwen/Qwen2.5-1.5B-Instruct,SUPPORTS,neutral,Mercedes-Benz is a division of a German automobile manufacturer.,controlled_framing_reuse_response,controlled_framing_fixed_response,fixed candidate_response; varied prompt/framing metadata only
fever_42223::assertive,fever_42223,Qwen/Qwen2.5-1.5B-Instruct,Qwen/Qwen2.5-1.5B-Instruct,SUPPORTS,assertive,Mercedes-Benz is a division of a German automobile manufacturer.,controlled_framing_reuse_response,controlled_framing_fixed_response,fixed candidate_response; varied prompt/framing metadata only
fever_42223::authoritative,fever_42223,Qwen/Qwen2.5-1.5B-Instruct,Qwen/Qwen2.5-1.5B-Instruct,SUPPORTS,authoritative,Mercedes-Benz is a division of a German automobile manufacturer.,controlled_framing_reuse_response,controlled_framing_fixed_response,fixed candidate_response; varied prompt/framing metadata only
fever_90894::neutral,fever_90894,Qwen/Qwen2.5-1.5B-Instruct,Qwen/Qwen2.5-1.5B-Instruct,SUPPORTS,neutral,The Hunger Games film series had Gary Ross direct a film.,controlled_framing_reuse_response,controlled_framing_fixed_response,fixed candidate_response; varied prompt/framing metadata only
fever_90894::assertive,fever_90894,Qwen/Qwen2.5-1.5B-Instruct,Qwen/Qwen2.5-1.5B-Instruct,SUPPORTS,assertive,The Hunger Games film series had Gary Ross direct a film.,controlled_framing_reuse_response,controlled_framing_fixed_response,fixed candidate_response; varied prompt/framing metadata only
fever_90894::authoritative,fever_90894,Qwen/Qwen2.5-1.5B-Instruct,Qwen/Qwen2.5-1.5B-Instruct,SUPPORTS,authoritative,The Hunger Games film series had Gary Ross direct a film.,controlled_framing_reuse_response,controlled_framing_fixed_response,fixed candidate_response; varied prompt/framing metadata only
fever_16382::neutral,fever_16382,Qwen/Qwen2.5-1.5B-Instruct,Qwen/Qwen2.5-1.5B-Instruct,REFUTES,neutral,The Africa Cup of Nations is a friendly global soccer exhibition.,controlled_framing_reuse_response,controlled_framing_fixed_response,fixed candidate_response; varied prompt/framing metadata only
fever_16382::assertive,fever_16382,Qwen/Qwen2.5-1.5B-Instruct,Qwen/Qwen2.5-1.5B-Instruct,REFUTES,assertive,The Africa Cup of Nations is a friendly global soccer exhibition.,controlled_framing_reuse_response,controlled_framing_fixed_response,fixed candidate_response; varied prompt/framing metadata only
fever_16382::authoritative,fever_16382,Qwen/Qwen2.5-1.5B-Instruct,Qwen/Qwen2.5-1.5B-Instruct,REFUTES,authoritative,The Africa Cup of Nations is a friendly global soccer exhibition.,controlled_framing_reuse_response,controlled_framing_fixed_response,fixed candidate_response; varied prompt/framing metadata only
fever_101808::neutral,fever_101808,Qwen/Qwen2.5-1.5B-Instruct,Qwen/Qwen2.5-1.5B-Instruct,SUPPORTS,neutral,Granite is a rock.,controlled_framing_reuse_response,controlled_framing_fixed_response,fixed candidate_response; varied prompt/framing metadata only
fever_101808::assertive,fever_101808,Qwen/Qwen2.5-1.5B-Instruct,Qwen/Qwen2.5-1.5B-Instruct,SUPPORTS,assertive,Granite is a rock.,controlled_framing_reuse_response,controlled_framing_fixed_response,fixed candidate_response; varied prompt/framing metadata only
fever_101808::authoritative,fever_101808,Qwen/Qwen2.5-1.5B-Instruct,Qwen/Qwen2.5-1.5B-Instruct,SUPPORTS,authoritative,Granite is a rock.,controlled_framing_reuse_response,controlled_framing_fixed_response,fixed candidate_response; varied prompt/framing metadata only
fever_197665::neutral,fever_197665,Qwen/Qwen2.5-1.5B-Instruct,Qwen/Qwen2.5-1.5B-Instruct,NOT ENOUGH INFO,neutral,"In 2012, the University of Leicester discovered remains.",controlled_framing_reuse_response,controlled_framing_fixed_response,fixed candidate_response; varied prompt/framing metadata only
fever_197665::assertive,fever_197665,Qwen/Qwen2.5-1.5B-Instruct,Qwen/Qwen2.5-1.5B-Instruct,NOT ENOUGH INFO,assertive,"In 2012, the University of Leicester discovered remains.",controlled_framing_reuse_response,controlled_framing_fixed_response,fixed candidate_response; varied prompt/framing metadata only
fever_197665::authoritative,fever_197665,Qwen/Qwen2.5-1.5B-Instruct,Qwen/Qwen2.5-1.5B-Instruct,NOT ENOUGH INFO,authoritative,"In 2012, the University of Leicester discovered remains.",controlled_framing_reuse_response,controlled_framing_fixed_response,fixed candidate_response; varied prompt/framing metadata only
fever_137401::neutral,fever_137401,Qwen/Qwen2.5-1.5B-Instruct,Qwen/Qwen2.5-1.5B-Instruct,REFUTES,neutral,The Stanford prison experiment was funded by the U.S. Office of Education.,controlled_framing_reuse_response,controlled_framing_fixed_response,fixed candidate_response; varied prompt/framing metadata only
fever_137401::assertive,fever_137401,Qwen/Qwen2.5-1.5B-Instruct,Qwen/Qwen2.5-1.5B-Instruct,REFUTES,assertive,The Stanford prison experiment was funded by the U.S. Office of Education.,controlled_framing_reuse_response,controlled_framing_fixed_response,fixed candidate_response; varied prompt/framing metadata only
fever_137401::authoritative,fever_137401,Qwen/Qwen2.5-1.5B-Instruct,Qwen/Qwen2.5-1.5B-Instruct,REFUTES,authoritative,The Stanford prison experiment was funded by the U.S. Office of Education.,controlled_framing_reuse_response,controlled_framing_fixed_response,fixed candidate_response; varied prompt/framing metadata only
fever_109234::neutral,fever_109234,Qwen/Qwen2.5-1.5B-Instruct,Qwen/Qwen2.5-1.5B-Instruct,REFUTES,neutral,Chris Benoit's maiden name is Michael.,controlled_framing_reuse_response,controlled_framing_fixed_response,fixed candidate_response; varied prompt/framing metadata only
fever_109234::assertive,fever_109234,Qwen/Qwen2.5-1.5B-Instruct,Qwen/Qwen2.5-1.5B-Instruct,REFUTES,assertive,Chris Benoit's maiden name is Michael.,controlled_framing_reuse_response,controlled_framing_fixed_response,fixed candidate_response; varied prompt/framing metadata only
fever_109234::authoritative,fever_109234,Qwen/Qwen2.5-1.5B-Instruct,Qwen/Qwen2.5-1.5B-Instruct,REFUTES,authoritative,Chris Benoit's maiden name is Michael.,controlled_framing_reuse_response,controlled_framing_fixed_response,fixed candidate_response; varied prompt/framing metadata only
fever_97348::neutral,fever_97348,Qwen/Qwen2.5-1.5B-Instruct,Qwen/Qwen2.5-1.5B-Instruct,REFUTES,neutral,The Hunger Games film series had Francis Lawrence direct three films in the late 2000s.,controlled_framing_reuse_response,controlled_framing_fixed_response,fixed candidate_response; varied prompt/framing metadata only
fever_97348::assertive,fever_97348,Qwen/Qwen2.5-1.5B-Instruct,Qwen/Qwen2.5-1.5B-Instruct,REFUTES,assertive,The Hunger Games film series had Francis Lawrence direct three films in the late 2000s.,controlled_framing_reuse_response,controlled_framing_fixed_response,fixed candidate_response; varied prompt/framing metadata only
fever_97348::authoritative,fever_97348,Qwen/Qwen2.5-1.5B-Instruct,Qwen/Qwen2.5-1.5B-Instruct,REFUTES,authoritative,The Hunger Games film series had Francis Lawrence direct three films in the late 2000s.,controlled_framing_reuse_response,controlled_framing_fixed_response,fixed candidate_response; varied prompt/framing metadata only
fever_194743::neutral,fever_194743,Qwen/Qwen2.5-1.5B-Instruct,Qwen/Qwen2.5-1.5B-Instruct,NOT ENOUGH INFO,neutral,L. Ron Hubbard spent the remaining years of his life on a ranch near his mother.,controlled_framing_reuse_response,controlled_framing_fixed_response,fixed candidate_response; varied prompt/framing metadata only
fever_194743::assertive,fever_194743,Qwen/Qwen2.5-1.5B-Instruct,Qwen/Qwen2.5-1.5B-Instruct,NOT ENOUGH INFO,assertive,L. Ron Hubbard spent the remaining years of his life on a ranch near his mother.,controlled_framing_reuse_response,controlled_framing_fixed_response,fixed candidate_response; varied prompt/framing metadata only
fever_194743::authoritative,fever_194743,Qwen/Qwen2.5-1.5B-Instruct,Qwen/Qwen2.5-1.5B-Instruct,NOT ENOUGH INFO,authoritative,L. Ron Hubbard spent the remaining years of his life on a ranch near his mother.,controlled_framing_reuse_response,controlled_framing_fixed_response,fixed candidate_response; varied prompt/framing metadata only
fever_154687::neutral,fever_154687,Qwen/Qwen2.5-1.5B-Instruct,Qwen/Qwen2.5-1.5B-Instruct,NOT ENOUGH INFO,neutral,Louis Malle produced 40 English language films.,controlled_framing_reuse_response,controlled_framing_fixed_response,fixed candidate_response; varied prompt/framing metadata only
fever_154687::assertive,fever_154687,Qwen/Qwen2.5-1.5B-Instruct,Qwen/Qwen2.5-1.5B-Instruct,NOT ENOUGH INFO,assertive,Louis Malle produced 40 English language films.,controlled_framing_reuse_response,controlled_framing_fixed_response,fixed candidate_response; varied prompt/framing metadata only
fever_154687::authoritative,fever_154687,Qwen/Qwen2.5-1.5B-Instruct,Qwen/Qwen2.5-1.5B-Instruct,NOT ENOUGH INFO,authoritative,Louis Malle produced 40 English language films.,controlled_framing_reuse_response,controlled_framing_fixed_response,fixed candidate_response; varied prompt/framing metadata only
fever_123121::neutral,fever_123121,Qwen/Qwen2.5-1.5B-Instruct,Qwen/Qwen2.5-1.5B-Instruct,REFUTES,neutral,Physics' main goal is to understand the behavior of eels.,controlled_framing_reuse_response,controlled_framing_fixed_response,fixed candidate_response; varied prompt/framing metadata only
fever_123121::assertive,fever_123121,Qwen/Qwen2.5-1.5B-Instruct,Qwen/Qwen2.5-1.5B-Instruct,REFUTES,assertive,Physics' main goal is to understand the behavior of eels.,controlled_framing_reuse_response,controlled_framing_fixed_response,fixed candidate_response; varied prompt/framing metadata only
fever_123121::authoritative,fever_123121,Qwen/Qwen2.5-1.5B-Instruct,Qwen/Qwen2.5-1.5B-Instruct,REFUTES,authoritative,Physics' main goal is to understand the behavior of eels.,controlled_framing_reuse_response,controlled_framing_fixed_response,fixed candidate_response; varied prompt/framing metadata only
fever_53389::neutral,fever_53389,Qwen/Qwen2.5-1.5B-Instruct,Qwen/Qwen2.5-1.5B-Instruct,SUPPORTS,neutral,George III's successor was his son.,controlled_framing_reuse_response,controlled_framing_fixed_response,fixed candidate_response; varied prompt/framing metadata only
fever_53389::assertive,fever_53389,Qwen/Qwen2.5-1.5B-Instruct,Qwen/Qwen2.5-1.5B-Instruct,SUPPORTS,assertive,George III's successor was his son.,controlled_framing_reuse_response,controlled_framing_fixed_response,fixed candidate_response; varied prompt/framing metadata only
fever_53389::authoritative,fever_53389,Qwen/Qwen2.5-1.5B-Instruct,Qwen/Qwen2.5-1.5B-Instruct,SUPPORTS,authoritative,George III's successor was his son.,controlled_framing_reuse_response,controlled_framing_fixed_response,fixed candidate_response; varied prompt/framing metadata only
fever_168079::neutral,fever_168079,Qwen/Qwen2.5-1.5B-Instruct,Qwen/Qwen2.5-1.5B-Instruct,REFUTES,neutral,"Jean-Jacques Dessalines graduated college on September 20th, 1758.",controlled_framing_reuse_response,controlled_framing_fixed_response,fixed candidate_response; varied prompt/framing metadata only
fever_168079::assertive,fever_168079,Qwen/Qwen2.5-1.5B-Instruct,Qwen/Qwen2.5-1.5B-Instruct,REFUTES,assertive,"Jean-Jacques Dessalines graduated college on September 20th, 1758.",controlled_framing_reuse_response,controlled_framing_fixed_response,fixed candidate_response; varied prompt/framing metadata only
fever_168079::authoritative,fever_168079,Qwen/Qwen2.5-1.5B-Instruct,Qwen/Qwen2.5-1.5B-Instruct,REFUTES,authoritative,"Jean-Jacques Dessalines graduated college on September 20th, 1758.",controlled_framing_reuse_response,controlled_framing_fixed_response,fixed candidate_response; varied prompt/framing metadata only
fever_188140::neutral,fever_188140,Qwen/Qwen2.5-1.5B-Instruct,Qwen/Qwen2.5-1.5B-Instruct,SUPPORTS,neutral,Stephen Moyer worked with Ron Perlman as his co-star in Prince Valiant.,controlled_framing_reuse_response,controlled_framing_fixed_response,fixed candidate_response; varied prompt/framing metadata only
fever_188140::assertive,fever_188140,Qwen/Qwen2.5-1.5B-Instruct,Qwen/Qwen2.5-1.5B-Instruct,SUPPORTS,assertive,Stephen Moyer worked with Ron Perlman as his co-star in Prince Valiant.,controlled_framing_reuse_response,controlled_framing_fixed_response,fixed candidate_response; varied prompt/framing metadata only
fever_188140::authoritative,fever_188140,Qwen/Qwen2.5-1.5B-Instruct,Qwen/Qwen2.5-1.5B-Instruct,SUPPORTS,authoritative,Stephen Moyer worked with Ron Perlman as his co-star in Prince Valiant.,controlled_framing_reuse_response,controlled_framing_fixed_response,fixed candidate_response; varied prompt/framing metadata only
fever_160949::neutral,fever_160949,Qwen/Qwen2.5-1.5B-Instruct,Qwen/Qwen2.5-1.5B-Instruct,NOT ENOUGH INFO,neutral,Mamata Banerjee is also known as Batman.,controlled_framing_reuse_response,controlled_framing_fixed_response,fixed candidate_response; varied prompt/framing metadata only
fever_160949::assertive,fever_160949,Qwen/Qwen2.5-1.5B-Instruct,Qwen/Qwen2.5-1.5B-Instruct,NOT ENOUGH INFO,assertive,Mamata Banerjee is also known as Batman.,controlled_framing_reuse_response,controlled_framing_fixed_response,fixed candidate_response; varied prompt/framing metadata only
fever_160949::authoritative,fever_160949,Qwen/Qwen2.5-1.5B-Instruct,Qwen/Qwen2.5-1.5B-Instruct,NOT ENOUGH INFO,authoritative,Mamata Banerjee is also known as Batman.,controlled_framing_reuse_response,controlled_framing_fixed_response,fixed candidate_response; varied prompt/framing metadata only
fever_80429::neutral,fever_80429,Qwen/Qwen2.5-1.5B-Instruct,Qwen/Qwen2.5-1.5B-Instruct,SUPPORTS,neutral,Saw II came out in a digital optical disc storage format.,controlled_framing_reuse_response,controlled_framing_fixed_response,fixed candidate_response; varied prompt/framing metadata only
fever_80429::assertive,fever_80429,Qwen/Qwen2.5-1.5B-Instruct,Qwen/Qwen2.5-1.5B-Instruct,SUPPORTS,assertive,Saw II came out in a digital optical disc storage format.,controlled_framing_reuse_response,controlled_framing_fixed_response,fixed candidate_response; varied prompt/framing metadata only
fever_80429::authoritative,fever_80429,Qwen/Qwen2.5-1.5B-Instruct,Qwen/Qwen2.5-1.5B-Instruct,SUPPORTS,authoritative,Saw II came out in a digital optical disc storage format.,controlled_framing_reuse_response,controlled_framing_fixed_response,fixed candidate_response; varied prompt/framing metadata only
fever_89918::neutral,fever_89918,Qwen/Qwen2.5-1.5B-Instruct,Qwen/Qwen2.5-1.5B-Instruct,NOT ENOUGH INFO,neutral,"The Last Song (film) began filming on August 18th, 2010.",controlled_framing_reuse_response,controlled_framing_fixed_response,fixed candidate_response; varied prompt/framing metadata only
fever_89918::assertive,fever_89918,Qwen/Qwen2.5-1.5B-Instruct,Qwen/Qwen2.5-1.5B-Instruct,NOT ENOUGH INFO,assertive,"The Last Song (film) began filming on August 18th, 2010.",controlled_framing_reuse_response,controlled_framing_fixed_response,fixed candidate_response; varied prompt/framing metadata only
fever_89918::authoritative,fever_89918,Qwen/Qwen2.5-1.5B-Instruct,Qwen/Qwen2.5-1.5B-Instruct,NOT ENOUGH INFO,authoritative,"The Last Song (film) began filming on August 18th, 2010.",controlled_framing_reuse_response,controlled_framing_fixed_response,fixed candidate_response; varied prompt/framing metadata only
fever_9182::neutral,fever_9182,Qwen/Qwen2.5-1.5B-Instruct,Qwen/Qwen2.5-1.5B-Instruct,SUPPORTS,neutral,"Pink's birthday was September 8, 1979.",controlled_framing_reuse_response,controlled_framing_fixed_response,fixed candidate_response; varied prompt/framing metadata only
fever_9182::assertive,fever_9182,Qwen/Qwen2.5-1.5B-Instruct,Qwen/Qwen2.5-1.5B-Instruct,SUPPORTS,assertive,"Pink's birthday was September 8, 1979.",controlled_framing_reuse_response,controlled_framing_fixed_response,fixed candidate_response; varied prompt/framing metadata only
fever_9182::authoritative,fever_9182,Qwen/Qwen2.5-1.5B-Instruct,Qwen/Qwen2.5-1.5B-Instruct,SUPPORTS,authoritative,"Pink's birthday was September 8, 1979.",controlled_framing_reuse_response,controlled_framing_fixed_response,fixed candidate_response; varied prompt/framing metadata only
fever_226457::neutral,fever_226457,Qwen/Qwen2.5-1.5B-Instruct,Qwen/Qwen2.5-1.5B-Instruct,REFUTES,neutral,Chadwick Boseman refused to ever portray a character in any Marvel Studios film.,controlled_framing_reuse_response,controlled_framing_fixed_response,fixed candidate_response; varied prompt/framing metadata only
fever_226457::assertive,fever_226457,Qwen/Qwen2.5-1.5B-Instruct,Qwen/Qwen2.5-1.5B-Instruct,REFUTES,assertive,Chadwick Boseman refused to ever portray a character in any Marvel Studios film.,controlled_framing_reuse_response,controlled_framing_fixed_response,fixed candidate_response; varied prompt/framing metadata only
fever_226457::authoritative,fever_226457,Qwen/Qwen2.5-1.5B-Instruct,Qwen/Qwen2.5-1.5B-Instruct,REFUTES,authoritative,Chadwick Boseman refused to ever portray a character in any Marvel Studios film.,controlled_framing_reuse_response,controlled_framing_fixed_response,fixed candidate_response; varied prompt/framing metadata only
fever_110672::neutral,fever_110672,Qwen/Qwen2.5-1.5B-Instruct,Qwen/Qwen2.5-1.5B-Instruct,REFUTES,neutral,Therasia is landlocked.,controlled_framing_reuse_response,controlled_framing_fixed_response,fixed candidate_response; varied prompt/framing metadata only
fever_110672::assertive,fever_110672,Qwen/Qwen2.5-1.5B-Instruct,Qwen/Qwen2.5-1.5B-Instruct,REFUTES,assertive,Therasia is landlocked.,controlled_framing_reuse_response,controlled_framing_fixed_response,fixed candidate_response; varied prompt/framing metadata only
fever_110672::authoritative,fever_110672,Qwen/Qwen2.5-1.5B-Instruct,Qwen/Qwen2.5-1.5B-Instruct,REFUTES,authoritative,Therasia is landlocked.,controlled_framing_reuse_response,controlled_framing_fixed_response,fixed candidate_response; varied prompt/framing metadata only
fever_147235::neutral,fever_147235,Qwen/Qwen2.5-1.5B-Instruct,Qwen/Qwen2.5-1.5B-Instruct,REFUTES,neutral,Saw II was at the bottom of the charts in its first week.,controlled_framing_reuse_response,controlled_framing_fixed_response,fixed candidate_response; varied prompt/framing metadata only
fever_147235::assertive,fever_147235,Qwen/Qwen2.5-1.5B-Instruct,Qwen/Qwen2.5-1.5B-Instruct,REFUTES,assertive,Saw II was at the bottom of the charts in its first week.,controlled_framing_reuse_response,controlled_framing_fixed_response,fixed candidate_response; varied prompt/framing metadata only
fever_147235::authoritative,fever_147235,Qwen/Qwen2.5-1.5B-Instruct,Qwen/Qwen2.5-1.5B-Instruct,REFUTES,authoritative,Saw II was at the bottom of the charts in its first week.,controlled_framing_reuse_response,controlled_framing_fixed_response,fixed candidate_response; varied prompt/framing metadata only
fever_87694::neutral,fever_87694,Qwen/Qwen2.5-1.5B-Instruct,Qwen/Qwen2.5-1.5B-Instruct,REFUTES,neutral,Henry Condell had a widow that was buried on the 4th.,controlled_framing_reuse_response,controlled_framing_fixed_response,fixed candidate_response; varied prompt/framing metadata only
fever_87694::assertive,fever_87694,Qwen/Qwen2.5-1.5B-Instruct,Qwen/Qwen2.5-1.5B-Instruct,REFUTES,assertive,Henry Condell had a widow that was buried on the 4th.,controlled_framing_reuse_response,controlled_framing_fixed_response,fixed candidate_response; varied prompt/framing metadata only
fever_87694::authoritative,fever_87694,Qwen/Qwen2.5-1.5B-Instruct,Qwen/Qwen2.5-1.5B-Instruct,REFUTES,authoritative,Henry Condell had a widow that was buried on the 4th.,controlled_framing_reuse_response,controlled_framing_fixed_response,fixed candidate_response; varied prompt/framing metadata only
fever_60110::neutral,fever_60110,Qwen/Qwen2.5-1.5B-Instruct,Qwen/Qwen2.5-1.5B-Instruct,NOT ENOUGH INFO,neutral,Night of the Living Dead is a series of seven zombie horror films.,controlled_framing_reuse_response,controlled_framing_fixed_response,fixed candidate_response; varied prompt/framing metadata only
fever_60110::assertive,fever_60110,Qwen/Qwen2.5-1.5B-Instruct,Qwen/Qwen2.5-1.5B-Instruct,NOT ENOUGH INFO,assertive,Night of the Living Dead is a series of seven zombie horror films.,controlled_framing_reuse_response,controlled_framing_fixed_response,fixed candidate_response; varied prompt/framing metadata only
fever_60110::authoritative,fever_60110,Qwen/Qwen2.5-1.5B-Instruct,Qwen/Qwen2.5-1.5B-Instruct,NOT ENOUGH INFO,authoritative,Night of the Living Dead is a series of seven zombie horror films.,controlled_framing_reuse_response,controlled_framing_fixed_response,fixed candidate_response; varied prompt/framing metadata only
fever_145588::neutral,fever_145588,Qwen/Qwen2.5-1.5B-Instruct,Qwen/Qwen2.5-1.5B-Instruct,REFUTES,neutral,Elizabeth Olsen died in 1989.,controlled_framing_reuse_response,controlled_framing_fixed_response,fixed candidate_response; varied prompt/framing metadata only
fever_145588::assertive,fever_145588,Qwen/Qwen2.5-1.5B-Instruct,Qwen/Qwen2.5-1.5B-Instruct,REFUTES,assertive,Elizabeth Olsen died in 1989.,controlled_framing_reuse_response,controlled_framing_fixed_response,fixed candidate_response; varied prompt/framing metadata only
fever_145588::authoritative,fever_145588,Qwen/Qwen2.5-1.5B-Instruct,Qwen/Qwen2.5-1.5B-Instruct,REFUTES,authoritative,Elizabeth Olsen died in 1989.,controlled_framing_reuse_response,controlled_framing_fixed_response,fixed candidate_response; varied prompt/framing metadata only
fever_204316::neutral,fever_204316,Qwen/Qwen2.5-1.5B-Instruct,Qwen/Qwen2.5-1.5B-Instruct,REFUTES,neutral,The Latvian Soviet Socialist Republic is never known as Soviet Latvia.,controlled_framing_reuse_response,controlled_framing_fixed_response,fixed candidate_response; varied prompt/framing metadata only
fever_204316::assertive,fever_204316,Qwen/Qwen2.5-1.5B-Instruct,Qwen/Qwen2.5-1.5B-Instruct,REFUTES,assertive,The Latvian Soviet Socialist Republic is never known as Soviet Latvia.,controlled_framing_reuse_response,controlled_framing_fixed_response,fixed candidate_response; varied prompt/framing metadata only
fever_204316::authoritative,fever_204316,Qwen/Qwen2.5-1.5B-Instruct,Qwen/Qwen2.5-1.5B-Instruct,REFUTES,authoritative,The Latvian Soviet Socialist Republic is never known as Soviet Latvia.,controlled_framing_reuse_response,controlled_framing_fixed_response,fixed candidate_response; varied prompt/framing metadata only
fever_216780::neutral,fever_216780,Qwen/Qwen2.5-1.5B-Instruct,Qwen/Qwen2.5-1.5B-Instruct,SUPPORTS,neutral,Timur participated in the Siege of Smyrna.,controlled_framing_reuse_response,controlled_framing_fixed_response,fixed candidate_response; varied prompt/framing metadata only
fever_216780::assertive,fever_216780,Qwen/Qwen2.5-1.5B-Instruct,Qwen/Qwen2.5-1.5B-Instruct,SUPPORTS,assertive,Timur participated in the Siege of Smyrna.,controlled_framing_reuse_response,controlled_framing_fixed_response,fixed candidate_response; varied prompt/framing metadata only
fever_216780::authoritative,fever_216780,Qwen/Qwen2.5-1.5B-Instruct,Qwen/Qwen2.5-1.5B-Instruct,SUPPORTS,authoritative,Timur participated in the Siege of Smyrna.,controlled_framing_reuse_response,controlled_framing_fixed_response,fixed candidate_response; varied prompt/framing metadata only
fever_204974::neutral,fever_204974,Qwen/Qwen2.5-1.5B-Instruct,Qwen/Qwen2.5-1.5B-Instruct,NOT ENOUGH INFO,neutral,Tyler Perry is a screenwriter.,controlled_framing_reuse_response,controlled_framing_fixed_response,fixed candidate_response; varied prompt/framing metadata only
fever_204974::assertive,fever_204974,Qwen/Qwen2.5-1.5B-Instruct,Qwen/Qwen2.5-1.5B-Instruct,NOT ENOUGH INFO,assertive,Tyler Perry is a screenwriter.,controlled_framing_reuse_response,controlled_framing_fixed_response,fixed candidate_response; varied prompt/framing metadata only
fever_204974::authoritative,fever_204974,Qwen/Qwen2.5-1.5B-Instruct,Qwen/Qwen2.5-1.5B-Instruct,NOT ENOUGH INFO,authoritative,Tyler Perry is a screenwriter.,controlled_framing_reuse_response,controlled_framing_fixed_response,fixed candidate_response; varied prompt/framing metadata only
fever_178251::neutral,fever_178251,Qwen/Qwen2.5-1.5B-Instruct,Qwen/Qwen2.5-1.5B-Instruct,NOT ENOUGH INFO,neutral,"Nawaz Sharif has been in office since June 5, 2013.",controlled_framing_reuse_response,controlled_framing_fixed_response,fixed candidate_response; varied prompt/framing metadata only
fever_178251::assertive,fever_178251,Qwen/Qwen2.5-1.5B-Instruct,Qwen/Qwen2.5-1.5B-Instruct,NOT ENOUGH INFO,assertive,"Nawaz Sharif has been in office since June 5, 2013.",controlled_framing_reuse_response,controlled_framing_fixed_response,fixed candidate_response; varied prompt/framing metadata only
fever_178251::authoritative,fever_178251,Qwen/Qwen2.5-1.5B-Instruct,Qwen/Qwen2.5-1.5B-Instruct,NOT ENOUGH INFO,authoritative,"Nawaz Sharif has been in office since June 5, 2013.",controlled_framing_reuse_response,controlled_framing_fixed_response,fixed candidate_response; varied prompt/framing metadata only
fever_194449::neutral,fever_194449,Qwen/Qwen2.5-1.5B-Instruct,Qwen/Qwen2.5-1.5B-Instruct,NOT ENOUGH INFO,neutral,The Indiana Pacers were established solely for membership into the NBA.,controlled_framing_reuse_response,controlled_framing_fixed_response,fixed candidate_response; varied prompt/framing metadata only
fever_194449::assertive,fever_194449,Qwen/Qwen2.5-1.5B-Instruct,Qwen/Qwen2.5-1.5B-Instruct,NOT ENOUGH INFO,assertive,The Indiana Pacers were established solely for membership into the NBA.,controlled_framing_reuse_response,controlled_framing_fixed_response,fixed candidate_response; varied prompt/framing metadata only
fever_194449::authoritative,fever_194449,Qwen/Qwen2.5-1.5B-Instruct,Qwen/Qwen2.5-1.5B-Instruct,NOT ENOUGH INFO,authoritative,The Indiana Pacers were established solely for membership into the NBA.,controlled_framing_reuse_response,controlled_framing_fixed_response,fixed candidate_response; varied prompt/framing metadata only
fever_125117::neutral,fever_125117,Qwen/Qwen2.5-1.5B-Instruct,Qwen/Qwen2.5-1.5B-Instruct,SUPPORTS,neutral,53 879 people counted as Romani people in the town call Aroni in Republic of Macedonia.,controlled_framing_reuse_response,controlled_framing_fixed_response,fixed candidate_response; varied prompt/framing metadata only
fever_125117::assertive,fever_125117,Qwen/Qwen2.5-1.5B-Instruct,Qwen/Qwen2.5-1.5B-Instruct,SUPPORTS,assertive,53 879 people counted as Romani people in the town call Aroni in Republic of Macedonia.,controlled_framing_reuse_response,controlled_framing_fixed_response,fixed candidate_response; varied prompt/framing metadata only
fever_125117::authoritative,fever_125117,Qwen/Qwen2.5-1.5B-Instruct,Qwen/Qwen2.5-1.5B-Instruct,SUPPORTS,authoritative,53 879 people counted as Romani people in the town call Aroni in Republic of Macedonia.,controlled_framing_reuse_response,controlled_framing_fixed_response,fixed candidate_response; varied prompt/framing metadata only
fever_150399::neutral,fever_150399,Qwen/Qwen2.5-1.5B-Instruct,Qwen/Qwen2.5-1.5B-Instruct,REFUTES,neutral,Nero's death ended the Duck dynasty.,controlled_framing_reuse_response,controlled_framing_fixed_response,fixed candidate_response; varied prompt/framing metadata only
fever_150399::assertive,fever_150399,Qwen/Qwen2.5-1.5B-Instruct,Qwen/Qwen2.5-1.5B-Instruct,REFUTES,assertive,Nero's death ended the Duck dynasty.,controlled_framing_reuse_response,controlled_framing_fixed_response,fixed candidate_response; varied prompt/framing metadata only
fever_150399::authoritative,fever_150399,Qwen/Qwen2.5-1.5B-Instruct,Qwen/Qwen2.5-1.5B-Instruct,REFUTES,authoritative,Nero's death ended the Duck dynasty.,controlled_framing_reuse_response,controlled_framing_fixed_response,fixed candidate_response; varied prompt/framing metadata only
fever_100261::neutral,fever_100261,Qwen/Qwen2.5-1.5B-Instruct,Qwen/Qwen2.5-1.5B-Instruct,REFUTES,neutral,Mount Hood is in the Pyrenees.,controlled_framing_reuse_response,controlled_framing_fixed_response,fixed candidate_response; varied prompt/framing metadata only
fever_100261::assertive,fever_100261,Qwen/Qwen2.5-1.5B-Instruct,Qwen/Qwen2.5-1.5B-Instruct,REFUTES,assertive,Mount Hood is in the Pyrenees.,controlled_framing_reuse_response,controlled_framing_fixed_response,fixed candidate_response; varied prompt/framing metadata only
fever_100261::authoritative,fever_100261,Qwen/Qwen2.5-1.5B-Instruct,Qwen/Qwen2.5-1.5B-Instruct,REFUTES,authoritative,Mount Hood is in the Pyrenees.,controlled_framing_reuse_response,controlled_framing_fixed_response,fixed candidate_response; varied prompt/framing metadata only
fever_219203::neutral,fever_219203,Qwen/Qwen2.5-1.5B-Instruct,Qwen/Qwen2.5-1.5B-Instruct,NOT ENOUGH INFO,neutral,Species distribution can be understood through factors like river capture.,controlled_framing_reuse_response,controlled_framing_fixed_response,fixed candidate_response; varied prompt/framing metadata only
fever_219203::assertive,fever_219203,Qwen/Qwen2.5-1.5B-Instruct,Qwen/Qwen2.5-1.5B-Instruct,NOT ENOUGH INFO,assertive,Species distribution can be understood through factors like river capture.,controlled_framing_reuse_response,controlled_framing_fixed_response,fixed candidate_response; varied prompt/framing metadata only
fever_219203::authoritative,fever_219203,Qwen/Qwen2.5-1.5B-Instruct,Qwen/Qwen2.5-1.5B-Instruct,NOT ENOUGH INFO,authoritative,Species distribution can be understood through factors like river capture.,controlled_framing_reuse_response,controlled_framing_fixed_response,fixed candidate_response; varied prompt/framing metadata only
fever_81439::neutral,fever_81439,Qwen/Qwen2.5-1.5B-Instruct,Qwen/Qwen2.5-1.5B-Instruct,SUPPORTS,neutral,Music videos have been directed by Heath Ledger.,controlled_framing_reuse_response,controlled_framing_fixed_response,fixed candidate_response; varied prompt/framing metadata only
fever_81439::assertive,fever_81439,Qwen/Qwen2.5-1.5B-Instruct,Qwen/Qwen2.5-1.5B-Instruct,SUPPORTS,assertive,Music videos have been directed by Heath Ledger.,controlled_framing_reuse_response,controlled_framing_fixed_response,fixed candidate_response; varied prompt/framing metadata only
fever_81439::authoritative,fever_81439,Qwen/Qwen2.5-1.5B-Instruct,Qwen/Qwen2.5-1.5B-Instruct,SUPPORTS,authoritative,Music videos have been directed by Heath Ledger.,controlled_framing_reuse_response,controlled_framing_fixed_response,fixed candidate_response; varied prompt/framing metadata only
fever_105257::neutral,fever_105257,Qwen/Qwen2.5-1.5B-Instruct,Qwen/Qwen2.5-1.5B-Instruct,REFUTES,neutral,Nymphomaniac (film) is the third version of a trilogy.,controlled_framing_reuse_response,controlled_framing_fixed_response,fixed candidate_response; varied prompt/framing metadata only
fever_105257::assertive,fever_105257,Qwen/Qwen2.5-1.5B-Instruct,Qwen/Qwen2.5-1.5B-Instruct,REFUTES,assertive,Nymphomaniac (film) is the third version of a trilogy.,controlled_framing_reuse_response,controlled_framing_fixed_response,fixed candidate_response; varied prompt/framing metadata only
fever_105257::authoritative,fever_105257,Qwen/Qwen2.5-1.5B-Instruct,Qwen/Qwen2.5-1.5B-Instruct,REFUTES,authoritative,Nymphomaniac (film) is the third version of a trilogy.,controlled_framing_reuse_response,controlled_framing_fixed_response,fixed candidate_response; varied prompt/framing metadata only
fever_57719::neutral,fever_57719,Qwen/Qwen2.5-1.5B-Instruct,Qwen/Qwen2.5-1.5B-Instruct,NOT ENOUGH INFO,neutral,Bonaire is one of the three BES islands in the Caribbean as of 2005.,controlled_framing_reuse_response,controlled_framing_fixed_response,fixed candidate_response; varied prompt/framing metadata only
fever_57719::assertive,fever_57719,Qwen/Qwen2.5-1.5B-Instruct,Qwen/Qwen2.5-1.5B-Instruct,NOT ENOUGH INFO,assertive,Bonaire is one of the three BES islands in the Caribbean as of 2005.,controlled_framing_reuse_response,controlled_framing_fixed_response,fixed candidate_response; varied prompt/framing metadata only
fever_57719::authoritative,fever_57719,Qwen/Qwen2.5-1.5B-Instruct,Qwen/Qwen2.5-1.5B-Instruct,NOT ENOUGH INFO,authoritative,Bonaire is one of the three BES islands in the Caribbean as of 2005.,controlled_framing_reuse_response,controlled_framing_fixed_response,fixed candidate_response; varied prompt/framing metadata only
fever_222718::neutral,fever_222718,Qwen/Qwen2.5-1.5B-Instruct,Qwen/Qwen2.5-1.5B-Instruct,NOT ENOUGH INFO,neutral,Vedic Sanskrit is the language of texts of law.,controlled_framing_reuse_response,controlled_framing_fixed_response,fixed candidate_response; varied prompt/framing metadata only
fever_222718::assertive,fever_222718,Qwen/Qwen2.5-1.5B-Instruct,Qwen/Qwen2.5-1.5B-Instruct,NOT ENOUGH INFO,assertive,Vedic Sanskrit is the language of texts of law.,controlled_framing_reuse_response,controlled_framing_fixed_response,fixed candidate_response; varied prompt/framing metadata only
fever_222718::authoritative,fever_222718,Qwen/Qwen2.5-1.5B-Instruct,Qwen/Qwen2.5-1.5B-Instruct,NOT ENOUGH INFO,authoritative,Vedic Sanskrit is the language of texts of law.,controlled_framing_reuse_response,controlled_framing_fixed_response,fixed candidate_response; varied prompt/framing metadata only
fever_182051::neutral,fever_182051,Qwen/Qwen2.5-1.5B-Instruct,Qwen/Qwen2.5-1.5B-Instruct,REFUTES,neutral,The Fly was first released in 1999.,controlled_framing_reuse_response,controlled_framing_fixed_response,fixed candidate_response; varied prompt/framing metadata only
fever_182051::assertive,fever_182051,Qwen/Qwen2.5-1.5B-Instruct,Qwen/Qwen2.5-1.5B-Instruct,REFUTES,assertive,The Fly was first released in 1999.,controlled_framing_reuse_response,controlled_framing_fixed_response,fixed candidate_response; varied prompt/framing metadata only
fever_182051::authoritative,fever_182051,Qwen/Qwen2.5-1.5B-Instruct,Qwen/Qwen2.5-1.5B-Instruct,REFUTES,authoritative,The Fly was first released in 1999.,controlled_framing_reuse_response,controlled_framing_fixed_response,fixed candidate_response; varied prompt/framing metadata only
fever_92625::neutral,fever_92625,Qwen/Qwen2.5-1.5B-Instruct,Qwen/Qwen2.5-1.5B-Instruct,SUPPORTS,neutral,Maximum Overdrive is a film from 1986.,controlled_framing_reuse_response,controlled_framing_fixed_response,fixed candidate_response; varied prompt/framing metadata only
fever_92625::assertive,fever_92625,Qwen/Qwen2.5-1.5B-Instruct,Qwen/Qwen2.5-1.5B-Instruct,SUPPORTS,assertive,Maximum Overdrive is a film from 1986.,controlled_framing_reuse_response,controlled_framing_fixed_response,fixed candidate_response; varied prompt/framing metadata only
fever_92625::authoritative,fever_92625,Qwen/Qwen2.5-1.5B-Instruct,Qwen/Qwen2.5-1.5B-Instruct,SUPPORTS,authoritative,Maximum Overdrive is a film from 1986.,controlled_framing_reuse_response,controlled_framing_fixed_response,fixed candidate_response; varied prompt/framing metadata only
fever_206992::neutral,fever_206992,Qwen/Qwen2.5-1.5B-Instruct,Qwen/Qwen2.5-1.5B-Instruct,SUPPORTS,neutral,Punch-Drunk Love was distributed by an American film studio.,controlled_framing_reuse_response,controlled_framing_fixed_response,fixed candidate_response; varied prompt/framing metadata only
fever_206992::assertive,fever_206992,Qwen/Qwen2.5-1.5B-Instruct,Qwen/Qwen2.5-1.5B-Instruct,SUPPORTS,assertive,Punch-Drunk Love was distributed by an American film studio.,controlled_framing_reuse_response,controlled_framing_fixed_response,fixed candidate_response; varied prompt/framing metadata only
fever_206992::authoritative,fever_206992,Qwen/Qwen2.5-1.5B-Instruct,Qwen/Qwen2.5-1.5B-Instruct,SUPPORTS,authoritative,Punch-Drunk Love was distributed by an American film studio.,controlled_framing_reuse_response,controlled_framing_fixed_response,fixed candidate_response; varied prompt/framing metadata only
fever_162212::neutral,fever_162212,Qwen/Qwen2.5-1.5B-Instruct,Qwen/Qwen2.5-1.5B-Instruct,SUPPORTS,neutral,Ding Yanyuhang was born in the summer of 1993.,controlled_framing_reuse_response,controlled_framing_fixed_response,fixed candidate_response; varied prompt/framing metadata only
fever_162212::assertive,fever_162212,Qwen/Qwen2.5-1.5B-Instruct,Qwen/Qwen2.5-1.5B-Instruct,SUPPORTS,assertive,Ding Yanyuhang was born in the summer of 1993.,controlled_framing_reuse_response,controlled_framing_fixed_response,fixed candidate_response; varied prompt/framing metadata only
fever_162212::authoritative,fever_162212,Qwen/Qwen2.5-1.5B-Instruct,Qwen/Qwen2.5-1.5B-Instruct,SUPPORTS,authoritative,Ding Yanyuhang was born in the summer of 1993.,controlled_framing_reuse_response,controlled_framing_fixed_response,fixed candidate_response; varied prompt/framing metadata only
fever_3160::neutral,fever_3160,Qwen/Qwen2.5-1.5B-Instruct,Qwen/Qwen2.5-1.5B-Instruct,REFUTES,neutral,University of Chicago Law School is ranked first in the 2016 QS World University Rankings.,controlled_framing_reuse_response,controlled_framing_fixed_response,fixed candidate_response; varied prompt/framing metadata only
fever_3160::assertive,fever_3160,Qwen/Qwen2.5-1.5B-Instruct,Qwen/Qwen2.5-1.5B-Instruct,REFUTES,assertive,University of Chicago Law School is ranked first in the 2016 QS World University Rankings.,controlled_framing_reuse_response,controlled_framing_fixed_response,fixed candidate_response; varied prompt/framing metadata only
fever_3160::authoritative,fever_3160,Qwen/Qwen2.5-1.5B-Instruct,Qwen/Qwen2.5-1.5B-Instruct,REFUTES,authoritative,University of Chicago Law School is ranked first in the 2016 QS World University Rankings.,controlled_framing_reuse_response,controlled_framing_fixed_response,fixed candidate_response; varied prompt/framing metadata only
fever_226440::neutral,fever_226440,Qwen/Qwen2.5-1.5B-Instruct,Qwen/Qwen2.5-1.5B-Instruct,SUPPORTS,neutral,Chadwick Boseman portrayed James Brown.,controlled_framing_reuse_response,controlled_framing_fixed_response,fixed candidate_response; varied prompt/framing metadata only
fever_226440::assertive,fever_226440,Qwen/Qwen2.5-1.5B-Instruct,Qwen/Qwen2.5-1.5B-Instruct,SUPPORTS,assertive,Chadwick Boseman portrayed James Brown.,controlled_framing_reuse_response,controlled_framing_fixed_response,fixed candidate_response; varied prompt/framing metadata only
fever_226440::authoritative,fever_226440,Qwen/Qwen2.5-1.5B-Instruct,Qwen/Qwen2.5-1.5B-Instruct,SUPPORTS,authoritative,Chadwick Boseman portrayed James Brown.,controlled_framing_reuse_response,controlled_framing_fixed_response,fixed candidate_response; varied prompt/framing metadata only
fever_31114::neutral,fever_31114,Qwen/Qwen2.5-1.5B-Instruct,Qwen/Qwen2.5-1.5B-Instruct,REFUTES,neutral,The Fame came out in 2017.,controlled_framing_reuse_response,controlled_framing_fixed_response,fixed candidate_response; varied prompt/framing metadata only
fever_31114::assertive,fever_31114,Qwen/Qwen2.5-1.5B-Instruct,Qwen/Qwen2.5-1.5B-Instruct,REFUTES,assertive,The Fame came out in 2017.,controlled_framing_reuse_response,controlled_framing_fixed_response,fixed candidate_response; varied prompt/framing metadata only
fever_31114::authoritative,fever_31114,Qwen/Qwen2.5-1.5B-Instruct,Qwen/Qwen2.5-1.5B-Instruct,REFUTES,authoritative,The Fame came out in 2017.,controlled_framing_reuse_response,controlled_framing_fixed_response,fixed candidate_response; varied prompt/framing metadata only
fever_54427::neutral,fever_54427,Qwen/Qwen2.5-1.5B-Instruct,Qwen/Qwen2.5-1.5B-Instruct,NOT ENOUGH INFO,neutral,The Silver Surfer appears in American sitcoms.,controlled_framing_reuse_response,controlled_framing_fixed_response,fixed candidate_response; varied prompt/framing metadata only
fever_54427::assertive,fever_54427,Qwen/Qwen2.5-1.5B-Instruct,Qwen/Qwen2.5-1.5B-Instruct,NOT ENOUGH INFO,assertive,The Silver Surfer appears in American sitcoms.,controlled_framing_reuse_response,controlled_framing_fixed_response,fixed candidate_response; varied prompt/framing metadata only
fever_54427::authoritative,fever_54427,Qwen/Qwen2.5-1.5B-Instruct,Qwen/Qwen2.5-1.5B-Instruct,NOT ENOUGH INFO,authoritative,The Silver Surfer appears in American sitcoms.,controlled_framing_reuse_response,controlled_framing_fixed_response,fixed candidate_response; varied prompt/framing metadata only
fever_172305::neutral,fever_172305,Qwen/Qwen2.5-1.5B-Instruct,Qwen/Qwen2.5-1.5B-Instruct,NOT ENOUGH INFO,neutral,Scream 2 was made in a church.,controlled_framing_reuse_response,controlled_framing_fixed_response,fixed candidate_response; varied prompt/framing metadata only
fever_172305::assertive,fever_172305,Qwen/Qwen2.5-1.5B-Instruct,Qwen/Qwen2.5-1.5B-Instruct,NOT ENOUGH INFO,assertive,Scream 2 was made in a church.,controlled_framing_reuse_response,controlled_framing_fixed_response,fixed candidate_response; varied prompt/framing metadata only
fever_172305::authoritative,fever_172305,Qwen/Qwen2.5-1.5B-Instruct,Qwen/Qwen2.5-1.5B-Instruct,NOT ENOUGH INFO,authoritative,Scream 2 was made in a church.,controlled_framing_reuse_response,controlled_framing_fixed_response,fixed candidate_response; varied prompt/framing metadata only
fever_36400::neutral,fever_36400,Qwen/Qwen2.5-1.5B-Instruct,Qwen/Qwen2.5-1.5B-Instruct,NOT ENOUGH INFO,neutral,Floyd Mayweather Jr. is a college graduate.,controlled_framing_reuse_response,controlled_framing_fixed_response,fixed candidate_response; varied prompt/framing metadata only
fever_36400::assertive,fever_36400,Qwen/Qwen2.5-1.5B-Instruct,Qwen/Qwen2.5-1.5B-Instruct,NOT ENOUGH INFO,assertive,Floyd Mayweather Jr. is a college graduate.,controlled_framing_reuse_response,controlled_framing_fixed_response,fixed candidate_response; varied prompt/framing metadata only
fever_36400::authoritative,fever_36400,Qwen/Qwen2.5-1.5B-Instruct,Qwen/Qwen2.5-1.5B-Instruct,NOT ENOUGH INFO,authoritative,Floyd Mayweather Jr. is a college graduate.,controlled_framing_reuse_response,controlled_framing_fixed_response,fixed candidate_response; varied prompt/framing metadata only
fever_136376::neutral,fever_136376,Qwen/Qwen2.5-1.5B-Instruct,Qwen/Qwen2.5-1.5B-Instruct,SUPPORTS,neutral,The 2003 NCAA Division I Men's Basketball Tournament involved multiple schools.,controlled_framing_reuse_response,controlled_framing_fixed_response,fixed candidate_response; varied prompt/framing metadata only
fever_136376::assertive,fever_136376,Qwen/Qwen2.5-1.5B-Instruct,Qwen/Qwen2.5-1.5B-Instruct,SUPPORTS,assertive,The 2003 NCAA Division I Men's Basketball Tournament involved multiple schools.,controlled_framing_reuse_response,controlled_framing_fixed_response,fixed candidate_response; varied prompt/framing metadata only
fever_136376::authoritative,fever_136376,Qwen/Qwen2.5-1.5B-Instruct,Qwen/Qwen2.5-1.5B-Instruct,SUPPORTS,authoritative,The 2003 NCAA Division I Men's Basketball Tournament involved multiple schools.,controlled_framing_reuse_response,controlled_framing_fixed_response,fixed candidate_response; varied prompt/framing metadata only
fever_41820::neutral,fever_41820,Qwen/Qwen2.5-1.5B-Instruct,Qwen/Qwen2.5-1.5B-Instruct,SUPPORTS,neutral,Macklemore is a hip hop artist.,controlled_framing_reuse_response,controlled_framing_fixed_response,fixed candidate_response; varied prompt/framing metadata only
fever_41820::assertive,fever_41820,Qwen/Qwen2.5-1.5B-Instruct,Qwen/Qwen2.5-1.5B-Instruct,SUPPORTS,assertive,Macklemore is a hip hop artist.,controlled_framing_reuse_response,controlled_framing_fixed_response,fixed candidate_response; varied prompt/framing metadata only
fever_41820::authoritative,fever_41820,Qwen/Qwen2.5-1.5B-Instruct,Qwen/Qwen2.5-1.5B-Instruct,SUPPORTS,authoritative,Macklemore is a hip hop artist.,controlled_framing_reuse_response,controlled_framing_fixed_response,fixed candidate_response; varied prompt/framing metadata only
fever_53833::neutral,fever_53833,Qwen/Qwen2.5-1.5B-Instruct,Qwen/Qwen2.5-1.5B-Instruct,NOT ENOUGH INFO,neutral,Babur was a Japanese conqueror.,controlled_framing_reuse_response,controlled_framing_fixed_response,fixed candidate_response; varied prompt/framing metadata only
fever_53833::assertive,fever_53833,Qwen/Qwen2.5-1.5B-Instruct,Qwen/Qwen2.5-1.5B-Instruct,NOT ENOUGH INFO,assertive,Babur was a Japanese conqueror.,controlled_framing_reuse_response,controlled_framing_fixed_response,fixed candidate_response; varied prompt/framing metadata only
fever_53833::authoritative,fever_53833,Qwen/Qwen2.5-1.5B-Instruct,Qwen/Qwen2.5-1.5B-Instruct,NOT ENOUGH INFO,authoritative,Babur was a Japanese conqueror.,controlled_framing_reuse_response,controlled_framing_fixed_response,fixed candidate_response; varied prompt/framing metadata only
fever_115002::neutral,fever_115002,Qwen/Qwen2.5-1.5B-Instruct,Qwen/Qwen2.5-1.5B-Instruct,SUPPORTS,neutral,Jefferson Davis was born in the United States.,controlled_framing_reuse_response,controlled_framing_fixed_response,fixed candidate_response; varied prompt/framing metadata only
fever_115002::assertive,fever_115002,Qwen/Qwen2.5-1.5B-Instruct,Qwen/Qwen2.5-1.5B-Instruct,SUPPORTS,assertive,Jefferson Davis was born in the United States.,controlled_framing_reuse_response,controlled_framing_fixed_response,fixed candidate_response; varied prompt/framing metadata only
fever_115002::authoritative,fever_115002,Qwen/Qwen2.5-1.5B-Instruct,Qwen/Qwen2.5-1.5B-Instruct,SUPPORTS,authoritative,Jefferson Davis was born in the United States.,controlled_framing_reuse_response,controlled_framing_fixed_response,fixed candidate_response; varied prompt/framing metadata only
fever_48242::neutral,fever_48242,Qwen/Qwen2.5-1.5B-Instruct,Qwen/Qwen2.5-1.5B-Instruct,SUPPORTS,neutral,Roberto Orci worked.,controlled_framing_reuse_response,controlled_framing_fixed_response,fixed candidate_response; varied prompt/framing metadata only
fever_48242::assertive,fever_48242,Qwen/Qwen2.5-1.5B-Instruct,Qwen/Qwen2.5-1.5B-Instruct,SUPPORTS,assertive,Roberto Orci worked.,controlled_framing_reuse_response,controlled_framing_fixed_response,fixed candidate_response; varied prompt/framing metadata only
fever_48242::authoritative,fever_48242,Qwen/Qwen2.5-1.5B-Instruct,Qwen/Qwen2.5-1.5B-Instruct,SUPPORTS,authoritative,Roberto Orci worked.,controlled_framing_reuse_response,controlled_framing_fixed_response,fixed candidate_response; varied prompt/framing metadata only
fever_191653::neutral,fever_191653,Qwen/Qwen2.5-1.5B-Instruct,Qwen/Qwen2.5-1.5B-Instruct,REFUTES,neutral,"Ang Lee died October 23, 1954.",controlled_framing_reuse_response,controlled_framing_fixed_response,fixed candidate_response; varied prompt/framing metadata only
fever_191653::assertive,fever_191653,Qwen/Qwen2.5-1.5B-Instruct,Qwen/Qwen2.5-1.5B-Instruct,REFUTES,assertive,"Ang Lee died October 23, 1954.",controlled_framing_reuse_response,controlled_framing_fixed_response,fixed candidate_response; varied prompt/framing metadata only
fever_191653::authoritative,fever_191653,Qwen/Qwen2.5-1.5B-Instruct,Qwen/Qwen2.5-1.5B-Instruct,REFUTES,authoritative,"Ang Lee died October 23, 1954.",controlled_framing_reuse_response,controlled_framing_fixed_response,fixed candidate_response; varied prompt/framing metadata only
fever_18004::neutral,fever_18004,Qwen/Qwen2.5-1.5B-Instruct,Qwen/Qwen2.5-1.5B-Instruct,SUPPORTS,neutral,Elizabeth of York was a person.,controlled_framing_reuse_response,controlled_framing_fixed_response,fixed candidate_response; varied prompt/framing metadata only
fever_18004::assertive,fever_18004,Qwen/Qwen2.5-1.5B-Instruct,Qwen/Qwen2.5-1.5B-Instruct,SUPPORTS,assertive,Elizabeth of York was a person.,controlled_framing_reuse_response,controlled_framing_fixed_response,fixed candidate_response; varied prompt/framing metadata only
fever_18004::authoritative,fever_18004,Qwen/Qwen2.5-1.5B-Instruct,Qwen/Qwen2.5-1.5B-Instruct,SUPPORTS,authoritative,Elizabeth of York was a person.,controlled_framing_reuse_response,controlled_framing_fixed_response,fixed candidate_response; varied prompt/framing metadata only
fever_28514::neutral,fever_28514,Qwen/Qwen2.5-1.5B-Instruct,Qwen/Qwen2.5-1.5B-Instruct,NOT ENOUGH INFO,neutral,Two and a Half Men starred one of the Sheen brothers.,controlled_framing_reuse_response,controlled_framing_fixed_response,fixed candidate_response; varied prompt/framing metadata only
fever_28514::assertive,fever_28514,Qwen/Qwen2.5-1.5B-Instruct,Qwen/Qwen2.5-1.5B-Instruct,NOT ENOUGH INFO,assertive,Two and a Half Men starred one of the Sheen brothers.,controlled_framing_reuse_response,controlled_framing_fixed_response,fixed candidate_response; varied prompt/framing metadata only
fever_28514::authoritative,fever_28514,Qwen/Qwen2.5-1.5B-Instruct,Qwen/Qwen2.5-1.5B-Instruct,NOT ENOUGH INFO,authoritative,Two and a Half Men starred one of the Sheen brothers.,controlled_framing_reuse_response,controlled_framing_fixed_response,fixed candidate_response; varied prompt/framing metadata only
fever_17181::neutral,fever_17181,Qwen/Qwen2.5-1.5B-Instruct,Qwen/Qwen2.5-1.5B-Instruct,NOT ENOUGH INFO,neutral,Yugoslavia consisted of the coterminous Balkan peninsula.,controlled_framing_reuse_response,controlled_framing_fixed_response,fixed candidate_response; varied prompt/framing metadata only
fever_17181::assertive,fever_17181,Qwen/Qwen2.5-1.5B-Instruct,Qwen/Qwen2.5-1.5B-Instruct,NOT ENOUGH INFO,assertive,Yugoslavia consisted of the coterminous Balkan peninsula.,controlled_framing_reuse_response,controlled_framing_fixed_response,fixed candidate_response; varied prompt/framing metadata only
fever_17181::authoritative,fever_17181,Qwen/Qwen2.5-1.5B-Instruct,Qwen/Qwen2.5-1.5B-Instruct,NOT ENOUGH INFO,authoritative,Yugoslavia consisted of the coterminous Balkan peninsula.,controlled_framing_reuse_response,controlled_framing_fixed_response,fixed candidate_response; varied prompt/framing metadata only
fever_1602::neutral,fever_1602,Qwen/Qwen2.5-1.5B-Instruct,Qwen/Qwen2.5-1.5B-Instruct,SUPPORTS,neutral,Jonah Hill starred in Sausage Party.,controlled_framing_reuse_response,controlled_framing_fixed_response,fixed candidate_response; varied prompt/framing metadata only
fever_1602::assertive,fever_1602,Qwen/Qwen2.5-1.5B-Instruct,Qwen/Qwen2.5-1.5B-Instruct,SUPPORTS,assertive,Jonah Hill starred in Sausage Party.,controlled_framing_reuse_response,controlled_framing_fixed_response,fixed candidate_response; varied prompt/framing metadata only
fever_1602::authoritative,fever_1602,Qwen/Qwen2.5-1.5B-Instruct,Qwen/Qwen2.5-1.5B-Instruct,SUPPORTS,authoritative,Jonah Hill starred in Sausage Party.,controlled_framing_reuse_response,controlled_framing_fixed_response,fixed candidate_response; varied prompt/framing metadata only
fever_59158::neutral,fever_59158,Qwen/Qwen2.5-1.5B-Instruct,Qwen/Qwen2.5-1.5B-Instruct,REFUTES,neutral,One True Thing is a comedy.,controlled_framing_reuse_response,controlled_framing_fixed_response,fixed candidate_response; varied prompt/framing metadata only
fever_59158::assertive,fever_59158,Qwen/Qwen2.5-1.5B-Instruct,Qwen/Qwen2.5-1.5B-Instruct,REFUTES,assertive,One True Thing is a comedy.,controlled_framing_reuse_response,controlled_framing_fixed_response,fixed candidate_response; varied prompt/framing metadata only
fever_59158::authoritative,fever_59158,Qwen/Qwen2.5-1.5B-Instruct,Qwen/Qwen2.5-1.5B-Instruct,REFUTES,authoritative,One True Thing is a comedy.,controlled_framing_reuse_response,controlled_framing_fixed_response,fixed candidate_response; varied prompt/framing metadata only
fever_178901::neutral,fever_178901,Qwen/Qwen2.5-1.5B-Instruct,Qwen/Qwen2.5-1.5B-Instruct,NOT ENOUGH INFO,neutral,Dawood Ibrahim was born in Namibia.,controlled_framing_reuse_response,controlled_framing_fixed_response,fixed candidate_response; varied prompt/framing metadata only
fever_178901::assertive,fever_178901,Qwen/Qwen2.5-1.5B-Instruct,Qwen/Qwen2.5-1.5B-Instruct,NOT ENOUGH INFO,assertive,Dawood Ibrahim was born in Namibia.,controlled_framing_reuse_response,controlled_framing_fixed_response,fixed candidate_response; varied prompt/framing metadata only
fever_178901::authoritative,fever_178901,Qwen/Qwen2.5-1.5B-Instruct,Qwen/Qwen2.5-1.5B-Instruct,NOT ENOUGH INFO,authoritative,Dawood Ibrahim was born in Namibia.,controlled_framing_reuse_response,controlled_framing_fixed_response,fixed candidate_response; varied prompt/framing metadata only
fever_52456::neutral,fever_52456,Qwen/Qwen2.5-1.5B-Instruct,Qwen/Qwen2.5-1.5B-Instruct,REFUTES,neutral,"Florida State University was designated as the only ""preeminent"" state university by the governor and state legislature.",controlled_framing_reuse_response,controlled_framing_fixed_response,fixed candidate_response; varied prompt/framing metadata only
fever_52456::assertive,fever_52456,Qwen/Qwen2.5-1.5B-Instruct,Qwen/Qwen2.5-1.5B-Instruct,REFUTES,assertive,"Florida State University was designated as the only ""preeminent"" state university by the governor and state legislature.",controlled_framing_reuse_response,controlled_framing_fixed_response,fixed candidate_response; varied prompt/framing metadata only
fever_52456::authoritative,fever_52456,Qwen/Qwen2.5-1.5B-Instruct,Qwen/Qwen2.5-1.5B-Instruct,REFUTES,authoritative,"Florida State University was designated as the only ""preeminent"" state university by the governor and state legislature.",controlled_framing_reuse_response,controlled_framing_fixed_response,fixed candidate_response; varied prompt/framing metadata only
fever_48891::neutral,fever_48891,Qwen/Qwen2.5-1.5B-Instruct,Qwen/Qwen2.5-1.5B-Instruct,SUPPORTS,neutral,Harry Fraud is a hip hop producer.,controlled_framing_reuse_response,controlled_framing_fixed_response,fixed candidate_response; varied prompt/framing metadata only
fever_48891::assertive,fever_48891,Qwen/Qwen2.5-1.5B-Instruct,Qwen/Qwen2.5-1.5B-Instruct,SUPPORTS,assertive,Harry Fraud is a hip hop producer.,controlled_framing_reuse_response,controlled_framing_fixed_response,fixed candidate_response; varied prompt/framing metadata only
fever_48891::authoritative,fever_48891,Qwen/Qwen2.5-1.5B-Instruct,Qwen/Qwen2.5-1.5B-Instruct,SUPPORTS,authoritative,Harry Fraud is a hip hop producer.,controlled_framing_reuse_response,controlled_framing_fixed_response,fixed candidate_response; varied prompt/framing metadata only
fever_117919::neutral,fever_117919,Qwen/Qwen2.5-1.5B-Instruct,Qwen/Qwen2.5-1.5B-Instruct,NOT ENOUGH INFO,neutral,Port of Spain is a shipping and storage center.,controlled_framing_reuse_response,controlled_framing_fixed_response,fixed candidate_response; varied prompt/framing metadata only
fever_117919::assertive,fever_117919,Qwen/Qwen2.5-1.5B-Instruct,Qwen/Qwen2.5-1.5B-Instruct,NOT ENOUGH INFO,assertive,Port of Spain is a shipping and storage center.,controlled_framing_reuse_response,controlled_framing_fixed_response,fixed candidate_response; varied prompt/framing metadata only
fever_117919::authoritative,fever_117919,Qwen/Qwen2.5-1.5B-Instruct,Qwen/Qwen2.5-1.5B-Instruct,NOT ENOUGH INFO,authoritative,Port of Spain is a shipping and storage center.,controlled_framing_reuse_response,controlled_framing_fixed_response,fixed candidate_response; varied prompt/framing metadata only
fever_78585::neutral,fever_78585,Qwen/Qwen2.5-1.5B-Instruct,Qwen/Qwen2.5-1.5B-Instruct,NOT ENOUGH INFO,neutral,Robinson Crusoe on Mars was distributed by a Dutch television studio.,controlled_framing_reuse_response,controlled_framing_fixed_response,fixed candidate_response; varied prompt/framing metadata only
fever_78585::assertive,fever_78585,Qwen/Qwen2.5-1.5B-Instruct,Qwen/Qwen2.5-1.5B-Instruct,NOT ENOUGH INFO,assertive,Robinson Crusoe on Mars was distributed by a Dutch television studio.,controlled_framing_reuse_response,controlled_framing_fixed_response,fixed candidate_response; varied prompt/framing metadata only
fever_78585::authoritative,fever_78585,Qwen/Qwen2.5-1.5B-Instruct,Qwen/Qwen2.5-1.5B-Instruct,NOT ENOUGH INFO,authoritative,Robinson Crusoe on Mars was distributed by a Dutch television studio.,controlled_framing_reuse_response,controlled_framing_fixed_response,fixed candidate_response; varied prompt/framing metadata only
fever_99655::neutral,fever_99655,Qwen/Qwen2.5-1.5B-Instruct,Qwen/Qwen2.5-1.5B-Instruct,NOT ENOUGH INFO,neutral,The Guthrie Theater's first building stopped operating in Nevada.,controlled_framing_reuse_response,controlled_framing_fixed_response,fixed candidate_response; varied prompt/framing metadata only
fever_99655::assertive,fever_99655,Qwen/Qwen2.5-1.5B-Instruct,Qwen/Qwen2.5-1.5B-Instruct,NOT ENOUGH INFO,assertive,The Guthrie Theater's first building stopped operating in Nevada.,controlled_framing_reuse_response,controlled_framing_fixed_response,fixed candidate_response; varied prompt/framing metadata only
fever_99655::authoritative,fever_99655,Qwen/Qwen2.5-1.5B-Instruct,Qwen/Qwen2.5-1.5B-Instruct,NOT ENOUGH INFO,authoritative,The Guthrie Theater's first building stopped operating in Nevada.,controlled_framing_reuse_response,controlled_framing_fixed_response,fixed candidate_response; varied prompt/framing metadata only
fever_171899::neutral,fever_171899,Qwen/Qwen2.5-1.5B-Instruct,Qwen/Qwen2.5-1.5B-Instruct,SUPPORTS,neutral,Research is used to test the validity of procedures.,controlled_framing_reuse_response,controlled_framing_fixed_response,fixed candidate_response; varied prompt/framing metadata only
fever_171899::assertive,fever_171899,Qwen/Qwen2.5-1.5B-Instruct,Qwen/Qwen2.5-1.5B-Instruct,SUPPORTS,assertive,Research is used to test the validity of procedures.,controlled_framing_reuse_response,controlled_framing_fixed_response,fixed candidate_response; varied prompt/framing metadata only
fever_171899::authoritative,fever_171899,Qwen/Qwen2.5-1.5B-Instruct,Qwen/Qwen2.5-1.5B-Instruct,SUPPORTS,authoritative,Research is used to test the validity of procedures.,controlled_framing_reuse_response,controlled_framing_fixed_response,fixed candidate_response; varied prompt/framing metadata only
fever_58550::neutral,fever_58550,Qwen/Qwen2.5-1.5B-Instruct,Qwen/Qwen2.5-1.5B-Instruct,REFUTES,neutral,Anna Nicole Smith was a model in 2015.,controlled_framing_reuse_response,controlled_framing_fixed_response,fixed candidate_response; varied prompt/framing metadata only
fever_58550::assertive,fever_58550,Qwen/Qwen2.5-1.5B-Instruct,Qwen/Qwen2.5-1.5B-Instruct,REFUTES,assertive,Anna Nicole Smith was a model in 2015.,controlled_framing_reuse_response,controlled_framing_fixed_response,fixed candidate_response; varied prompt/framing metadata only
fever_58550::authoritative,fever_58550,Qwen/Qwen2.5-1.5B-Instruct,Qwen/Qwen2.5-1.5B-Instruct,REFUTES,authoritative,Anna Nicole Smith was a model in 2015.,controlled_framing_reuse_response,controlled_framing_fixed_response,fixed candidate_response; varied prompt/framing metadata only
fever_93645::neutral,fever_93645,Qwen/Qwen2.5-1.5B-Instruct,Qwen/Qwen2.5-1.5B-Instruct,SUPPORTS,neutral,Carol Danvers is a fictional character.,controlled_framing_reuse_response,controlled_framing_fixed_response,fixed candidate_response; varied prompt/framing metadata only
fever_93645::assertive,fever_93645,Qwen/Qwen2.5-1.5B-Instruct,Qwen/Qwen2.5-1.5B-Instruct,SUPPORTS,assertive,Carol Danvers is a fictional character.,controlled_framing_reuse_response,controlled_framing_fixed_response,fixed candidate_response; varied prompt/framing metadata only
fever_93645::authoritative,fever_93645,Qwen/Qwen2.5-1.5B-Instruct,Qwen/Qwen2.5-1.5B-Instruct,SUPPORTS,authoritative,Carol Danvers is a fictional character.,controlled_framing_reuse_response,controlled_framing_fixed_response,fixed candidate_response; varied prompt/framing metadata only
fever_57622::neutral,fever_57622,Qwen/Qwen2.5-1.5B-Instruct,Qwen/Qwen2.5-1.5B-Instruct,SUPPORTS,neutral,B. R. Ambedkar was the recipient of an award.,controlled_framing_reuse_response,controlled_framing_fixed_response,fixed candidate_response; varied prompt/framing metadata only
fever_57622::assertive,fever_57622,Qwen/Qwen2.5-1.5B-Instruct,Qwen/Qwen2.5-1.5B-Instruct,SUPPORTS,assertive,B. R. Ambedkar was the recipient of an award.,controlled_framing_reuse_response,controlled_framing_fixed_response,fixed candidate_response; varied prompt/framing metadata only
fever_57622::authoritative,fever_57622,Qwen/Qwen2.5-1.5B-Instruct,Qwen/Qwen2.5-1.5B-Instruct,SUPPORTS,authoritative,B. R. Ambedkar was the recipient of an award.,controlled_framing_reuse_response,controlled_framing_fixed_response,fixed candidate_response; varied prompt/framing metadata only
fever_82106::neutral,fever_82106,Qwen/Qwen2.5-1.5B-Instruct,Qwen/Qwen2.5-1.5B-Instruct,REFUTES,neutral,Japan is landlocked.,controlled_framing_reuse_response,controlled_framing_fixed_response,fixed candidate_response; varied prompt/framing metadata only
fever_82106::assertive,fever_82106,Qwen/Qwen2.5-1.5B-Instruct,Qwen/Qwen2.5-1.5B-Instruct,REFUTES,assertive,Japan is landlocked.,controlled_framing_reuse_response,controlled_framing_fixed_response,fixed candidate_response; varied prompt/framing metadata only
fever_82106::authoritative,fever_82106,Qwen/Qwen2.5-1.5B-Instruct,Qwen/Qwen2.5-1.5B-Instruct,REFUTES,authoritative,Japan is landlocked.,controlled_framing_reuse_response,controlled_framing_fixed_response,fixed candidate_response; varied prompt/framing metadata only
fever_5053::neutral,fever_5053,Qwen/Qwen2.5-1.5B-Instruct,Qwen/Qwen2.5-1.5B-Instruct,SUPPORTS,neutral,The Hit is a film.,controlled_framing_reuse_response,controlled_framing_fixed_response,fixed candidate_response; varied prompt/framing metadata only
fever_5053::assertive,fever_5053,Qwen/Qwen2.5-1.5B-Instruct,Qwen/Qwen2.5-1.5B-Instruct,SUPPORTS,assertive,The Hit is a film.,controlled_framing_reuse_response,controlled_framing_fixed_response,fixed candidate_response; varied prompt/framing metadata only
fever_5053::authoritative,fever_5053,Qwen/Qwen2.5-1.5B-Instruct,Qwen/Qwen2.5-1.5B-Instruct,SUPPORTS,authoritative,The Hit is a film.,controlled_framing_reuse_response,controlled_framing_fixed_response,fixed candidate_response; varied prompt/framing metadata only
fever_88641::neutral,fever_88641,Qwen/Qwen2.5-1.5B-Instruct,Qwen/Qwen2.5-1.5B-Instruct,SUPPORTS,neutral,Birmingham is a place.,controlled_framing_reuse_response,controlled_framing_fixed_response,fixed candidate_response; varied prompt/framing metadata only
fever_88641::assertive,fever_88641,Qwen/Qwen2.5-1.5B-Instruct,Qwen/Qwen2.5-1.5B-Instruct,SUPPORTS,assertive,Birmingham is a place.,controlled_framing_reuse_response,controlled_framing_fixed_response,fixed candidate_response; varied prompt/framing metadata only
fever_88641::authoritative,fever_88641,Qwen/Qwen2.5-1.5B-Instruct,Qwen/Qwen2.5-1.5B-Instruct,SUPPORTS,authoritative,Birmingham is a place.,controlled_framing_reuse_response,controlled_framing_fixed_response,fixed candidate_response; varied prompt/framing metadata only
fever_177845::neutral,fever_177845,Qwen/Qwen2.5-1.5B-Instruct,Qwen/Qwen2.5-1.5B-Instruct,REFUTES,neutral,Milk is based on the life of a person who never participated in activism.,controlled_framing_reuse_response,controlled_framing_fixed_response,fixed candidate_response; varied prompt/framing metadata only
fever_177845::assertive,fever_177845,Qwen/Qwen2.5-1.5B-Instruct,Qwen/Qwen2.5-1.5B-Instruct,REFUTES,assertive,Milk is based on the life of a person who never participated in activism.,controlled_framing_reuse_response,controlled_framing_fixed_response,fixed candidate_response; varied prompt/framing metadata only
fever_177845::authoritative,fever_177845,Qwen/Qwen2.5-1.5B-Instruct,Qwen/Qwen2.5-1.5B-Instruct,REFUTES,authoritative,Milk is based on the life of a person who never participated in activism.,controlled_framing_reuse_response,controlled_framing_fixed_response,fixed candidate_response; varied prompt/framing metadata only
fever_54915::neutral,fever_54915,Qwen/Qwen2.5-1.5B-Instruct,Qwen/Qwen2.5-1.5B-Instruct,REFUTES,neutral,"The Airbus A380 entered commercial service on October 25, 2017.",controlled_framing_reuse_response,controlled_framing_fixed_response,fixed candidate_response; varied prompt/framing metadata only
fever_54915::assertive,fever_54915,Qwen/Qwen2.5-1.5B-Instruct,Qwen/Qwen2.5-1.5B-Instruct,REFUTES,assertive,"The Airbus A380 entered commercial service on October 25, 2017.",controlled_framing_reuse_response,controlled_framing_fixed_response,fixed candidate_response; varied prompt/framing metadata only
fever_54915::authoritative,fever_54915,Qwen/Qwen2.5-1.5B-Instruct,Qwen/Qwen2.5-1.5B-Instruct,REFUTES,authoritative,"The Airbus A380 entered commercial service on October 25, 2017.",controlled_framing_reuse_response,controlled_framing_fixed_response,fixed candidate_response; varied prompt/framing metadata only
fever_39791::neutral,fever_39791,Qwen/Qwen2.5-1.5B-Instruct,Qwen/Qwen2.5-1.5B-Instruct,NOT ENOUGH INFO,neutral,Warcraft is still in production.,controlled_framing_reuse_response,controlled_framing_fixed_response,fixed candidate_response; varied prompt/framing metadata only
fever_39791::assertive,fever_39791,Qwen/Qwen2.5-1.5B-Instruct,Qwen/Qwen2.5-1.5B-Instruct,NOT ENOUGH INFO,assertive,Warcraft is still in production.,controlled_framing_reuse_response,controlled_framing_fixed_response,fixed candidate_response; varied prompt/framing metadata only
fever_39791::authoritative,fever_39791,Qwen/Qwen2.5-1.5B-Instruct,Qwen/Qwen2.5-1.5B-Instruct,NOT ENOUGH INFO,authoritative,Warcraft is still in production.,controlled_framing_reuse_response,controlled_framing_fixed_response,fixed candidate_response; varied prompt/framing metadata only
fever_40293::neutral,fever_40293,Qwen/Qwen2.5-1.5B-Instruct,Qwen/Qwen2.5-1.5B-Instruct,NOT ENOUGH INFO,neutral,Olympic medals no longer display the Colosseum as of the 2004 Athens Olympics.,controlled_framing_reuse_response,controlled_framing_fixed_response,fixed candidate_response; varied prompt/framing metadata only
fever_40293::assertive,fever_40293,Qwen/Qwen2.5-1.5B-Instruct,Qwen/Qwen2.5-1.5B-Instruct,NOT ENOUGH INFO,assertive,Olympic medals no longer display the Colosseum as of the 2004 Athens Olympics.,controlled_framing_reuse_response,controlled_framing_fixed_response,fixed candidate_response; varied prompt/framing metadata only
fever_40293::authoritative,fever_40293,Qwen/Qwen2.5-1.5B-Instruct,Qwen/Qwen2.5-1.5B-Instruct,NOT ENOUGH INFO,authoritative,Olympic medals no longer display the Colosseum as of the 2004 Athens Olympics.,controlled_framing_reuse_response,controlled_framing_fixed_response,fixed candidate_response; varied prompt/framing metadata only
fever_117799::neutral,fever_117799,Qwen/Qwen2.5-1.5B-Instruct,Qwen/Qwen2.5-1.5B-Instruct,NOT ENOUGH INFO,neutral,Robinson Crusoe on Mars was distributed by carrier pigeon.,controlled_framing_reuse_response,controlled_framing_fixed_response,fixed candidate_response; varied prompt/framing metadata only
fever_117799::assertive,fever_117799,Qwen/Qwen2.5-1.5B-Instruct,Qwen/Qwen2.5-1.5B-Instruct,NOT ENOUGH INFO,assertive,Robinson Crusoe on Mars was distributed by carrier pigeon.,controlled_framing_reuse_response,controlled_framing_fixed_response,fixed candidate_response; varied prompt/framing metadata only
fever_117799::authoritative,fever_117799,Qwen/Qwen2.5-1.5B-Instruct,Qwen/Qwen2.5-1.5B-Instruct,NOT ENOUGH INFO,authoritative,Robinson Crusoe on Mars was distributed by carrier pigeon.,controlled_framing_reuse_response,controlled_framing_fixed_response,fixed candidate_response; varied prompt/framing metadata only
fever_43920::neutral,fever_43920,Qwen/Qwen2.5-1.5B-Instruct,Qwen/Qwen2.5-1.5B-Instruct,SUPPORTS,neutral,Dan Trachtenberg is a host of podcasts.,controlled_framing_reuse_response,controlled_framing_fixed_response,fixed candidate_response; varied prompt/framing metadata only
fever_43920::assertive,fever_43920,Qwen/Qwen2.5-1.5B-Instruct,Qwen/Qwen2.5-1.5B-Instruct,SUPPORTS,assertive,Dan Trachtenberg is a host of podcasts.,controlled_framing_reuse_response,controlled_framing_fixed_response,fixed candidate_response; varied prompt/framing metadata only
fever_43920::authoritative,fever_43920,Qwen/Qwen2.5-1.5B-Instruct,Qwen/Qwen2.5-1.5B-Instruct,SUPPORTS,authoritative,Dan Trachtenberg is a host of podcasts.,controlled_framing_reuse_response,controlled_framing_fixed_response,fixed candidate_response; varied prompt/framing metadata only
fever_7297::neutral,fever_7297,Qwen/Qwen2.5-1.5B-Instruct,Qwen/Qwen2.5-1.5B-Instruct,SUPPORTS,neutral,"UNESCO's City of Literature program aims to promote the social, economic and cultural development of cities in both the developed and the developing world.",controlled_framing_reuse_response,controlled_framing_fixed_response,fixed candidate_response; varied prompt/framing metadata only
fever_7297::assertive,fever_7297,Qwen/Qwen2.5-1.5B-Instruct,Qwen/Qwen2.5-1.5B-Instruct,SUPPORTS,assertive,"UNESCO's City of Literature program aims to promote the social, economic and cultural development of cities in both the developed and the developing world.",controlled_framing_reuse_response,controlled_framing_fixed_response,fixed candidate_response; varied prompt/framing metadata only
fever_7297::authoritative,fever_7297,Qwen/Qwen2.5-1.5B-Instruct,Qwen/Qwen2.5-1.5B-Instruct,SUPPORTS,authoritative,"UNESCO's City of Literature program aims to promote the social, economic and cultural development of cities in both the developed and the developing world.",controlled_framing_reuse_response,controlled_framing_fixed_response,fixed candidate_response; varied prompt/framing metadata only
fever_23251::neutral,fever_23251,Qwen/Qwen2.5-1.5B-Instruct,Qwen/Qwen2.5-1.5B-Instruct,REFUTES,neutral,Brie Larson has zero interest in ever becoming an actress.,controlled_framing_reuse_response,controlled_framing_fixed_response,fixed candidate_response; varied prompt/framing metadata only
fever_23251::assertive,fever_23251,Qwen/Qwen2.5-1.5B-Instruct,Qwen/Qwen2.5-1.5B-Instruct,REFUTES,assertive,Brie Larson has zero interest in ever becoming an actress.,controlled_framing_reuse_response,controlled_framing_fixed_response,fixed candidate_response; varied prompt/framing metadata only
fever_23251::authoritative,fever_23251,Qwen/Qwen2.5-1.5B-Instruct,Qwen/Qwen2.5-1.5B-Instruct,REFUTES,authoritative,Brie Larson has zero interest in ever becoming an actress.,controlled_framing_reuse_response,controlled_framing_fixed_response,fixed candidate_response; varied prompt/framing metadata only
fever_222647::neutral,fever_222647,Qwen/Qwen2.5-1.5B-Instruct,Qwen/Qwen2.5-1.5B-Instruct,SUPPORTS,neutral,A United Kingdom is a 2016 drama film.,controlled_framing_reuse_response,controlled_framing_fixed_response,fixed candidate_response; varied prompt/framing metadata only
fever_222647::assertive,fever_222647,Qwen/Qwen2.5-1.5B-Instruct,Qwen/Qwen2.5-1.5B-Instruct,SUPPORTS,assertive,A United Kingdom is a 2016 drama film.,controlled_framing_reuse_response,controlled_framing_fixed_response,fixed candidate_response; varied prompt/framing metadata only
fever_222647::authoritative,fever_222647,Qwen/Qwen2.5-1.5B-Instruct,Qwen/Qwen2.5-1.5B-Instruct,SUPPORTS,authoritative,A United Kingdom is a 2016 drama film.,controlled_framing_reuse_response,controlled_framing_fixed_response,fixed candidate_response; varied prompt/framing metadata only
fever_34791::neutral,fever_34791,Qwen/Qwen2.5-1.5B-Instruct,Qwen/Qwen2.5-1.5B-Instruct,SUPPORTS,neutral,Benzodiazepines can be taken in overdoses.,controlled_framing_reuse_response,controlled_framing_fixed_response,fixed candidate_response; varied prompt/framing metadata only
fever_34791::assertive,fever_34791,Qwen/Qwen2.5-1.5B-Instruct,Qwen/Qwen2.5-1.5B-Instruct,SUPPORTS,assertive,Benzodiazepines can be taken in overdoses.,controlled_framing_reuse_response,controlled_framing_fixed_response,fixed candidate_response; varied prompt/framing metadata only
fever_34791::authoritative,fever_34791,Qwen/Qwen2.5-1.5B-Instruct,Qwen/Qwen2.5-1.5B-Instruct,SUPPORTS,authoritative,Benzodiazepines can be taken in overdoses.,controlled_framing_reuse_response,controlled_framing_fixed_response,fixed candidate_response; varied prompt/framing metadata only
fever_16701::neutral,fever_16701,Qwen/Qwen2.5-1.5B-Instruct,Qwen/Qwen2.5-1.5B-Instruct,SUPPORTS,neutral,Lucy Hale was in American Juniors.,controlled_framing_reuse_response,controlled_framing_fixed_response,fixed candidate_response; varied prompt/framing metadata only
fever_16701::assertive,fever_16701,Qwen/Qwen2.5-1.5B-Instruct,Qwen/Qwen2.5-1.5B-Instruct,SUPPORTS,assertive,Lucy Hale was in American Juniors.,controlled_framing_reuse_response,controlled_framing_fixed_response,fixed candidate_response; varied prompt/framing metadata only
fever_16701::authoritative,fever_16701,Qwen/Qwen2.5-1.5B-Instruct,Qwen/Qwen2.5-1.5B-Instruct,SUPPORTS,authoritative,Lucy Hale was in American Juniors.,controlled_framing_reuse_response,controlled_framing_fixed_response,fixed candidate_response; varied prompt/framing metadata only
fever_73404::neutral,fever_73404,Qwen/Qwen2.5-1.5B-Instruct,Qwen/Qwen2.5-1.5B-Instruct,NOT ENOUGH INFO,neutral,Hinduism has a epistemological view of the universe.,controlled_framing_reuse_response,controlled_framing_fixed_response,fixed candidate_response; varied prompt/framing metadata only
fever_73404::assertive,fever_73404,Qwen/Qwen2.5-1.5B-Instruct,Qwen/Qwen2.5-1.5B-Instruct,NOT ENOUGH INFO,assertive,Hinduism has a epistemological view of the universe.,controlled_framing_reuse_response,controlled_framing_fixed_response,fixed candidate_response; varied prompt/framing metadata only
fever_73404::authoritative,fever_73404,Qwen/Qwen2.5-1.5B-Instruct,Qwen/Qwen2.5-1.5B-Instruct,NOT ENOUGH INFO,authoritative,Hinduism has a epistemological view of the universe.,controlled_framing_reuse_response,controlled_framing_fixed_response,fixed candidate_response; varied prompt/framing metadata only
fever_141758::neutral,fever_141758,Qwen/Qwen2.5-1.5B-Instruct,Qwen/Qwen2.5-1.5B-Instruct,SUPPORTS,neutral,"Loretta Sanchez was born on Monday January 7, 1960.",controlled_framing_reuse_response,controlled_framing_fixed_response,fixed candidate_response; varied prompt/framing metadata only
fever_141758::assertive,fever_141758,Qwen/Qwen2.5-1.5B-Instruct,Qwen/Qwen2.5-1.5B-Instruct,SUPPORTS,assertive,"Loretta Sanchez was born on Monday January 7, 1960.",controlled_framing_reuse_response,controlled_framing_fixed_response,fixed candidate_response; varied prompt/framing metadata only
fever_141758::authoritative,fever_141758,Qwen/Qwen2.5-1.5B-Instruct,Qwen/Qwen2.5-1.5B-Instruct,SUPPORTS,authoritative,"Loretta Sanchez was born on Monday January 7, 1960.",controlled_framing_reuse_response,controlled_framing_fixed_response,fixed candidate_response; varied prompt/framing metadata only
fever_162827::neutral,fever_162827,Qwen/Qwen2.5-1.5B-Instruct,Qwen/Qwen2.5-1.5B-Instruct,NOT ENOUGH INFO,neutral,Islamabad is home to wild coyotes.,controlled_framing_reuse_response,controlled_framing_fixed_response,fixed candidate_response; varied prompt/framing metadata only
fever_162827::assertive,fever_162827,Qwen/Qwen2.5-1.5B-Instruct,Qwen/Qwen2.5-1.5B-Instruct,NOT ENOUGH INFO,assertive,Islamabad is home to wild coyotes.,controlled_framing_reuse_response,controlled_framing_fixed_response,fixed candidate_response; varied prompt/framing metadata only
fever_162827::authoritative,fever_162827,Qwen/Qwen2.5-1.5B-Instruct,Qwen/Qwen2.5-1.5B-Instruct,NOT ENOUGH INFO,authoritative,Islamabad is home to wild coyotes.,controlled_framing_reuse_response,controlled_framing_fixed_response,fixed candidate_response; varied prompt/framing metadata only
fever_179100::neutral,fever_179100,Qwen/Qwen2.5-1.5B-Instruct,Qwen/Qwen2.5-1.5B-Instruct,REFUTES,neutral,Tobey Maguire left The Good German before filming began.,controlled_framing_reuse_response,controlled_framing_fixed_response,fixed candidate_response; varied prompt/framing metadata only
fever_179100::assertive,fever_179100,Qwen/Qwen2.5-1.5B-Instruct,Qwen/Qwen2.5-1.5B-Instruct,REFUTES,assertive,Tobey Maguire left The Good German before filming began.,controlled_framing_reuse_response,controlled_framing_fixed_response,fixed candidate_response; varied prompt/framing metadata only
fever_179100::authoritative,fever_179100,Qwen/Qwen2.5-1.5B-Instruct,Qwen/Qwen2.5-1.5B-Instruct,REFUTES,authoritative,Tobey Maguire left The Good German before filming began.,controlled_framing_reuse_response,controlled_framing_fixed_response,fixed candidate_response; varied prompt/framing metadata only
fever_150099::neutral,fever_150099,Qwen/Qwen2.5-1.5B-Instruct,Qwen/Qwen2.5-1.5B-Instruct,REFUTES,neutral,Sherilyn Fenn is Japanese.,controlled_framing_reuse_response,controlled_framing_fixed_response,fixed candidate_response; varied prompt/framing metadata only
fever_150099::assertive,fever_150099,Qwen/Qwen2.5-1.5B-Instruct,Qwen/Qwen2.5-1.5B-Instruct,REFUTES,assertive,Sherilyn Fenn is Japanese.,controlled_framing_reuse_response,controlled_framing_fixed_response,fixed candidate_response; varied prompt/framing metadata only
fever_150099::authoritative,fever_150099,Qwen/Qwen2.5-1.5B-Instruct,Qwen/Qwen2.5-1.5B-Instruct,REFUTES,authoritative,Sherilyn Fenn is Japanese.,controlled_framing_reuse_response,controlled_framing_fixed_response,fixed candidate_response; varied prompt/framing metadata only
fever_189878::neutral,fever_189878,Qwen/Qwen2.5-1.5B-Instruct,Qwen/Qwen2.5-1.5B-Instruct,REFUTES,neutral,"Augustus Prew was born in Westminster, London, England in 1990.",controlled_framing_reuse_response,controlled_framing_fixed_response,fixed candidate_response; varied prompt/framing metadata only
fever_189878::assertive,fever_189878,Qwen/Qwen2.5-1.5B-Instruct,Qwen/Qwen2.5-1.5B-Instruct,REFUTES,assertive,"Augustus Prew was born in Westminster, London, England in 1990.",controlled_framing_reuse_response,controlled_framing_fixed_response,fixed candidate_response; varied prompt/framing metadata only
fever_189878::authoritative,fever_189878,Qwen/Qwen2.5-1.5B-Instruct,Qwen/Qwen2.5-1.5B-Instruct,REFUTES,authoritative,"Augustus Prew was born in Westminster, London, England in 1990.",controlled_framing_reuse_response,controlled_framing_fixed_response,fixed candidate_response; varied prompt/framing metadata only
fever_194249::neutral,fever_194249,Qwen/Qwen2.5-1.5B-Instruct,Qwen/Qwen2.5-1.5B-Instruct,REFUTES,neutral,Coins of the Swiss franc are only unofficial coins.,controlled_framing_reuse_response,controlled_framing_fixed_response,fixed candidate_response; varied prompt/framing metadata only
fever_194249::assertive,fever_194249,Qwen/Qwen2.5-1.5B-Instruct,Qwen/Qwen2.5-1.5B-Instruct,REFUTES,assertive,Coins of the Swiss franc are only unofficial coins.,controlled_framing_reuse_response,controlled_framing_fixed_response,fixed candidate_response; varied prompt/framing metadata only
fever_194249::authoritative,fever_194249,Qwen/Qwen2.5-1.5B-Instruct,Qwen/Qwen2.5-1.5B-Instruct,REFUTES,authoritative,Coins of the Swiss franc are only unofficial coins.,controlled_framing_reuse_response,controlled_framing_fixed_response,fixed candidate_response; varied prompt/framing metadata only
fever_8538::neutral,fever_8538,Qwen/Qwen2.5-1.5B-Instruct,Qwen/Qwen2.5-1.5B-Instruct,REFUTES,neutral,Hermit crabs are arachnids.,controlled_framing_reuse_response,controlled_framing_fixed_response,fixed candidate_response; varied prompt/framing metadata only
fever_8538::assertive,fever_8538,Qwen/Qwen2.5-1.5B-Instruct,Qwen/Qwen2.5-1.5B-Instruct,REFUTES,assertive,Hermit crabs are arachnids.,controlled_framing_reuse_response,controlled_framing_fixed_response,fixed candidate_response; varied prompt/framing metadata only
fever_8538::authoritative,fever_8538,Qwen/Qwen2.5-1.5B-Instruct,Qwen/Qwen2.5-1.5B-Instruct,REFUTES,authoritative,Hermit crabs are arachnids.,controlled_framing_reuse_response,controlled_framing_fixed_response,fixed candidate_response; varied prompt/framing metadata only
fever_166626::neutral,fever_166626,meta-llama/Llama-3.2-1B-Instruct,meta-llama/Llama-3.2-1B-Instruct,NOT ENOUGH INFO,neutral,Anne Rice was born in New Jersey.,controlled_framing_reuse_response,controlled_framing_fixed_response,fixed candidate_response; varied prompt/framing metadata only
fever_166626::assertive,fever_166626,meta-llama/Llama-3.2-1B-Instruct,meta-llama/Llama-3.2-1B-Instruct,NOT ENOUGH INFO,assertive,Anne Rice was born in New Jersey.,controlled_framing_reuse_response,controlled_framing_fixed_response,fixed candidate_response; varied prompt/framing metadata only
fever_166626::authoritative,fever_166626,meta-llama/Llama-3.2-1B-Instruct,meta-llama/Llama-3.2-1B-Instruct,NOT ENOUGH INFO,authoritative,Anne Rice was born in New Jersey.,controlled_framing_reuse_response,controlled_framing_fixed_response,fixed candidate_response; varied prompt/framing metadata only
fever_10278::neutral,fever_10278,meta-llama/Llama-3.2-1B-Instruct,meta-llama/Llama-3.2-1B-Instruct,REFUTES,neutral,Hush (2016 film) was produced by children.,controlled_framing_reuse_response,controlled_framing_fixed_response,fixed candidate_response; varied prompt/framing metadata only
fever_10278::assertive,fever_10278,meta-llama/Llama-3.2-1B-Instruct,meta-llama/Llama-3.2-1B-Instruct,REFUTES,assertive,Hush (2016 film) was produced by children.,controlled_framing_reuse_response,controlled_framing_fixed_response,fixed candidate_response; varied prompt/framing metadata only
fever_10278::authoritative,fever_10278,meta-llama/Llama-3.2-1B-Instruct,meta-llama/Llama-3.2-1B-Instruct,REFUTES,authoritative,Hush (2016 film) was produced by children.,controlled_framing_reuse_response,controlled_framing_fixed_response,fixed candidate_response; varied prompt/framing metadata only
fever_126359::neutral,fever_126359,meta-llama/Llama-3.2-1B-Instruct,meta-llama/Llama-3.2-1B-Instruct,NOT ENOUGH INFO,neutral,"Stanley Williams was an inmate in Los Angeles, California.",controlled_framing_reuse_response,controlled_framing_fixed_response,fixed candidate_response; varied prompt/framing metadata only
fever_126359::assertive,fever_126359,meta-llama/Llama-3.2-1B-Instruct,meta-llama/Llama-3.2-1B-Instruct,NOT ENOUGH INFO,assertive,"Stanley Williams was an inmate in Los Angeles, California.",controlled_framing_reuse_response,controlled_framing_fixed_response,fixed candidate_response; varied prompt/framing metadata only
fever_126359::authoritative,fever_126359,meta-llama/Llama-3.2-1B-Instruct,meta-llama/Llama-3.2-1B-Instruct,NOT ENOUGH INFO,authoritative,"Stanley Williams was an inmate in Los Angeles, California.",controlled_framing_reuse_response,controlled_framing_fixed_response,fixed candidate_response; varied prompt/framing metadata only
fever_20605::neutral,fever_20605,meta-llama/Llama-3.2-1B-Instruct,meta-llama/Llama-3.2-1B-Instruct,REFUTES,neutral,Bad Romance was one of the worst-selling singles of all time.,controlled_framing_reuse_response,controlled_framing_fixed_response,fixed candidate_response; varied prompt/framing metadata only
fever_20605::assertive,fever_20605,meta-llama/Llama-3.2-1B-Instruct,meta-llama/Llama-3.2-1B-Instruct,REFUTES,assertive,Bad Romance was one of the worst-selling singles of all time.,controlled_framing_reuse_response,controlled_framing_fixed_response,fixed candidate_response; varied prompt/framing metadata only
fever_20605::authoritative,fever_20605,meta-llama/Llama-3.2-1B-Instruct,meta-llama/Llama-3.2-1B-Instruct,REFUTES,authoritative,Bad Romance was one of the worst-selling singles of all time.,controlled_framing_reuse_response,controlled_framing_fixed_response,fixed candidate_response; varied prompt/framing metadata only
fever_195032::neutral,fever_195032,meta-llama/Llama-3.2-1B-Instruct,meta-llama/Llama-3.2-1B-Instruct,NOT ENOUGH INFO,neutral,Girl is a Beatles album.,controlled_framing_reuse_response,controlled_framing_fixed_response,fixed candidate_response; varied prompt/framing metadata only
fever_195032::assertive,fever_195032,meta-llama/Llama-3.2-1B-Instruct,meta-llama/Llama-3.2-1B-Instruct,NOT ENOUGH INFO,assertive,Girl is a Beatles album.,controlled_framing_reuse_response,controlled_framing_fixed_response,fixed candidate_response; varied prompt/framing metadata only
fever_195032::authoritative,fever_195032,meta-llama/Llama-3.2-1B-Instruct,meta-llama/Llama-3.2-1B-Instruct,NOT ENOUGH INFO,authoritative,Girl is a Beatles album.,controlled_framing_reuse_response,controlled_framing_fixed_response,fixed candidate_response; varied prompt/framing metadata only
fever_87337::neutral,fever_87337,meta-llama/Llama-3.2-1B-Instruct,meta-llama/Llama-3.2-1B-Instruct,SUPPORTS,neutral,Turin's Juventus Stadium is the home arena for Juventus F.C.,controlled_framing_reuse_response,controlled_framing_fixed_response,fixed candidate_response; varied prompt/framing metadata only
fever_87337::assertive,fever_87337,meta-llama/Llama-3.2-1B-Instruct,meta-llama/Llama-3.2-1B-Instruct,SUPPORTS,assertive,Turin's Juventus Stadium is the home arena for Juventus F.C.,controlled_framing_reuse_response,controlled_framing_fixed_response,fixed candidate_response; varied prompt/framing metadata only
fever_87337::authoritative,fever_87337,meta-llama/Llama-3.2-1B-Instruct,meta-llama/Llama-3.2-1B-Instruct,SUPPORTS,authoritative,Turin's Juventus Stadium is the home arena for Juventus F.C.,controlled_framing_reuse_response,controlled_framing_fixed_response,fixed candidate_response; varied prompt/framing metadata only
fever_57452::neutral,fever_57452,meta-llama/Llama-3.2-1B-Instruct,meta-llama/Llama-3.2-1B-Instruct,SUPPORTS,neutral,Colin Kaepernick became a starter in the National Football League.,controlled_framing_reuse_response,controlled_framing_fixed_response,fixed candidate_response; varied prompt/framing metadata only
fever_57452::assertive,fever_57452,meta-llama/Llama-3.2-1B-Instruct,meta-llama/Llama-3.2-1B-Instruct,SUPPORTS,assertive,Colin Kaepernick became a starter in the National Football League.,controlled_framing_reuse_response,controlled_framing_fixed_response,fixed candidate_response; varied prompt/framing metadata only
fever_57452::authoritative,fever_57452,meta-llama/Llama-3.2-1B-Instruct,meta-llama/Llama-3.2-1B-Instruct,SUPPORTS,authoritative,Colin Kaepernick became a starter in the National Football League.,controlled_framing_reuse_response,controlled_framing_fixed_response,fixed candidate_response; varied prompt/framing metadata only
fever_114145::neutral,fever_114145,meta-llama/Llama-3.2-1B-Instruct,meta-llama/Llama-3.2-1B-Instruct,NOT ENOUGH INFO,neutral,Ashton Kutcher knows Cameron Diaz.,controlled_framing_reuse_response,controlled_framing_fixed_response,fixed candidate_response; varied prompt/framing metadata only
fever_114145::assertive,fever_114145,meta-llama/Llama-3.2-1B-Instruct,meta-llama/Llama-3.2-1B-Instruct,NOT ENOUGH INFO,assertive,Ashton Kutcher knows Cameron Diaz.,controlled_framing_reuse_response,controlled_framing_fixed_response,fixed candidate_response; varied prompt/framing metadata only
fever_114145::authoritative,fever_114145,meta-llama/Llama-3.2-1B-Instruct,meta-llama/Llama-3.2-1B-Instruct,NOT ENOUGH INFO,authoritative,Ashton Kutcher knows Cameron Diaz.,controlled_framing_reuse_response,controlled_framing_fixed_response,fixed candidate_response; varied prompt/framing metadata only
fever_59504::neutral,fever_59504,meta-llama/Llama-3.2-1B-Instruct,meta-llama/Llama-3.2-1B-Instruct,REFUTES,neutral,The Battle of France preceded the Fall of France.,controlled_framing_reuse_response,controlled_framing_fixed_response,fixed candidate_response; varied prompt/framing metadata only
fever_59504::assertive,fever_59504,meta-llama/Llama-3.2-1B-Instruct,meta-llama/Llama-3.2-1B-Instruct,REFUTES,assertive,The Battle of France preceded the Fall of France.,controlled_framing_reuse_response,controlled_framing_fixed_response,fixed candidate_response; varied prompt/framing metadata only
fever_59504::authoritative,fever_59504,meta-llama/Llama-3.2-1B-Instruct,meta-llama/Llama-3.2-1B-Instruct,REFUTES,authoritative,The Battle of France preceded the Fall of France.,controlled_framing_reuse_response,controlled_framing_fixed_response,fixed candidate_response; varied prompt/framing metadata only
fever_49171::neutral,fever_49171,meta-llama/Llama-3.2-1B-Instruct,meta-llama/Llama-3.2-1B-Instruct,REFUTES,neutral,The Republic of Macedonia is far from the Balkan Peninsula.,controlled_framing_reuse_response,controlled_framing_fixed_response,fixed candidate_response; varied prompt/framing metadata only
fever_49171::assertive,fever_49171,meta-llama/Llama-3.2-1B-Instruct,meta-llama/Llama-3.2-1B-Instruct,REFUTES,assertive,The Republic of Macedonia is far from the Balkan Peninsula.,controlled_framing_reuse_response,controlled_framing_fixed_response,fixed candidate_response; varied prompt/framing metadata only
fever_49171::authoritative,fever_49171,meta-llama/Llama-3.2-1B-Instruct,meta-llama/Llama-3.2-1B-Instruct,REFUTES,authoritative,The Republic of Macedonia is far from the Balkan Peninsula.,controlled_framing_reuse_response,controlled_framing_fixed_response,fixed candidate_response; varied prompt/framing metadata only
fever_60351::neutral,fever_60351,meta-llama/Llama-3.2-1B-Instruct,meta-llama/Llama-3.2-1B-Instruct,SUPPORTS,neutral,Shinji Mikami is a person who directs.,controlled_framing_reuse_response,controlled_framing_fixed_response,fixed candidate_response; varied prompt/framing metadata only
fever_60351::assertive,fever_60351,meta-llama/Llama-3.2-1B-Instruct,meta-llama/Llama-3.2-1B-Instruct,SUPPORTS,assertive,Shinji Mikami is a person who directs.,controlled_framing_reuse_response,controlled_framing_fixed_response,fixed candidate_response; varied prompt/framing metadata only
fever_60351::authoritative,fever_60351,meta-llama/Llama-3.2-1B-Instruct,meta-llama/Llama-3.2-1B-Instruct,SUPPORTS,authoritative,Shinji Mikami is a person who directs.,controlled_framing_reuse_response,controlled_framing_fixed_response,fixed candidate_response; varied prompt/framing metadata only
fever_21853::neutral,fever_21853,meta-llama/Llama-3.2-1B-Instruct,meta-llama/Llama-3.2-1B-Instruct,SUPPORTS,neutral,Harold Macmillan worked in politics.,controlled_framing_reuse_response,controlled_framing_fixed_response,fixed candidate_response; varied prompt/framing metadata only
fever_21853::assertive,fever_21853,meta-llama/Llama-3.2-1B-Instruct,meta-llama/Llama-3.2-1B-Instruct,SUPPORTS,assertive,Harold Macmillan worked in politics.,controlled_framing_reuse_response,controlled_framing_fixed_response,fixed candidate_response; varied prompt/framing metadata only
fever_21853::authoritative,fever_21853,meta-llama/Llama-3.2-1B-Instruct,meta-llama/Llama-3.2-1B-Instruct,SUPPORTS,authoritative,Harold Macmillan worked in politics.,controlled_framing_reuse_response,controlled_framing_fixed_response,fixed candidate_response; varied prompt/framing metadata only
fever_124088::neutral,fever_124088,meta-llama/Llama-3.2-1B-Instruct,meta-llama/Llama-3.2-1B-Instruct,SUPPORTS,neutral,Daggering is a form of Jamaican dance.,controlled_framing_reuse_response,controlled_framing_fixed_response,fixed candidate_response; varied prompt/framing metadata only
fever_124088::assertive,fever_124088,meta-llama/Llama-3.2-1B-Instruct,meta-llama/Llama-3.2-1B-Instruct,SUPPORTS,assertive,Daggering is a form of Jamaican dance.,controlled_framing_reuse_response,controlled_framing_fixed_response,fixed candidate_response; varied prompt/framing metadata only
fever_124088::authoritative,fever_124088,meta-llama/Llama-3.2-1B-Instruct,meta-llama/Llama-3.2-1B-Instruct,SUPPORTS,authoritative,Daggering is a form of Jamaican dance.,controlled_framing_reuse_response,controlled_framing_fixed_response,fixed candidate_response; varied prompt/framing metadata only
fever_145572::neutral,fever_145572,meta-llama/Llama-3.2-1B-Instruct,meta-llama/Llama-3.2-1B-Instruct,REFUTES,neutral,Wish Upon was directed by John F. Kennedy.,controlled_framing_reuse_response,controlled_framing_fixed_response,fixed candidate_response; varied prompt/framing metadata only
fever_145572::assertive,fever_145572,meta-llama/Llama-3.2-1B-Instruct,meta-llama/Llama-3.2-1B-Instruct,REFUTES,assertive,Wish Upon was directed by John F. Kennedy.,controlled_framing_reuse_response,controlled_framing_fixed_response,fixed candidate_response; varied prompt/framing metadata only
fever_145572::authoritative,fever_145572,meta-llama/Llama-3.2-1B-Instruct,meta-llama/Llama-3.2-1B-Instruct,REFUTES,authoritative,Wish Upon was directed by John F. Kennedy.,controlled_framing_reuse_response,controlled_framing_fixed_response,fixed candidate_response; varied prompt/framing metadata only
fever_31187::neutral,fever_31187,meta-llama/Llama-3.2-1B-Instruct,meta-llama/Llama-3.2-1B-Instruct,NOT ENOUGH INFO,neutral,PacSun sells headwear.,controlled_framing_reuse_response,controlled_framing_fixed_response,fixed candidate_response; varied prompt/framing metadata only
fever_31187::assertive,fever_31187,meta-llama/Llama-3.2-1B-Instruct,meta-llama/Llama-3.2-1B-Instruct,NOT ENOUGH INFO,assertive,PacSun sells headwear.,controlled_framing_reuse_response,controlled_framing_fixed_response,fixed candidate_response; varied prompt/framing metadata only
fever_31187::authoritative,fever_31187,meta-llama/Llama-3.2-1B-Instruct,meta-llama/Llama-3.2-1B-Instruct,NOT ENOUGH INFO,authoritative,PacSun sells headwear.,controlled_framing_reuse_response,controlled_framing_fixed_response,fixed candidate_response; varied prompt/framing metadata only
fever_22945::neutral,fever_22945,meta-llama/Llama-3.2-1B-Instruct,meta-llama/Llama-3.2-1B-Instruct,NOT ENOUGH INFO,neutral,Omar Khadr received a verdict from a jury.,controlled_framing_reuse_response,controlled_framing_fixed_response,fixed candidate_response; varied prompt/framing metadata only
fever_22945::assertive,fever_22945,meta-llama/Llama-3.2-1B-Instruct,meta-llama/Llama-3.2-1B-Instruct,NOT ENOUGH INFO,assertive,Omar Khadr received a verdict from a jury.,controlled_framing_reuse_response,controlled_framing_fixed_response,fixed candidate_response; varied prompt/framing metadata only
fever_22945::authoritative,fever_22945,meta-llama/Llama-3.2-1B-Instruct,meta-llama/Llama-3.2-1B-Instruct,NOT ENOUGH INFO,authoritative,Omar Khadr received a verdict from a jury.,controlled_framing_reuse_response,controlled_framing_fixed_response,fixed candidate_response; varied prompt/framing metadata only
fever_199759::neutral,fever_199759,meta-llama/Llama-3.2-1B-Instruct,meta-llama/Llama-3.2-1B-Instruct,REFUTES,neutral,Tijuana is in Southwestern Mexico.,controlled_framing_reuse_response,controlled_framing_fixed_response,fixed candidate_response; varied prompt/framing metadata only
fever_199759::assertive,fever_199759,meta-llama/Llama-3.2-1B-Instruct,meta-llama/Llama-3.2-1B-Instruct,REFUTES,assertive,Tijuana is in Southwestern Mexico.,controlled_framing_reuse_response,controlled_framing_fixed_response,fixed candidate_response; varied prompt/framing metadata only
fever_199759::authoritative,fever_199759,meta-llama/Llama-3.2-1B-Instruct,meta-llama/Llama-3.2-1B-Instruct,REFUTES,authoritative,Tijuana is in Southwestern Mexico.,controlled_framing_reuse_response,controlled_framing_fixed_response,fixed candidate_response; varied prompt/framing metadata only
fever_144018::neutral,fever_144018,meta-llama/Llama-3.2-1B-Instruct,meta-llama/Llama-3.2-1B-Instruct,SUPPORTS,neutral,"On June 1, 2007, Knocked Up was released.",controlled_framing_reuse_response,controlled_framing_fixed_response,fixed candidate_response; varied prompt/framing metadata only
fever_144018::assertive,fever_144018,meta-llama/Llama-3.2-1B-Instruct,meta-llama/Llama-3.2-1B-Instruct,SUPPORTS,assertive,"On June 1, 2007, Knocked Up was released.",controlled_framing_reuse_response,controlled_framing_fixed_response,fixed candidate_response; varied prompt/framing metadata only
fever_144018::authoritative,fever_144018,meta-llama/Llama-3.2-1B-Instruct,meta-llama/Llama-3.2-1B-Instruct,SUPPORTS,authoritative,"On June 1, 2007, Knocked Up was released.",controlled_framing_reuse_response,controlled_framing_fixed_response,fixed candidate_response; varied prompt/framing metadata only
fever_33277::neutral,fever_33277,meta-llama/Llama-3.2-1B-Instruct,meta-llama/Llama-3.2-1B-Instruct,NOT ENOUGH INFO,neutral,Sandra Bullock was fired by ABC.,controlled_framing_reuse_response,controlled_framing_fixed_response,fixed candidate_response; varied prompt/framing metadata only
fever_33277::assertive,fever_33277,meta-llama/Llama-3.2-1B-Instruct,meta-llama/Llama-3.2-1B-Instruct,NOT ENOUGH INFO,assertive,Sandra Bullock was fired by ABC.,controlled_framing_reuse_response,controlled_framing_fixed_response,fixed candidate_response; varied prompt/framing metadata only
fever_33277::authoritative,fever_33277,meta-llama/Llama-3.2-1B-Instruct,meta-llama/Llama-3.2-1B-Instruct,NOT ENOUGH INFO,authoritative,Sandra Bullock was fired by ABC.,controlled_framing_reuse_response,controlled_framing_fixed_response,fixed candidate_response; varied prompt/framing metadata only
fever_94616::neutral,fever_94616,meta-llama/Llama-3.2-1B-Instruct,meta-llama/Llama-3.2-1B-Instruct,NOT ENOUGH INFO,neutral,Robert Palmer (writer) wrote on a wall.,controlled_framing_reuse_response,controlled_framing_fixed_response,fixed candidate_response; varied prompt/framing metadata only
fever_94616::assertive,fever_94616,meta-llama/Llama-3.2-1B-Instruct,meta-llama/Llama-3.2-1B-Instruct,NOT ENOUGH INFO,assertive,Robert Palmer (writer) wrote on a wall.,controlled_framing_reuse_response,controlled_framing_fixed_response,fixed candidate_response; varied prompt/framing metadata only
fever_94616::authoritative,fever_94616,meta-llama/Llama-3.2-1B-Instruct,meta-llama/Llama-3.2-1B-Instruct,NOT ENOUGH INFO,authoritative,Robert Palmer (writer) wrote on a wall.,controlled_framing_reuse_response,controlled_framing_fixed_response,fixed candidate_response; varied prompt/framing metadata only
fever_150599::neutral,fever_150599,meta-llama/Llama-3.2-1B-Instruct,meta-llama/Llama-3.2-1B-Instruct,NOT ENOUGH INFO,neutral,Derek Hough starred in Heimat.,controlled_framing_reuse_response,controlled_framing_fixed_response,fixed candidate_response; varied prompt/framing metadata only
fever_150599::assertive,fever_150599,meta-llama/Llama-3.2-1B-Instruct,meta-llama/Llama-3.2-1B-Instruct,NOT ENOUGH INFO,assertive,Derek Hough starred in Heimat.,controlled_framing_reuse_response,controlled_framing_fixed_response,fixed candidate_response; varied prompt/framing metadata only
fever_150599::authoritative,fever_150599,meta-llama/Llama-3.2-1B-Instruct,meta-llama/Llama-3.2-1B-Instruct,NOT ENOUGH INFO,authoritative,Derek Hough starred in Heimat.,controlled_framing_reuse_response,controlled_framing_fixed_response,fixed candidate_response; varied prompt/framing metadata only
fever_93228::neutral,fever_93228,meta-llama/Llama-3.2-1B-Instruct,meta-llama/Llama-3.2-1B-Instruct,NOT ENOUGH INFO,neutral,Renato Balestra was the middle child of a family of architects.,controlled_framing_reuse_response,controlled_framing_fixed_response,fixed candidate_response; varied prompt/framing metadata only
fever_93228::assertive,fever_93228,meta-llama/Llama-3.2-1B-Instruct,meta-llama/Llama-3.2-1B-Instruct,NOT ENOUGH INFO,assertive,Renato Balestra was the middle child of a family of architects.,controlled_framing_reuse_response,controlled_framing_fixed_response,fixed candidate_response; varied prompt/framing metadata only
fever_93228::authoritative,fever_93228,meta-llama/Llama-3.2-1B-Instruct,meta-llama/Llama-3.2-1B-Instruct,NOT ENOUGH INFO,authoritative,Renato Balestra was the middle child of a family of architects.,controlled_framing_reuse_response,controlled_framing_fixed_response,fixed candidate_response; varied prompt/framing metadata only
fever_165867::neutral,fever_165867,meta-llama/Llama-3.2-1B-Instruct,meta-llama/Llama-3.2-1B-Instruct,SUPPORTS,neutral,Buffy Summers appears in a film.,controlled_framing_reuse_response,controlled_framing_fixed_response,fixed candidate_response; varied prompt/framing metadata only
fever_165867::assertive,fever_165867,meta-llama/Llama-3.2-1B-Instruct,meta-llama/Llama-3.2-1B-Instruct,SUPPORTS,assertive,Buffy Summers appears in a film.,controlled_framing_reuse_response,controlled_framing_fixed_response,fixed candidate_response; varied prompt/framing metadata only
fever_165867::authoritative,fever_165867,meta-llama/Llama-3.2-1B-Instruct,meta-llama/Llama-3.2-1B-Instruct,SUPPORTS,authoritative,Buffy Summers appears in a film.,controlled_framing_reuse_response,controlled_framing_fixed_response,fixed candidate_response; varied prompt/framing metadata only
fever_42459::neutral,fever_42459,meta-llama/Llama-3.2-1B-Instruct,meta-llama/Llama-3.2-1B-Instruct,NOT ENOUGH INFO,neutral,Eric Church has written over 100 songs.,controlled_framing_reuse_response,controlled_framing_fixed_response,fixed candidate_response; varied prompt/framing metadata only
fever_42459::assertive,fever_42459,meta-llama/Llama-3.2-1B-Instruct,meta-llama/Llama-3.2-1B-Instruct,NOT ENOUGH INFO,assertive,Eric Church has written over 100 songs.,controlled_framing_reuse_response,controlled_framing_fixed_response,fixed candidate_response; varied prompt/framing metadata only
fever_42459::authoritative,fever_42459,meta-llama/Llama-3.2-1B-Instruct,meta-llama/Llama-3.2-1B-Instruct,NOT ENOUGH INFO,authoritative,Eric Church has written over 100 songs.,controlled_framing_reuse_response,controlled_framing_fixed_response,fixed candidate_response; varied prompt/framing metadata only
fever_144769::neutral,fever_144769,meta-llama/Llama-3.2-1B-Instruct,meta-llama/Llama-3.2-1B-Instruct,REFUTES,neutral,Fantastic Four (2005 film) was released only in Australia.,controlled_framing_reuse_response,controlled_framing_fixed_response,fixed candidate_response; varied prompt/framing metadata only
fever_144769::assertive,fever_144769,meta-llama/Llama-3.2-1B-Instruct,meta-llama/Llama-3.2-1B-Instruct,REFUTES,assertive,Fantastic Four (2005 film) was released only in Australia.,controlled_framing_reuse_response,controlled_framing_fixed_response,fixed candidate_response; varied prompt/framing metadata only
fever_144769::authoritative,fever_144769,meta-llama/Llama-3.2-1B-Instruct,meta-llama/Llama-3.2-1B-Instruct,REFUTES,authoritative,Fantastic Four (2005 film) was released only in Australia.,controlled_framing_reuse_response,controlled_framing_fixed_response,fixed candidate_response; varied prompt/framing metadata only
fever_55079::neutral,fever_55079,meta-llama/Llama-3.2-1B-Instruct,meta-llama/Llama-3.2-1B-Instruct,REFUTES,neutral,The Winds of Winter was listed as one of the series' best soundtracks.,controlled_framing_reuse_response,controlled_framing_fixed_response,fixed candidate_response; varied prompt/framing metadata only
fever_55079::assertive,fever_55079,meta-llama/Llama-3.2-1B-Instruct,meta-llama/Llama-3.2-1B-Instruct,REFUTES,assertive,The Winds of Winter was listed as one of the series' best soundtracks.,controlled_framing_reuse_response,controlled_framing_fixed_response,fixed candidate_response; varied prompt/framing metadata only
fever_55079::authoritative,fever_55079,meta-llama/Llama-3.2-1B-Instruct,meta-llama/Llama-3.2-1B-Instruct,REFUTES,authoritative,The Winds of Winter was listed as one of the series' best soundtracks.,controlled_framing_reuse_response,controlled_framing_fixed_response,fixed candidate_response; varied prompt/framing metadata only
fever_69245::neutral,fever_69245,meta-llama/Llama-3.2-1B-Instruct,meta-llama/Llama-3.2-1B-Instruct,NOT ENOUGH INFO,neutral,Cheese in the Trap (TV series) stars Park Hae-jin in Paris.,controlled_framing_reuse_response,controlled_framing_fixed_response,fixed candidate_response; varied prompt/framing metadata only
fever_69245::assertive,fever_69245,meta-llama/Llama-3.2-1B-Instruct,meta-llama/Llama-3.2-1B-Instruct,NOT ENOUGH INFO,assertive,Cheese in the Trap (TV series) stars Park Hae-jin in Paris.,controlled_framing_reuse_response,controlled_framing_fixed_response,fixed candidate_response; varied prompt/framing metadata only
fever_69245::authoritative,fever_69245,meta-llama/Llama-3.2-1B-Instruct,meta-llama/Llama-3.2-1B-Instruct,NOT ENOUGH INFO,authoritative,Cheese in the Trap (TV series) stars Park Hae-jin in Paris.,controlled_framing_reuse_response,controlled_framing_fixed_response,fixed candidate_response; varied prompt/framing metadata only
fever_123756::neutral,fever_123756,meta-llama/Llama-3.2-1B-Instruct,meta-llama/Llama-3.2-1B-Instruct,SUPPORTS,neutral,Papua was formerly called West Iran.,controlled_framing_reuse_response,controlled_framing_fixed_response,fixed candidate_response; varied prompt/framing metadata only
fever_123756::assertive,fever_123756,meta-llama/Llama-3.2-1B-Instruct,meta-llama/Llama-3.2-1B-Instruct,SUPPORTS,assertive,Papua was formerly called West Iran.,controlled_framing_reuse_response,controlled_framing_fixed_response,fixed candidate_response; varied prompt/framing metadata only
fever_123756::authoritative,fever_123756,meta-llama/Llama-3.2-1B-Instruct,meta-llama/Llama-3.2-1B-Instruct,SUPPORTS,authoritative,Papua was formerly called West Iran.,controlled_framing_reuse_response,controlled_framing_fixed_response,fixed candidate_response; varied prompt/framing metadata only
fever_49249::neutral,fever_49249,meta-llama/Llama-3.2-1B-Instruct,meta-llama/Llama-3.2-1B-Instruct,SUPPORTS,neutral,Arizona is in three regions of the United States.,controlled_framing_reuse_response,controlled_framing_fixed_response,fixed candidate_response; varied prompt/framing metadata only
fever_49249::assertive,fever_49249,meta-llama/Llama-3.2-1B-Instruct,meta-llama/Llama-3.2-1B-Instruct,SUPPORTS,assertive,Arizona is in three regions of the United States.,controlled_framing_reuse_response,controlled_framing_fixed_response,fixed candidate_response; varied prompt/framing metadata only
fever_49249::authoritative,fever_49249,meta-llama/Llama-3.2-1B-Instruct,meta-llama/Llama-3.2-1B-Instruct,SUPPORTS,authoritative,Arizona is in three regions of the United States.,controlled_framing_reuse_response,controlled_framing_fixed_response,fixed candidate_response; varied prompt/framing metadata only
fever_29590::neutral,fever_29590,meta-llama/Llama-3.2-1B-Instruct,meta-llama/Llama-3.2-1B-Instruct,SUPPORTS,neutral,In the End was a track on Hybrid Theory.,controlled_framing_reuse_response,controlled_framing_fixed_response,fixed candidate_response; varied prompt/framing metadata only
fever_29590::assertive,fever_29590,meta-llama/Llama-3.2-1B-Instruct,meta-llama/Llama-3.2-1B-Instruct,SUPPORTS,assertive,In the End was a track on Hybrid Theory.,controlled_framing_reuse_response,controlled_framing_fixed_response,fixed candidate_response; varied prompt/framing metadata only
fever_29590::authoritative,fever_29590,meta-llama/Llama-3.2-1B-Instruct,meta-llama/Llama-3.2-1B-Instruct,SUPPORTS,authoritative,In the End was a track on Hybrid Theory.,controlled_framing_reuse_response,controlled_framing_fixed_response,fixed candidate_response; varied prompt/framing metadata only
fever_225291::neutral,fever_225291,meta-llama/Llama-3.2-1B-Instruct,meta-llama/Llama-3.2-1B-Instruct,SUPPORTS,neutral,Michaela Watkins is American.,controlled_framing_reuse_response,controlled_framing_fixed_response,fixed candidate_response; varied prompt/framing metadata only
fever_225291::assertive,fever_225291,meta-llama/Llama-3.2-1B-Instruct,meta-llama/Llama-3.2-1B-Instruct,SUPPORTS,assertive,Michaela Watkins is American.,controlled_framing_reuse_response,controlled_framing_fixed_response,fixed candidate_response; varied prompt/framing metadata only
fever_225291::authoritative,fever_225291,meta-llama/Llama-3.2-1B-Instruct,meta-llama/Llama-3.2-1B-Instruct,SUPPORTS,authoritative,Michaela Watkins is American.,controlled_framing_reuse_response,controlled_framing_fixed_response,fixed candidate_response; varied prompt/framing metadata only
fever_22220::neutral,fever_22220,meta-llama/Llama-3.2-1B-Instruct,meta-llama/Llama-3.2-1B-Instruct,REFUTES,neutral,Miranda Otto is the mother of Lindsay Otto.,controlled_framing_reuse_response,controlled_framing_fixed_response,fixed candidate_response; varied prompt/framing metadata only
fever_22220::assertive,fever_22220,meta-llama/Llama-3.2-1B-Instruct,meta-llama/Llama-3.2-1B-Instruct,REFUTES,assertive,Miranda Otto is the mother of Lindsay Otto.,controlled_framing_reuse_response,controlled_framing_fixed_response,fixed candidate_response; varied prompt/framing metadata only
fever_22220::authoritative,fever_22220,meta-llama/Llama-3.2-1B-Instruct,meta-llama/Llama-3.2-1B-Instruct,REFUTES,authoritative,Miranda Otto is the mother of Lindsay Otto.,controlled_framing_reuse_response,controlled_framing_fixed_response,fixed candidate_response; varied prompt/framing metadata only
fever_100899::neutral,fever_100899,meta-llama/Llama-3.2-1B-Instruct,meta-llama/Llama-3.2-1B-Instruct,NOT ENOUGH INFO,neutral,Penguin Books revolutionized flying in the 1930s.,controlled_framing_reuse_response,controlled_framing_fixed_response,fixed candidate_response; varied prompt/framing metadata only
fever_100899::assertive,fever_100899,meta-llama/Llama-3.2-1B-Instruct,meta-llama/Llama-3.2-1B-Instruct,NOT ENOUGH INFO,assertive,Penguin Books revolutionized flying in the 1930s.,controlled_framing_reuse_response,controlled_framing_fixed_response,fixed candidate_response; varied prompt/framing metadata only
fever_100899::authoritative,fever_100899,meta-llama/Llama-3.2-1B-Instruct,meta-llama/Llama-3.2-1B-Instruct,NOT ENOUGH INFO,authoritative,Penguin Books revolutionized flying in the 1930s.,controlled_framing_reuse_response,controlled_framing_fixed_response,fixed candidate_response; varied prompt/framing metadata only
fever_46383::neutral,fever_46383,meta-llama/Llama-3.2-1B-Instruct,meta-llama/Llama-3.2-1B-Instruct,SUPPORTS,neutral,The White House Press Secretary is a senior official.,controlled_framing_reuse_response,controlled_framing_fixed_response,fixed candidate_response; varied prompt/framing metadata only
fever_46383::assertive,fever_46383,meta-llama/Llama-3.2-1B-Instruct,meta-llama/Llama-3.2-1B-Instruct,SUPPORTS,assertive,The White House Press Secretary is a senior official.,controlled_framing_reuse_response,controlled_framing_fixed_response,fixed candidate_response; varied prompt/framing metadata only
fever_46383::authoritative,fever_46383,meta-llama/Llama-3.2-1B-Instruct,meta-llama/Llama-3.2-1B-Instruct,SUPPORTS,authoritative,The White House Press Secretary is a senior official.,controlled_framing_reuse_response,controlled_framing_fixed_response,fixed candidate_response; varied prompt/framing metadata only
fever_171639::neutral,fever_171639,meta-llama/Llama-3.2-1B-Instruct,meta-llama/Llama-3.2-1B-Instruct,REFUTES,neutral,Dave Gibbons is an Indian writer.,controlled_framing_reuse_response,controlled_framing_fixed_response,fixed candidate_response; varied prompt/framing metadata only
fever_171639::assertive,fever_171639,meta-llama/Llama-3.2-1B-Instruct,meta-llama/Llama-3.2-1B-Instruct,REFUTES,assertive,Dave Gibbons is an Indian writer.,controlled_framing_reuse_response,controlled_framing_fixed_response,fixed candidate_response; varied prompt/framing metadata only
fever_171639::authoritative,fever_171639,meta-llama/Llama-3.2-1B-Instruct,meta-llama/Llama-3.2-1B-Instruct,REFUTES,authoritative,Dave Gibbons is an Indian writer.,controlled_framing_reuse_response,controlled_framing_fixed_response,fixed candidate_response; varied prompt/framing metadata only
fever_93621::neutral,fever_93621,meta-llama/Llama-3.2-1B-Instruct,meta-llama/Llama-3.2-1B-Instruct,REFUTES,neutral,The Armenian Genocide was the Ottoman government's systematic extermination of 1.5 million Jews.,controlled_framing_reuse_response,controlled_framing_fixed_response,fixed candidate_response; varied prompt/framing metadata only
fever_93621::assertive,fever_93621,meta-llama/Llama-3.2-1B-Instruct,meta-llama/Llama-3.2-1B-Instruct,REFUTES,assertive,The Armenian Genocide was the Ottoman government's systematic extermination of 1.5 million Jews.,controlled_framing_reuse_response,controlled_framing_fixed_response,fixed candidate_response; varied prompt/framing metadata only
fever_93621::authoritative,fever_93621,meta-llama/Llama-3.2-1B-Instruct,meta-llama/Llama-3.2-1B-Instruct,REFUTES,authoritative,The Armenian Genocide was the Ottoman government's systematic extermination of 1.5 million Jews.,controlled_framing_reuse_response,controlled_framing_fixed_response,fixed candidate_response; varied prompt/framing metadata only
fever_113302::neutral,fever_113302,meta-llama/Llama-3.2-1B-Instruct,meta-llama/Llama-3.2-1B-Instruct,REFUTES,neutral,Hedda Gabler's world premiere took place in Prague.,controlled_framing_reuse_response,controlled_framing_fixed_response,fixed candidate_response; varied prompt/framing metadata only
fever_113302::assertive,fever_113302,meta-llama/Llama-3.2-1B-Instruct,meta-llama/Llama-3.2-1B-Instruct,REFUTES,assertive,Hedda Gabler's world premiere took place in Prague.,controlled_framing_reuse_response,controlled_framing_fixed_response,fixed candidate_response; varied prompt/framing metadata only
fever_113302::authoritative,fever_113302,meta-llama/Llama-3.2-1B-Instruct,meta-llama/Llama-3.2-1B-Instruct,REFUTES,authoritative,Hedda Gabler's world premiere took place in Prague.,controlled_framing_reuse_response,controlled_framing_fixed_response,fixed candidate_response; varied prompt/framing metadata only
fever_57773::neutral,fever_57773,meta-llama/Llama-3.2-1B-Instruct,meta-llama/Llama-3.2-1B-Instruct,REFUTES,neutral,Peking University is in Shenzhen.,controlled_framing_reuse_response,controlled_framing_fixed_response,fixed candidate_response; varied prompt/framing metadata only
fever_57773::assertive,fever_57773,meta-llama/Llama-3.2-1B-Instruct,meta-llama/Llama-3.2-1B-Instruct,REFUTES,assertive,Peking University is in Shenzhen.,controlled_framing_reuse_response,controlled_framing_fixed_response,fixed candidate_response; varied prompt/framing metadata only
fever_57773::authoritative,fever_57773,meta-llama/Llama-3.2-1B-Instruct,meta-llama/Llama-3.2-1B-Instruct,REFUTES,authoritative,Peking University is in Shenzhen.,controlled_framing_reuse_response,controlled_framing_fixed_response,fixed candidate_response; varied prompt/framing metadata only
fever_183632::neutral,fever_183632,meta-llama/Llama-3.2-1B-Instruct,meta-llama/Llama-3.2-1B-Instruct,NOT ENOUGH INFO,neutral,Finding Dory was written by Harry S. Truman.,controlled_framing_reuse_response,controlled_framing_fixed_response,fixed candidate_response; varied prompt/framing metadata only
fever_183632::assertive,fever_183632,meta-llama/Llama-3.2-1B-Instruct,meta-llama/Llama-3.2-1B-Instruct,NOT ENOUGH INFO,assertive,Finding Dory was written by Harry S. Truman.,controlled_framing_reuse_response,controlled_framing_fixed_response,fixed candidate_response; varied prompt/framing metadata only
fever_183632::authoritative,fever_183632,meta-llama/Llama-3.2-1B-Instruct,meta-llama/Llama-3.2-1B-Instruct,NOT ENOUGH INFO,authoritative,Finding Dory was written by Harry S. Truman.,controlled_framing_reuse_response,controlled_framing_fixed_response,fixed candidate_response; varied prompt/framing metadata only
fever_95848::neutral,fever_95848,meta-llama/Llama-3.2-1B-Instruct,meta-llama/Llama-3.2-1B-Instruct,NOT ENOUGH INFO,neutral,Tim McGraw acted in a 2009 American biographical sports drama play.,controlled_framing_reuse_response,controlled_framing_fixed_response,fixed candidate_response; varied prompt/framing metadata only
fever_95848::assertive,fever_95848,meta-llama/Llama-3.2-1B-Instruct,meta-llama/Llama-3.2-1B-Instruct,NOT ENOUGH INFO,assertive,Tim McGraw acted in a 2009 American biographical sports drama play.,controlled_framing_reuse_response,controlled_framing_fixed_response,fixed candidate_response; varied prompt/framing metadata only
fever_95848::authoritative,fever_95848,meta-llama/Llama-3.2-1B-Instruct,meta-llama/Llama-3.2-1B-Instruct,NOT ENOUGH INFO,authoritative,Tim McGraw acted in a 2009 American biographical sports drama play.,controlled_framing_reuse_response,controlled_framing_fixed_response,fixed candidate_response; varied prompt/framing metadata only
fever_25339::neutral,fever_25339,meta-llama/Llama-3.2-1B-Instruct,meta-llama/Llama-3.2-1B-Instruct,REFUTES,neutral,Jens Stolenberg only held the office of Prime Minister from 2000 to 2001.,controlled_framing_reuse_response,controlled_framing_fixed_response,fixed candidate_response; varied prompt/framing metadata only
fever_25339::assertive,fever_25339,meta-llama/Llama-3.2-1B-Instruct,meta-llama/Llama-3.2-1B-Instruct,REFUTES,assertive,Jens Stolenberg only held the office of Prime Minister from 2000 to 2001.,controlled_framing_reuse_response,controlled_framing_fixed_response,fixed candidate_response; varied prompt/framing metadata only
fever_25339::authoritative,fever_25339,meta-llama/Llama-3.2-1B-Instruct,meta-llama/Llama-3.2-1B-Instruct,REFUTES,authoritative,Jens Stolenberg only held the office of Prime Minister from 2000 to 2001.,controlled_framing_reuse_response,controlled_framing_fixed_response,fixed candidate_response; varied prompt/framing metadata only
fever_131848::neutral,fever_131848,meta-llama/Llama-3.2-1B-Instruct,meta-llama/Llama-3.2-1B-Instruct,NOT ENOUGH INFO,neutral,Garden State was at the dead body.,controlled_framing_reuse_response,controlled_framing_fixed_response,fixed candidate_response; varied prompt/framing metadata only
fever_131848::assertive,fever_131848,meta-llama/Llama-3.2-1B-Instruct,meta-llama/Llama-3.2-1B-Instruct,NOT ENOUGH INFO,assertive,Garden State was at the dead body.,controlled_framing_reuse_response,controlled_framing_fixed_response,fixed candidate_response; varied prompt/framing metadata only
fever_131848::authoritative,fever_131848,meta-llama/Llama-3.2-1B-Instruct,meta-llama/Llama-3.2-1B-Instruct,NOT ENOUGH INFO,authoritative,Garden State was at the dead body.,controlled_framing_reuse_response,controlled_framing_fixed_response,fixed candidate_response; varied prompt/framing metadata only
fever_190156::neutral,fever_190156,meta-llama/Llama-3.2-1B-Instruct,meta-llama/Llama-3.2-1B-Instruct,NOT ENOUGH INFO,neutral,Oscar de la Hoya was named Fighter of the Year in the UFC.,controlled_framing_reuse_response,controlled_framing_fixed_response,fixed candidate_response; varied prompt/framing metadata only
fever_190156::assertive,fever_190156,meta-llama/Llama-3.2-1B-Instruct,meta-llama/Llama-3.2-1B-Instruct,NOT ENOUGH INFO,assertive,Oscar de la Hoya was named Fighter of the Year in the UFC.,controlled_framing_reuse_response,controlled_framing_fixed_response,fixed candidate_response; varied prompt/framing metadata only
fever_190156::authoritative,fever_190156,meta-llama/Llama-3.2-1B-Instruct,meta-llama/Llama-3.2-1B-Instruct,NOT ENOUGH INFO,authoritative,Oscar de la Hoya was named Fighter of the Year in the UFC.,controlled_framing_reuse_response,controlled_framing_fixed_response,fixed candidate_response; varied prompt/framing metadata only
fever_178328::neutral,fever_178328,meta-llama/Llama-3.2-1B-Instruct,meta-llama/Llama-3.2-1B-Instruct,SUPPORTS,neutral,Al Jardine is a rhythm guitarist.,controlled_framing_reuse_response,controlled_framing_fixed_response,fixed candidate_response; varied prompt/framing metadata only
fever_178328::assertive,fever_178328,meta-llama/Llama-3.2-1B-Instruct,meta-llama/Llama-3.2-1B-Instruct,SUPPORTS,assertive,Al Jardine is a rhythm guitarist.,controlled_framing_reuse_response,controlled_framing_fixed_response,fixed candidate_response; varied prompt/framing metadata only
fever_178328::authoritative,fever_178328,meta-llama/Llama-3.2-1B-Instruct,meta-llama/Llama-3.2-1B-Instruct,SUPPORTS,authoritative,Al Jardine is a rhythm guitarist.,controlled_framing_reuse_response,controlled_framing_fixed_response,fixed candidate_response; varied prompt/framing metadata only
fever_175933::neutral,fever_175933,meta-llama/Llama-3.2-1B-Instruct,meta-llama/Llama-3.2-1B-Instruct,SUPPORTS,neutral,Aunt May is a character that appeared in media adaptations of a type of creative work.,controlled_framing_reuse_response,controlled_framing_fixed_response,fixed candidate_response; varied prompt/framing metadata only
fever_175933::assertive,fever_175933,meta-llama/Llama-3.2-1B-Instruct,meta-llama/Llama-3.2-1B-Instruct,SUPPORTS,assertive,Aunt May is a character that appeared in media adaptations of a type of creative work.,controlled_framing_reuse_response,controlled_framing_fixed_response,fixed candidate_response; varied prompt/framing metadata only
fever_175933::authoritative,fever_175933,meta-llama/Llama-3.2-1B-Instruct,meta-llama/Llama-3.2-1B-Instruct,SUPPORTS,authoritative,Aunt May is a character that appeared in media adaptations of a type of creative work.,controlled_framing_reuse_response,controlled_framing_fixed_response,fixed candidate_response; varied prompt/framing metadata only
fever_54460::neutral,fever_54460,meta-llama/Llama-3.2-1B-Instruct,meta-llama/Llama-3.2-1B-Instruct,NOT ENOUGH INFO,neutral,Shane Black finished college in December.,controlled_framing_reuse_response,controlled_framing_fixed_response,fixed candidate_response; varied prompt/framing metadata only
fever_54460::assertive,fever_54460,meta-llama/Llama-3.2-1B-Instruct,meta-llama/Llama-3.2-1B-Instruct,NOT ENOUGH INFO,assertive,Shane Black finished college in December.,controlled_framing_reuse_response,controlled_framing_fixed_response,fixed candidate_response; varied prompt/framing metadata only
fever_54460::authoritative,fever_54460,meta-llama/Llama-3.2-1B-Instruct,meta-llama/Llama-3.2-1B-Instruct,NOT ENOUGH INFO,authoritative,Shane Black finished college in December.,controlled_framing_reuse_response,controlled_framing_fixed_response,fixed candidate_response; varied prompt/framing metadata only
fever_124397::neutral,fever_124397,meta-llama/Llama-3.2-1B-Instruct,meta-llama/Llama-3.2-1B-Instruct,NOT ENOUGH INFO,neutral,Global warming is expected to exacerbate with the retreat of permafrost.,controlled_framing_reuse_response,controlled_framing_fixed_response,fixed candidate_response; varied prompt/framing metadata only
fever_124397::assertive,fever_124397,meta-llama/Llama-3.2-1B-Instruct,meta-llama/Llama-3.2-1B-Instruct,NOT ENOUGH INFO,assertive,Global warming is expected to exacerbate with the retreat of permafrost.,controlled_framing_reuse_response,controlled_framing_fixed_response,fixed candidate_response; varied prompt/framing metadata only
fever_124397::authoritative,fever_124397,meta-llama/Llama-3.2-1B-Instruct,meta-llama/Llama-3.2-1B-Instruct,NOT ENOUGH INFO,authoritative,Global warming is expected to exacerbate with the retreat of permafrost.,controlled_framing_reuse_response,controlled_framing_fixed_response,fixed candidate_response; varied prompt/framing metadata only
fever_180579::neutral,fever_180579,meta-llama/Llama-3.2-1B-Instruct,meta-llama/Llama-3.2-1B-Instruct,SUPPORTS,neutral,Swordfish (film) is a film that is about someone that works with computers.,controlled_framing_reuse_response,controlled_framing_fixed_response,fixed candidate_response; varied prompt/framing metadata only
fever_180579::assertive,fever_180579,meta-llama/Llama-3.2-1B-Instruct,meta-llama/Llama-3.2-1B-Instruct,SUPPORTS,assertive,Swordfish (film) is a film that is about someone that works with computers.,controlled_framing_reuse_response,controlled_framing_fixed_response,fixed candidate_response; varied prompt/framing metadata only
fever_180579::authoritative,fever_180579,meta-llama/Llama-3.2-1B-Instruct,meta-llama/Llama-3.2-1B-Instruct,SUPPORTS,authoritative,Swordfish (film) is a film that is about someone that works with computers.,controlled_framing_reuse_response,controlled_framing_fixed_response,fixed candidate_response; varied prompt/framing metadata only
fever_72560::neutral,fever_72560,meta-llama/Llama-3.2-1B-Instruct,meta-llama/Llama-3.2-1B-Instruct,SUPPORTS,neutral,Jennifer Lopez made an album.,controlled_framing_reuse_response,controlled_framing_fixed_response,fixed candidate_response; varied prompt/framing metadata only
fever_72560::assertive,fever_72560,meta-llama/Llama-3.2-1B-Instruct,meta-llama/Llama-3.2-1B-Instruct,SUPPORTS,assertive,Jennifer Lopez made an album.,controlled_framing_reuse_response,controlled_framing_fixed_response,fixed candidate_response; varied prompt/framing metadata only
fever_72560::authoritative,fever_72560,meta-llama/Llama-3.2-1B-Instruct,meta-llama/Llama-3.2-1B-Instruct,SUPPORTS,authoritative,Jennifer Lopez made an album.,controlled_framing_reuse_response,controlled_framing_fixed_response,fixed candidate_response; varied prompt/framing metadata only
fever_201378::neutral,fever_201378,meta-llama/Llama-3.2-1B-Instruct,meta-llama/Llama-3.2-1B-Instruct,SUPPORTS,neutral,Varsity Blues (film) is an American film.,controlled_framing_reuse_response,controlled_framing_fixed_response,fixed candidate_response; varied prompt/framing metadata only
fever_201378::assertive,fever_201378,meta-llama/Llama-3.2-1B-Instruct,meta-llama/Llama-3.2-1B-Instruct,SUPPORTS,assertive,Varsity Blues (film) is an American film.,controlled_framing_reuse_response,controlled_framing_fixed_response,fixed candidate_response; varied prompt/framing metadata only
fever_201378::authoritative,fever_201378,meta-llama/Llama-3.2-1B-Instruct,meta-llama/Llama-3.2-1B-Instruct,SUPPORTS,authoritative,Varsity Blues (film) is an American film.,controlled_framing_reuse_response,controlled_framing_fixed_response,fixed candidate_response; varied prompt/framing metadata only
fever_206739::neutral,fever_206739,meta-llama/Llama-3.2-1B-Instruct,meta-llama/Llama-3.2-1B-Instruct,NOT ENOUGH INFO,neutral,Samwell Tarly appears in a television.,controlled_framing_reuse_response,controlled_framing_fixed_response,fixed candidate_response; varied prompt/framing metadata only
fever_206739::assertive,fever_206739,meta-llama/Llama-3.2-1B-Instruct,meta-llama/Llama-3.2-1B-Instruct,NOT ENOUGH INFO,assertive,Samwell Tarly appears in a television.,controlled_framing_reuse_response,controlled_framing_fixed_response,fixed candidate_response; varied prompt/framing metadata only
fever_206739::authoritative,fever_206739,meta-llama/Llama-3.2-1B-Instruct,meta-llama/Llama-3.2-1B-Instruct,NOT ENOUGH INFO,authoritative,Samwell Tarly appears in a television.,controlled_framing_reuse_response,controlled_framing_fixed_response,fixed candidate_response; varied prompt/framing metadata only
fever_150920::neutral,fever_150920,meta-llama/Llama-3.2-1B-Instruct,meta-llama/Llama-3.2-1B-Instruct,REFUTES,neutral,Sam Claflin was not in Pirates of the Caribbean: On Stranger Tides.,controlled_framing_reuse_response,controlled_framing_fixed_response,fixed candidate_response; varied prompt/framing metadata only
fever_150920::assertive,fever_150920,meta-llama/Llama-3.2-1B-Instruct,meta-llama/Llama-3.2-1B-Instruct,REFUTES,assertive,Sam Claflin was not in Pirates of the Caribbean: On Stranger Tides.,controlled_framing_reuse_response,controlled_framing_fixed_response,fixed candidate_response; varied prompt/framing metadata only
fever_150920::authoritative,fever_150920,meta-llama/Llama-3.2-1B-Instruct,meta-llama/Llama-3.2-1B-Instruct,REFUTES,authoritative,Sam Claflin was not in Pirates of the Caribbean: On Stranger Tides.,controlled_framing_reuse_response,controlled_framing_fixed_response,fixed candidate_response; varied prompt/framing metadata only
fever_226101::neutral,fever_226101,meta-llama/Llama-3.2-1B-Instruct,meta-llama/Llama-3.2-1B-Instruct,SUPPORTS,neutral,Bongwater follows the story of a drug dealer.,controlled_framing_reuse_response,controlled_framing_fixed_response,fixed candidate_response; varied prompt/framing metadata only
fever_226101::assertive,fever_226101,meta-llama/Llama-3.2-1B-Instruct,meta-llama/Llama-3.2-1B-Instruct,SUPPORTS,assertive,Bongwater follows the story of a drug dealer.,controlled_framing_reuse_response,controlled_framing_fixed_response,fixed candidate_response; varied prompt/framing metadata only
fever_226101::authoritative,fever_226101,meta-llama/Llama-3.2-1B-Instruct,meta-llama/Llama-3.2-1B-Instruct,SUPPORTS,authoritative,Bongwater follows the story of a drug dealer.,controlled_framing_reuse_response,controlled_framing_fixed_response,fixed candidate_response; varied prompt/framing metadata only
fever_165267::neutral,fever_165267,meta-llama/Llama-3.2-1B-Instruct,meta-llama/Llama-3.2-1B-Instruct,REFUTES,neutral,There are no musical or creative works in existence that have been created by Phillip Glass.,controlled_framing_reuse_response,controlled_framing_fixed_response,fixed candidate_response; varied prompt/framing metadata only
fever_165267::assertive,fever_165267,meta-llama/Llama-3.2-1B-Instruct,meta-llama/Llama-3.2-1B-Instruct,REFUTES,assertive,There are no musical or creative works in existence that have been created by Phillip Glass.,controlled_framing_reuse_response,controlled_framing_fixed_response,fixed candidate_response; varied prompt/framing metadata only
fever_165267::authoritative,fever_165267,meta-llama/Llama-3.2-1B-Instruct,meta-llama/Llama-3.2-1B-Instruct,REFUTES,authoritative,There are no musical or creative works in existence that have been created by Phillip Glass.,controlled_framing_reuse_response,controlled_framing_fixed_response,fixed candidate_response; varied prompt/framing metadata only
fever_84860::neutral,fever_84860,meta-llama/Llama-3.2-1B-Instruct,meta-llama/Llama-3.2-1B-Instruct,SUPPORTS,neutral,An example of a virus is rabies.,controlled_framing_reuse_response,controlled_framing_fixed_response,fixed candidate_response; varied prompt/framing metadata only
fever_84860::assertive,fever_84860,meta-llama/Llama-3.2-1B-Instruct,meta-llama/Llama-3.2-1B-Instruct,SUPPORTS,assertive,An example of a virus is rabies.,controlled_framing_reuse_response,controlled_framing_fixed_response,fixed candidate_response; varied prompt/framing metadata only
fever_84860::authoritative,fever_84860,meta-llama/Llama-3.2-1B-Instruct,meta-llama/Llama-3.2-1B-Instruct,SUPPORTS,authoritative,An example of a virus is rabies.,controlled_framing_reuse_response,controlled_framing_fixed_response,fixed candidate_response; varied prompt/framing metadata only
fever_119718::neutral,fever_119718,meta-llama/Llama-3.2-1B-Instruct,meta-llama/Llama-3.2-1B-Instruct,NOT ENOUGH INFO,neutral,Topman is part of a British spy network.,controlled_framing_reuse_response,controlled_framing_fixed_response,fixed candidate_response; varied prompt/framing metadata only
fever_119718::assertive,fever_119718,meta-llama/Llama-3.2-1B-Instruct,meta-llama/Llama-3.2-1B-Instruct,NOT ENOUGH INFO,assertive,Topman is part of a British spy network.,controlled_framing_reuse_response,controlled_framing_fixed_response,fixed candidate_response; varied prompt/framing metadata only
fever_119718::authoritative,fever_119718,meta-llama/Llama-3.2-1B-Instruct,meta-llama/Llama-3.2-1B-Instruct,NOT ENOUGH INFO,authoritative,Topman is part of a British spy network.,controlled_framing_reuse_response,controlled_framing_fixed_response,fixed candidate_response; varied prompt/framing metadata only
fever_108705::neutral,fever_108705,meta-llama/Llama-3.2-1B-Instruct,meta-llama/Llama-3.2-1B-Instruct,REFUTES,neutral,Joe Rogan did not move to Los Angeles in 1994.,controlled_framing_reuse_response,controlled_framing_fixed_response,fixed candidate_response; varied prompt/framing metadata only
fever_108705::assertive,fever_108705,meta-llama/Llama-3.2-1B-Instruct,meta-llama/Llama-3.2-1B-Instruct,REFUTES,assertive,Joe Rogan did not move to Los Angeles in 1994.,controlled_framing_reuse_response,controlled_framing_fixed_response,fixed candidate_response; varied prompt/framing metadata only
fever_108705::authoritative,fever_108705,meta-llama/Llama-3.2-1B-Instruct,meta-llama/Llama-3.2-1B-Instruct,REFUTES,authoritative,Joe Rogan did not move to Los Angeles in 1994.,controlled_framing_reuse_response,controlled_framing_fixed_response,fixed candidate_response; varied prompt/framing metadata only
fever_212188::neutral,fever_212188,meta-llama/Llama-3.2-1B-Instruct,meta-llama/Llama-3.2-1B-Instruct,SUPPORTS,neutral,Miracle at St. Anna tells the story of four soldiers in a Tuscan village.,controlled_framing_reuse_response,controlled_framing_fixed_response,fixed candidate_response; varied prompt/framing metadata only
fever_212188::assertive,fever_212188,meta-llama/Llama-3.2-1B-Instruct,meta-llama/Llama-3.2-1B-Instruct,SUPPORTS,assertive,Miracle at St. Anna tells the story of four soldiers in a Tuscan village.,controlled_framing_reuse_response,controlled_framing_fixed_response,fixed candidate_response; varied prompt/framing metadata only
fever_212188::authoritative,fever_212188,meta-llama/Llama-3.2-1B-Instruct,meta-llama/Llama-3.2-1B-Instruct,SUPPORTS,authoritative,Miracle at St. Anna tells the story of four soldiers in a Tuscan village.,controlled_framing_reuse_response,controlled_framing_fixed_response,fixed candidate_response; varied prompt/framing metadata only
fever_219124::neutral,fever_219124,meta-llama/Llama-3.2-1B-Instruct,meta-llama/Llama-3.2-1B-Instruct,NOT ENOUGH INFO,neutral,Valencia is the seat of government of Valencia.,controlled_framing_reuse_response,controlled_framing_fixed_response,fixed candidate_response; varied prompt/framing metadata only
fever_219124::assertive,fever_219124,meta-llama/Llama-3.2-1B-Instruct,meta-llama/Llama-3.2-1B-Instruct,NOT ENOUGH INFO,assertive,Valencia is the seat of government of Valencia.,controlled_framing_reuse_response,controlled_framing_fixed_response,fixed candidate_response; varied prompt/framing metadata only
fever_219124::authoritative,fever_219124,meta-llama/Llama-3.2-1B-Instruct,meta-llama/Llama-3.2-1B-Instruct,NOT ENOUGH INFO,authoritative,Valencia is the seat of government of Valencia.,controlled_framing_reuse_response,controlled_framing_fixed_response,fixed candidate_response; varied prompt/framing metadata only
fever_115832::neutral,fever_115832,meta-llama/Llama-3.2-1B-Instruct,meta-llama/Llama-3.2-1B-Instruct,SUPPORTS,neutral,Brian Michael Bendis has worked in the movie industry.,controlled_framing_reuse_response,controlled_framing_fixed_response,fixed candidate_response; varied prompt/framing metadata only
fever_115832::assertive,fever_115832,meta-llama/Llama-3.2-1B-Instruct,meta-llama/Llama-3.2-1B-Instruct,SUPPORTS,assertive,Brian Michael Bendis has worked in the movie industry.,controlled_framing_reuse_response,controlled_framing_fixed_response,fixed candidate_response; varied prompt/framing metadata only
fever_115832::authoritative,fever_115832,meta-llama/Llama-3.2-1B-Instruct,meta-llama/Llama-3.2-1B-Instruct,SUPPORTS,authoritative,Brian Michael Bendis has worked in the movie industry.,controlled_framing_reuse_response,controlled_framing_fixed_response,fixed candidate_response; varied prompt/framing metadata only
fever_114200::neutral,fever_114200,meta-llama/Llama-3.2-1B-Instruct,meta-llama/Llama-3.2-1B-Instruct,REFUTES,neutral,The human brain lacks a sleep regulating structure.,controlled_framing_reuse_response,controlled_framing_fixed_response,fixed candidate_response; varied prompt/framing metadata only
fever_114200::assertive,fever_114200,meta-llama/Llama-3.2-1B-Instruct,meta-llama/Llama-3.2-1B-Instruct,REFUTES,assertive,The human brain lacks a sleep regulating structure.,controlled_framing_reuse_response,controlled_framing_fixed_response,fixed candidate_response; varied prompt/framing metadata only
fever_114200::authoritative,fever_114200,meta-llama/Llama-3.2-1B-Instruct,meta-llama/Llama-3.2-1B-Instruct,REFUTES,authoritative,The human brain lacks a sleep regulating structure.,controlled_framing_reuse_response,controlled_framing_fixed_response,fixed candidate_response; varied prompt/framing metadata only
fever_126973::neutral,fever_126973,meta-llama/Llama-3.2-1B-Instruct,meta-llama/Llama-3.2-1B-Instruct,REFUTES,neutral,The horse has not grown in size as it evolved.,controlled_framing_reuse_response,controlled_framing_fixed_response,fixed candidate_response; varied prompt/framing metadata only
fever_126973::assertive,fever_126973,meta-llama/Llama-3.2-1B-Instruct,meta-llama/Llama-3.2-1B-Instruct,REFUTES,assertive,The horse has not grown in size as it evolved.,controlled_framing_reuse_response,controlled_framing_fixed_response,fixed candidate_response; varied prompt/framing metadata only
fever_126973::authoritative,fever_126973,meta-llama/Llama-3.2-1B-Instruct,meta-llama/Llama-3.2-1B-Instruct,REFUTES,authoritative,The horse has not grown in size as it evolved.,controlled_framing_reuse_response,controlled_framing_fixed_response,fixed candidate_response; varied prompt/framing metadata only
fever_94414::neutral,fever_94414,meta-llama/Llama-3.2-1B-Instruct,meta-llama/Llama-3.2-1B-Instruct,REFUTES,neutral,Rupert Murdoch is powerless over News Corp.,controlled_framing_reuse_response,controlled_framing_fixed_response,fixed candidate_response; varied prompt/framing metadata only
fever_94414::assertive,fever_94414,meta-llama/Llama-3.2-1B-Instruct,meta-llama/Llama-3.2-1B-Instruct,REFUTES,assertive,Rupert Murdoch is powerless over News Corp.,controlled_framing_reuse_response,controlled_framing_fixed_response,fixed candidate_response; varied prompt/framing metadata only
fever_94414::authoritative,fever_94414,meta-llama/Llama-3.2-1B-Instruct,meta-llama/Llama-3.2-1B-Instruct,REFUTES,authoritative,Rupert Murdoch is powerless over News Corp.,controlled_framing_reuse_response,controlled_framing_fixed_response,fixed candidate_response; varied prompt/framing metadata only
fever_166654::neutral,fever_166654,meta-llama/Llama-3.2-1B-Instruct,meta-llama/Llama-3.2-1B-Instruct,SUPPORTS,neutral,Anne Rice lived in the twenty first century.,controlled_framing_reuse_response,controlled_framing_fixed_response,fixed candidate_response; varied prompt/framing metadata only
fever_166654::assertive,fever_166654,meta-llama/Llama-3.2-1B-Instruct,meta-llama/Llama-3.2-1B-Instruct,SUPPORTS,assertive,Anne Rice lived in the twenty first century.,controlled_framing_reuse_response,controlled_framing_fixed_response,fixed candidate_response; varied prompt/framing metadata only
fever_166654::authoritative,fever_166654,meta-llama/Llama-3.2-1B-Instruct,meta-llama/Llama-3.2-1B-Instruct,SUPPORTS,authoritative,Anne Rice lived in the twenty first century.,controlled_framing_reuse_response,controlled_framing_fixed_response,fixed candidate_response; varied prompt/framing metadata only
fever_202475::neutral,fever_202475,meta-llama/Llama-3.2-1B-Instruct,meta-llama/Llama-3.2-1B-Instruct,REFUTES,neutral,Tinker Tailor Soldier Spy only stars Gary Oldman.,controlled_framing_reuse_response,controlled_framing_fixed_response,fixed candidate_response; varied prompt/framing metadata only
fever_202475::assertive,fever_202475,meta-llama/Llama-3.2-1B-Instruct,meta-llama/Llama-3.2-1B-Instruct,REFUTES,assertive,Tinker Tailor Soldier Spy only stars Gary Oldman.,controlled_framing_reuse_response,controlled_framing_fixed_response,fixed candidate_response; varied prompt/framing metadata only
fever_202475::authoritative,fever_202475,meta-llama/Llama-3.2-1B-Instruct,meta-llama/Llama-3.2-1B-Instruct,REFUTES,authoritative,Tinker Tailor Soldier Spy only stars Gary Oldman.,controlled_framing_reuse_response,controlled_framing_fixed_response,fixed candidate_response; varied prompt/framing metadata only
fever_76323::neutral,fever_76323,meta-llama/Llama-3.2-1B-Instruct,meta-llama/Llama-3.2-1B-Instruct,SUPPORTS,neutral,Some of the University of Mississippi's students are minorities.,controlled_framing_reuse_response,controlled_framing_fixed_response,fixed candidate_response; varied prompt/framing metadata only
fever_76323::assertive,fever_76323,meta-llama/Llama-3.2-1B-Instruct,meta-llama/Llama-3.2-1B-Instruct,SUPPORTS,assertive,Some of the University of Mississippi's students are minorities.,controlled_framing_reuse_response,controlled_framing_fixed_response,fixed candidate_response; varied prompt/framing metadata only
fever_76323::authoritative,fever_76323,meta-llama/Llama-3.2-1B-Instruct,meta-llama/Llama-3.2-1B-Instruct,SUPPORTS,authoritative,Some of the University of Mississippi's students are minorities.,controlled_framing_reuse_response,controlled_framing_fixed_response,fixed candidate_response; varied prompt/framing metadata only
fever_142224::neutral,fever_142224,meta-llama/Llama-3.2-1B-Instruct,meta-llama/Llama-3.2-1B-Instruct,SUPPORTS,neutral,Hindu Kush is a geographic feature.,controlled_framing_reuse_response,controlled_framing_fixed_response,fixed candidate_response; varied prompt/framing metadata only
fever_142224::assertive,fever_142224,meta-llama/Llama-3.2-1B-Instruct,meta-llama/Llama-3.2-1B-Instruct,SUPPORTS,assertive,Hindu Kush is a geographic feature.,controlled_framing_reuse_response,controlled_framing_fixed_response,fixed candidate_response; varied prompt/framing metadata only
fever_142224::authoritative,fever_142224,meta-llama/Llama-3.2-1B-Instruct,meta-llama/Llama-3.2-1B-Instruct,SUPPORTS,authoritative,Hindu Kush is a geographic feature.,controlled_framing_reuse_response,controlled_framing_fixed_response,fixed candidate_response; varied prompt/framing metadata only
fever_47357::neutral,fever_47357,meta-llama/Llama-3.2-1B-Instruct,meta-llama/Llama-3.2-1B-Instruct,SUPPORTS,neutral,Margaret Thatcher implemented policies.,controlled_framing_reuse_response,controlled_framing_fixed_response,fixed candidate_response; varied prompt/framing metadata only
fever_47357::assertive,fever_47357,meta-llama/Llama-3.2-1B-Instruct,meta-llama/Llama-3.2-1B-Instruct,SUPPORTS,assertive,Margaret Thatcher implemented policies.,controlled_framing_reuse_response,controlled_framing_fixed_response,fixed candidate_response; varied prompt/framing metadata only
fever_47357::authoritative,fever_47357,meta-llama/Llama-3.2-1B-Instruct,meta-llama/Llama-3.2-1B-Instruct,SUPPORTS,authoritative,Margaret Thatcher implemented policies.,controlled_framing_reuse_response,controlled_framing_fixed_response,fixed candidate_response; varied prompt/framing metadata only
fever_152011::neutral,fever_152011,meta-llama/Llama-3.2-1B-Instruct,meta-llama/Llama-3.2-1B-Instruct,SUPPORTS,neutral,"Around the age of 60, amyotrophic lateral sclerosis usually starts.",controlled_framing_reuse_response,controlled_framing_fixed_response,fixed candidate_response; varied prompt/framing metadata only
fever_152011::assertive,fever_152011,meta-llama/Llama-3.2-1B-Instruct,meta-llama/Llama-3.2-1B-Instruct,SUPPORTS,assertive,"Around the age of 60, amyotrophic lateral sclerosis usually starts.",controlled_framing_reuse_response,controlled_framing_fixed_response,fixed candidate_response; varied prompt/framing metadata only
fever_152011::authoritative,fever_152011,meta-llama/Llama-3.2-1B-Instruct,meta-llama/Llama-3.2-1B-Instruct,SUPPORTS,authoritative,"Around the age of 60, amyotrophic lateral sclerosis usually starts.",controlled_framing_reuse_response,controlled_framing_fixed_response,fixed candidate_response; varied prompt/framing metadata only
fever_100683::neutral,fever_100683,meta-llama/Llama-3.2-1B-Instruct,meta-llama/Llama-3.2-1B-Instruct,REFUTES,neutral,James VI and I razed the Plantation of UIster.,controlled_framing_reuse_response,controlled_framing_fixed_response,fixed candidate_response; varied prompt/framing metadata only
fever_100683::assertive,fever_100683,meta-llama/Llama-3.2-1B-Instruct,meta-llama/Llama-3.2-1B-Instruct,REFUTES,assertive,James VI and I razed the Plantation of UIster.,controlled_framing_reuse_response,controlled_framing_fixed_response,fixed candidate_response; varied prompt/framing metadata only
fever_100683::authoritative,fever_100683,meta-llama/Llama-3.2-1B-Instruct,meta-llama/Llama-3.2-1B-Instruct,REFUTES,authoritative,James VI and I razed the Plantation of UIster.,controlled_framing_reuse_response,controlled_framing_fixed_response,fixed candidate_response; varied prompt/framing metadata only
fever_194471::neutral,fever_194471,meta-llama/Llama-3.2-1B-Instruct,meta-llama/Llama-3.2-1B-Instruct,NOT ENOUGH INFO,neutral,Tilda Swinton is Irish.,controlled_framing_reuse_response,controlled_framing_fixed_response,fixed candidate_response; varied prompt/framing metadata only
fever_194471::assertive,fever_194471,meta-llama/Llama-3.2-1B-Instruct,meta-llama/Llama-3.2-1B-Instruct,NOT ENOUGH INFO,assertive,Tilda Swinton is Irish.,controlled_framing_reuse_response,controlled_framing_fixed_response,fixed candidate_response; varied prompt/framing metadata only
fever_194471::authoritative,fever_194471,meta-llama/Llama-3.2-1B-Instruct,meta-llama/Llama-3.2-1B-Instruct,NOT ENOUGH INFO,authoritative,Tilda Swinton is Irish.,controlled_framing_reuse_response,controlled_framing_fixed_response,fixed candidate_response; varied prompt/framing metadata only
fever_96562::neutral,fever_96562,meta-llama/Llama-3.2-1B-Instruct,meta-llama/Llama-3.2-1B-Instruct,NOT ENOUGH INFO,neutral,Jennifer Lopez dated Matt Damon.,controlled_framing_reuse_response,controlled_framing_fixed_response,fixed candidate_response; varied prompt/framing metadata only
fever_96562::assertive,fever_96562,meta-llama/Llama-3.2-1B-Instruct,meta-llama/Llama-3.2-1B-Instruct,NOT ENOUGH INFO,assertive,Jennifer Lopez dated Matt Damon.,controlled_framing_reuse_response,controlled_framing_fixed_response,fixed candidate_response; varied prompt/framing metadata only
fever_96562::authoritative,fever_96562,meta-llama/Llama-3.2-1B-Instruct,meta-llama/Llama-3.2-1B-Instruct,NOT ENOUGH INFO,authoritative,Jennifer Lopez dated Matt Damon.,controlled_framing_reuse_response,controlled_framing_fixed_response,fixed candidate_response; varied prompt/framing metadata only
fever_123411::neutral,fever_123411,meta-llama/Llama-3.2-1B-Instruct,meta-llama/Llama-3.2-1B-Instruct,REFUTES,neutral,The Daily Show described itself as a sports news program.,controlled_framing_reuse_response,controlled_framing_fixed_response,fixed candidate_response; varied prompt/framing metadata only
fever_123411::assertive,fever_123411,meta-llama/Llama-3.2-1B-Instruct,meta-llama/Llama-3.2-1B-Instruct,REFUTES,assertive,The Daily Show described itself as a sports news program.,controlled_framing_reuse_response,controlled_framing_fixed_response,fixed candidate_response; varied prompt/framing metadata only
fever_123411::authoritative,fever_123411,meta-llama/Llama-3.2-1B-Instruct,meta-llama/Llama-3.2-1B-Instruct,REFUTES,authoritative,The Daily Show described itself as a sports news program.,controlled_framing_reuse_response,controlled_framing_fixed_response,fixed candidate_response; varied prompt/framing metadata only
fever_105664::neutral,fever_105664,meta-llama/Llama-3.2-1B-Instruct,meta-llama/Llama-3.2-1B-Instruct,REFUTES,neutral,Advertising is barely an audio form of marketing communication.,controlled_framing_reuse_response,controlled_framing_fixed_response,fixed candidate_response; varied prompt/framing metadata only
fever_105664::assertive,fever_105664,meta-llama/Llama-3.2-1B-Instruct,meta-llama/Llama-3.2-1B-Instruct,REFUTES,assertive,Advertising is barely an audio form of marketing communication.,controlled_framing_reuse_response,controlled_framing_fixed_response,fixed candidate_response; varied prompt/framing metadata only
fever_105664::authoritative,fever_105664,meta-llama/Llama-3.2-1B-Instruct,meta-llama/Llama-3.2-1B-Instruct,REFUTES,authoritative,Advertising is barely an audio form of marketing communication.,controlled_framing_reuse_response,controlled_framing_fixed_response,fixed candidate_response; varied prompt/framing metadata only
fever_120678::neutral,fever_120678,meta-llama/Llama-3.2-1B-Instruct,meta-llama/Llama-3.2-1B-Instruct,REFUTES,neutral,Margaret Thatcher was the first woman to lead a major political party in the 2000s.,controlled_framing_reuse_response,controlled_framing_fixed_response,fixed candidate_response; varied prompt/framing metadata only
fever_120678::assertive,fever_120678,meta-llama/Llama-3.2-1B-Instruct,meta-llama/Llama-3.2-1B-Instruct,REFUTES,assertive,Margaret Thatcher was the first woman to lead a major political party in the 2000s.,controlled_framing_reuse_response,controlled_framing_fixed_response,fixed candidate_response; varied prompt/framing metadata only
fever_120678::authoritative,fever_120678,meta-llama/Llama-3.2-1B-Instruct,meta-llama/Llama-3.2-1B-Instruct,REFUTES,authoritative,Margaret Thatcher was the first woman to lead a major political party in the 2000s.,controlled_framing_reuse_response,controlled_framing_fixed_response,fixed candidate_response; varied prompt/framing metadata only
fever_18065::neutral,fever_18065,meta-llama/Llama-3.2-1B-Instruct,meta-llama/Llama-3.2-1B-Instruct,REFUTES,neutral,Colombiana was produced by Olivier Megaton.,controlled_framing_reuse_response,controlled_framing_fixed_response,fixed candidate_response; varied prompt/framing metadata only
fever_18065::assertive,fever_18065,meta-llama/Llama-3.2-1B-Instruct,meta-llama/Llama-3.2-1B-Instruct,REFUTES,assertive,Colombiana was produced by Olivier Megaton.,controlled_framing_reuse_response,controlled_framing_fixed_response,fixed candidate_response; varied prompt/framing metadata only
fever_18065::authoritative,fever_18065,meta-llama/Llama-3.2-1B-Instruct,meta-llama/Llama-3.2-1B-Instruct,REFUTES,authoritative,Colombiana was produced by Olivier Megaton.,controlled_framing_reuse_response,controlled_framing_fixed_response,fixed candidate_response; varied prompt/framing metadata only
fever_185208::neutral,fever_185208,meta-llama/Llama-3.2-1B-Instruct,meta-llama/Llama-3.2-1B-Instruct,NOT ENOUGH INFO,neutral,Home for the Holidays stars an American flag.,controlled_framing_reuse_response,controlled_framing_fixed_response,fixed candidate_response; varied prompt/framing metadata only
fever_185208::assertive,fever_185208,meta-llama/Llama-3.2-1B-Instruct,meta-llama/Llama-3.2-1B-Instruct,NOT ENOUGH INFO,assertive,Home for the Holidays stars an American flag.,controlled_framing_reuse_response,controlled_framing_fixed_response,fixed candidate_response; varied prompt/framing metadata only
fever_185208::authoritative,fever_185208,meta-llama/Llama-3.2-1B-Instruct,meta-llama/Llama-3.2-1B-Instruct,NOT ENOUGH INFO,authoritative,Home for the Holidays stars an American flag.,controlled_framing_reuse_response,controlled_framing_fixed_response,fixed candidate_response; varied prompt/framing metadata only
fever_35377::neutral,fever_35377,meta-llama/Llama-3.2-1B-Instruct,meta-llama/Llama-3.2-1B-Instruct,NOT ENOUGH INFO,neutral,Sikkim is a part of the Andes.,controlled_framing_reuse_response,controlled_framing_fixed_response,fixed candidate_response; varied prompt/framing metadata only
fever_35377::assertive,fever_35377,meta-llama/Llama-3.2-1B-Instruct,meta-llama/Llama-3.2-1B-Instruct,NOT ENOUGH INFO,assertive,Sikkim is a part of the Andes.,controlled_framing_reuse_response,controlled_framing_fixed_response,fixed candidate_response; varied prompt/framing metadata only
fever_35377::authoritative,fever_35377,meta-llama/Llama-3.2-1B-Instruct,meta-llama/Llama-3.2-1B-Instruct,NOT ENOUGH INFO,authoritative,Sikkim is a part of the Andes.,controlled_framing_reuse_response,controlled_framing_fixed_response,fixed candidate_response; varied prompt/framing metadata only
fever_18377::neutral,fever_18377,meta-llama/Llama-3.2-1B-Instruct,meta-llama/Llama-3.2-1B-Instruct,NOT ENOUGH INFO,neutral,Jack Falahee is dead.,controlled_framing_reuse_response,controlled_framing_fixed_response,fixed candidate_response; varied prompt/framing metadata only
fever_18377::assertive,fever_18377,meta-llama/Llama-3.2-1B-Instruct,meta-llama/Llama-3.2-1B-Instruct,NOT ENOUGH INFO,assertive,Jack Falahee is dead.,controlled_framing_reuse_response,controlled_framing_fixed_response,fixed candidate_response; varied prompt/framing metadata only
fever_18377::authoritative,fever_18377,meta-llama/Llama-3.2-1B-Instruct,meta-llama/Llama-3.2-1B-Instruct,NOT ENOUGH INFO,authoritative,Jack Falahee is dead.,controlled_framing_reuse_response,controlled_framing_fixed_response,fixed candidate_response; varied prompt/framing metadata only
fever_63339::neutral,fever_63339,meta-llama/Llama-3.2-1B-Instruct,meta-llama/Llama-3.2-1B-Instruct,NOT ENOUGH INFO,neutral,The Mirny (sloop-of-war) was a 20-gun warship.,controlled_framing_reuse_response,controlled_framing_fixed_response,fixed candidate_response; varied prompt/framing metadata only
fever_63339::assertive,fever_63339,meta-llama/Llama-3.2-1B-Instruct,meta-llama/Llama-3.2-1B-Instruct,NOT ENOUGH INFO,assertive,The Mirny (sloop-of-war) was a 20-gun warship.,controlled_framing_reuse_response,controlled_framing_fixed_response,fixed candidate_response; varied prompt/framing metadata only
fever_63339::authoritative,fever_63339,meta-llama/Llama-3.2-1B-Instruct,meta-llama/Llama-3.2-1B-Instruct,NOT ENOUGH INFO,authoritative,The Mirny (sloop-of-war) was a 20-gun warship.,controlled_framing_reuse_response,controlled_framing_fixed_response,fixed candidate_response; varied prompt/framing metadata only
fever_182442::neutral,fever_182442,meta-llama/Llama-3.2-1B-Instruct,meta-llama/Llama-3.2-1B-Instruct,SUPPORTS,neutral,Epistemology is the study of the rationality of belief.,controlled_framing_reuse_response,controlled_framing_fixed_response,fixed candidate_response; varied prompt/framing metadata only
fever_182442::assertive,fever_182442,meta-llama/Llama-3.2-1B-Instruct,meta-llama/Llama-3.2-1B-Instruct,SUPPORTS,assertive,Epistemology is the study of the rationality of belief.,controlled_framing_reuse_response,controlled_framing_fixed_response,fixed candidate_response; varied prompt/framing metadata only
fever_182442::authoritative,fever_182442,meta-llama/Llama-3.2-1B-Instruct,meta-llama/Llama-3.2-1B-Instruct,SUPPORTS,authoritative,Epistemology is the study of the rationality of belief.,controlled_framing_reuse_response,controlled_framing_fixed_response,fixed candidate_response; varied prompt/framing metadata only
fever_4350::neutral,fever_4350,meta-llama/Llama-3.2-1B-Instruct,meta-llama/Llama-3.2-1B-Instruct,SUPPORTS,neutral,Kendall Jenner is a model.,controlled_framing_reuse_response,controlled_framing_fixed_response,fixed candidate_response; varied prompt/framing metadata only
fever_4350::assertive,fever_4350,meta-llama/Llama-3.2-1B-Instruct,meta-llama/Llama-3.2-1B-Instruct,SUPPORTS,assertive,Kendall Jenner is a model.,controlled_framing_reuse_response,controlled_framing_fixed_response,fixed candidate_response; varied prompt/framing metadata only
fever_4350::authoritative,fever_4350,meta-llama/Llama-3.2-1B-Instruct,meta-llama/Llama-3.2-1B-Instruct,SUPPORTS,authoritative,Kendall Jenner is a model.,controlled_framing_reuse_response,controlled_framing_fixed_response,fixed candidate_response; varied prompt/framing metadata only
fever_217667::neutral,fever_217667,meta-llama/Llama-3.2-1B-Instruct,meta-llama/Llama-3.2-1B-Instruct,NOT ENOUGH INFO,neutral,The Pelican Brief is a 1993 legal political thriller of American production.,controlled_framing_reuse_response,controlled_framing_fixed_response,fixed candidate_response; varied prompt/framing metadata only
fever_217667::assertive,fever_217667,meta-llama/Llama-3.2-1B-Instruct,meta-llama/Llama-3.2-1B-Instruct,NOT ENOUGH INFO,assertive,The Pelican Brief is a 1993 legal political thriller of American production.,controlled_framing_reuse_response,controlled_framing_fixed_response,fixed candidate_response; varied prompt/framing metadata only
fever_217667::authoritative,fever_217667,meta-llama/Llama-3.2-1B-Instruct,meta-llama/Llama-3.2-1B-Instruct,NOT ENOUGH INFO,authoritative,The Pelican Brief is a 1993 legal political thriller of American production.,controlled_framing_reuse_response,controlled_framing_fixed_response,fixed candidate_response; varied prompt/framing metadata only
fever_185409::neutral,fever_185409,meta-llama/Llama-3.2-1B-Instruct,meta-llama/Llama-3.2-1B-Instruct,NOT ENOUGH INFO,neutral,Rick Rosner wrote the TV series that CHiPs is based on.,controlled_framing_reuse_response,controlled_framing_fixed_response,fixed candidate_response; varied prompt/framing metadata only
fever_185409::assertive,fever_185409,meta-llama/Llama-3.2-1B-Instruct,meta-llama/Llama-3.2-1B-Instruct,NOT ENOUGH INFO,assertive,Rick Rosner wrote the TV series that CHiPs is based on.,controlled_framing_reuse_response,controlled_framing_fixed_response,fixed candidate_response; varied prompt/framing metadata only
fever_185409::authoritative,fever_185409,meta-llama/Llama-3.2-1B-Instruct,meta-llama/Llama-3.2-1B-Instruct,NOT ENOUGH INFO,authoritative,Rick Rosner wrote the TV series that CHiPs is based on.,controlled_framing_reuse_response,controlled_framing_fixed_response,fixed candidate_response; varied prompt/framing metadata only
fever_212771::neutral,fever_212771,meta-llama/Llama-3.2-1B-Instruct,meta-llama/Llama-3.2-1B-Instruct,NOT ENOUGH INFO,neutral,The undergraduate college of Harvard University became coeducational in 1977.,controlled_framing_reuse_response,controlled_framing_fixed_response,fixed candidate_response; varied prompt/framing metadata only
fever_212771::assertive,fever_212771,meta-llama/Llama-3.2-1B-Instruct,meta-llama/Llama-3.2-1B-Instruct,NOT ENOUGH INFO,assertive,The undergraduate college of Harvard University became coeducational in 1977.,controlled_framing_reuse_response,controlled_framing_fixed_response,fixed candidate_response; varied prompt/framing metadata only
fever_212771::authoritative,fever_212771,meta-llama/Llama-3.2-1B-Instruct,meta-llama/Llama-3.2-1B-Instruct,NOT ENOUGH INFO,authoritative,The undergraduate college of Harvard University became coeducational in 1977.,controlled_framing_reuse_response,controlled_framing_fixed_response,fixed candidate_response; varied prompt/framing metadata only
fever_187225::neutral,fever_187225,meta-llama/Llama-3.2-1B-Instruct,meta-llama/Llama-3.2-1B-Instruct,NOT ENOUGH INFO,neutral,The Hurt Locker was only ever released in the UK in 2010.,controlled_framing_reuse_response,controlled_framing_fixed_response,fixed candidate_response; varied prompt/framing metadata only
fever_187225::assertive,fever_187225,meta-llama/Llama-3.2-1B-Instruct,meta-llama/Llama-3.2-1B-Instruct,NOT ENOUGH INFO,assertive,The Hurt Locker was only ever released in the UK in 2010.,controlled_framing_reuse_response,controlled_framing_fixed_response,fixed candidate_response; varied prompt/framing metadata only
fever_187225::authoritative,fever_187225,meta-llama/Llama-3.2-1B-Instruct,meta-llama/Llama-3.2-1B-Instruct,NOT ENOUGH INFO,authoritative,The Hurt Locker was only ever released in the UK in 2010.,controlled_framing_reuse_response,controlled_framing_fixed_response,fixed candidate_response; varied prompt/framing metadata only
fever_186941::neutral,fever_186941,meta-llama/Llama-3.2-1B-Instruct,meta-llama/Llama-3.2-1B-Instruct,REFUTES,neutral,Cher was released only by Sony Music.,controlled_framing_reuse_response,controlled_framing_fixed_response,fixed candidate_response; varied prompt/framing metadata only
fever_186941::assertive,fever_186941,meta-llama/Llama-3.2-1B-Instruct,meta-llama/Llama-3.2-1B-Instruct,REFUTES,assertive,Cher was released only by Sony Music.,controlled_framing_reuse_response,controlled_framing_fixed_response,fixed candidate_response; varied prompt/framing metadata only
fever_186941::authoritative,fever_186941,meta-llama/Llama-3.2-1B-Instruct,meta-llama/Llama-3.2-1B-Instruct,REFUTES,authoritative,Cher was released only by Sony Music.,controlled_framing_reuse_response,controlled_framing_fixed_response,fixed candidate_response; varied prompt/framing metadata only
fever_181863::neutral,fever_181863,meta-llama/Llama-3.2-1B-Instruct,meta-llama/Llama-3.2-1B-Instruct,NOT ENOUGH INFO,neutral,Princess Mononoke has a violent animal.,controlled_framing_reuse_response,controlled_framing_fixed_response,fixed candidate_response; varied prompt/framing metadata only
fever_181863::assertive,fever_181863,meta-llama/Llama-3.2-1B-Instruct,meta-llama/Llama-3.2-1B-Instruct,NOT ENOUGH INFO,assertive,Princess Mononoke has a violent animal.,controlled_framing_reuse_response,controlled_framing_fixed_response,fixed candidate_response; varied prompt/framing metadata only
fever_181863::authoritative,fever_181863,meta-llama/Llama-3.2-1B-Instruct,meta-llama/Llama-3.2-1B-Instruct,NOT ENOUGH INFO,authoritative,Princess Mononoke has a violent animal.,controlled_framing_reuse_response,controlled_framing_fixed_response,fixed candidate_response; varied prompt/framing metadata only
fever_92172::neutral,fever_92172,meta-llama/Llama-3.2-1B-Instruct,meta-llama/Llama-3.2-1B-Instruct,NOT ENOUGH INFO,neutral,Neil Diamond is a painter.,controlled_framing_reuse_response,controlled_framing_fixed_response,fixed candidate_response; varied prompt/framing metadata only
fever_92172::assertive,fever_92172,meta-llama/Llama-3.2-1B-Instruct,meta-llama/Llama-3.2-1B-Instruct,NOT ENOUGH INFO,assertive,Neil Diamond is a painter.,controlled_framing_reuse_response,controlled_framing_fixed_response,fixed candidate_response; varied prompt/framing metadata only
fever_92172::authoritative,fever_92172,meta-llama/Llama-3.2-1B-Instruct,meta-llama/Llama-3.2-1B-Instruct,NOT ENOUGH INFO,authoritative,Neil Diamond is a painter.,controlled_framing_reuse_response,controlled_framing_fixed_response,fixed candidate_response; varied prompt/framing metadata only
fever_223772::neutral,fever_223772,meta-llama/Llama-3.2-1B-Instruct,meta-llama/Llama-3.2-1B-Instruct,NOT ENOUGH INFO,neutral,Ralph Fults was a Roaring Twenties era outlaw and escape artist.,controlled_framing_reuse_response,controlled_framing_fixed_response,fixed candidate_response; varied prompt/framing metadata only
fever_223772::assertive,fever_223772,meta-llama/Llama-3.2-1B-Instruct,meta-llama/Llama-3.2-1B-Instruct,NOT ENOUGH INFO,assertive,Ralph Fults was a Roaring Twenties era outlaw and escape artist.,controlled_framing_reuse_response,controlled_framing_fixed_response,fixed candidate_response; varied prompt/framing metadata only
fever_223772::authoritative,fever_223772,meta-llama/Llama-3.2-1B-Instruct,meta-llama/Llama-3.2-1B-Instruct,NOT ENOUGH INFO,authoritative,Ralph Fults was a Roaring Twenties era outlaw and escape artist.,controlled_framing_reuse_response,controlled_framing_fixed_response,fixed candidate_response; varied prompt/framing metadata only
fever_15883::neutral,fever_15883,meta-llama/Llama-3.2-1B-Instruct,meta-llama/Llama-3.2-1B-Instruct,SUPPORTS,neutral,The Concert for Bangladesh provided valuable lessons and inspiration for projects that followed.,controlled_framing_reuse_response,controlled_framing_fixed_response,fixed candidate_response; varied prompt/framing metadata only
fever_15883::assertive,fever_15883,meta-llama/Llama-3.2-1B-Instruct,meta-llama/Llama-3.2-1B-Instruct,SUPPORTS,assertive,The Concert for Bangladesh provided valuable lessons and inspiration for projects that followed.,controlled_framing_reuse_response,controlled_framing_fixed_response,fixed candidate_response; varied prompt/framing metadata only
fever_15883::authoritative,fever_15883,meta-llama/Llama-3.2-1B-Instruct,meta-llama/Llama-3.2-1B-Instruct,SUPPORTS,authoritative,The Concert for Bangladesh provided valuable lessons and inspiration for projects that followed.,controlled_framing_reuse_response,controlled_framing_fixed_response,fixed candidate_response; varied prompt/framing metadata only
fever_19721::neutral,fever_19721,meta-llama/Llama-3.2-1B-Instruct,meta-llama/Llama-3.2-1B-Instruct,REFUTES,neutral,The Indian Institute of Management Bangalore refuses to provide a post graduate program.,controlled_framing_reuse_response,controlled_framing_fixed_response,fixed candidate_response; varied prompt/framing metadata only
fever_19721::assertive,fever_19721,meta-llama/Llama-3.2-1B-Instruct,meta-llama/Llama-3.2-1B-Instruct,REFUTES,assertive,The Indian Institute of Management Bangalore refuses to provide a post graduate program.,controlled_framing_reuse_response,controlled_framing_fixed_response,fixed candidate_response; varied prompt/framing metadata only
fever_19721::authoritative,fever_19721,meta-llama/Llama-3.2-1B-Instruct,meta-llama/Llama-3.2-1B-Instruct,REFUTES,authoritative,The Indian Institute of Management Bangalore refuses to provide a post graduate program.,controlled_framing_reuse_response,controlled_framing_fixed_response,fixed candidate_response; varied prompt/framing metadata only
fever_116755::neutral,fever_116755,meta-llama/Llama-3.2-1B-Instruct,meta-llama/Llama-3.2-1B-Instruct,NOT ENOUGH INFO,neutral,Trollhunters was directed by DreamWorks Animation.,controlled_framing_reuse_response,controlled_framing_fixed_response,fixed candidate_response; varied prompt/framing metadata only
fever_116755::assertive,fever_116755,meta-llama/Llama-3.2-1B-Instruct,meta-llama/Llama-3.2-1B-Instruct,NOT ENOUGH INFO,assertive,Trollhunters was directed by DreamWorks Animation.,controlled_framing_reuse_response,controlled_framing_fixed_response,fixed candidate_response; varied prompt/framing metadata only
fever_116755::authoritative,fever_116755,meta-llama/Llama-3.2-1B-Instruct,meta-llama/Llama-3.2-1B-Instruct,NOT ENOUGH INFO,authoritative,Trollhunters was directed by DreamWorks Animation.,controlled_framing_reuse_response,controlled_framing_fixed_response,fixed candidate_response; varied prompt/framing metadata only
fever_219138::neutral,fever_219138,meta-llama/Llama-3.2-1B-Instruct,meta-llama/Llama-3.2-1B-Instruct,NOT ENOUGH INFO,neutral,Valencia is in the mountains.,controlled_framing_reuse_response,controlled_framing_fixed_response,fixed candidate_response; varied prompt/framing metadata only
fever_219138::assertive,fever_219138,meta-llama/Llama-3.2-1B-Instruct,meta-llama/Llama-3.2-1B-Instruct,NOT ENOUGH INFO,assertive,Valencia is in the mountains.,controlled_framing_reuse_response,controlled_framing_fixed_response,fixed candidate_response; varied prompt/framing metadata only
fever_219138::authoritative,fever_219138,meta-llama/Llama-3.2-1B-Instruct,meta-llama/Llama-3.2-1B-Instruct,NOT ENOUGH INFO,authoritative,Valencia is in the mountains.,controlled_framing_reuse_response,controlled_framing_fixed_response,fixed candidate_response; varied prompt/framing metadata only
fever_193890::neutral,fever_193890,meta-llama/Llama-3.2-1B-Instruct,meta-llama/Llama-3.2-1B-Instruct,NOT ENOUGH INFO,neutral,Bea Arthur was a vegan.,controlled_framing_reuse_response,controlled_framing_fixed_response,fixed candidate_response; varied prompt/framing metadata only
fever_193890::assertive,fever_193890,meta-llama/Llama-3.2-1B-Instruct,meta-llama/Llama-3.2-1B-Instruct,NOT ENOUGH INFO,assertive,Bea Arthur was a vegan.,controlled_framing_reuse_response,controlled_framing_fixed_response,fixed candidate_response; varied prompt/framing metadata only
fever_193890::authoritative,fever_193890,meta-llama/Llama-3.2-1B-Instruct,meta-llama/Llama-3.2-1B-Instruct,NOT ENOUGH INFO,authoritative,Bea Arthur was a vegan.,controlled_framing_reuse_response,controlled_framing_fixed_response,fixed candidate_response; varied prompt/framing metadata only
fever_63373::neutral,fever_63373,meta-llama/Llama-3.2-1B-Instruct,meta-llama/Llama-3.2-1B-Instruct,SUPPORTS,neutral,Billie Joe Armstrong is an American musician.,controlled_framing_reuse_response,controlled_framing_fixed_response,fixed candidate_response; varied prompt/framing metadata only
fever_63373::assertive,fever_63373,meta-llama/Llama-3.2-1B-Instruct,meta-llama/Llama-3.2-1B-Instruct,SUPPORTS,assertive,Billie Joe Armstrong is an American musician.,controlled_framing_reuse_response,controlled_framing_fixed_response,fixed candidate_response; varied prompt/framing metadata only
fever_63373::authoritative,fever_63373,meta-llama/Llama-3.2-1B-Instruct,meta-llama/Llama-3.2-1B-Instruct,SUPPORTS,authoritative,Billie Joe Armstrong is an American musician.,controlled_framing_reuse_response,controlled_framing_fixed_response,fixed candidate_response; varied prompt/framing metadata only
fever_145013::neutral,fever_145013,meta-llama/Llama-3.2-1B-Instruct,meta-llama/Llama-3.2-1B-Instruct,REFUTES,neutral,Shane McMahon is not a wrestler.,controlled_framing_reuse_response,controlled_framing_fixed_response,fixed candidate_response; varied prompt/framing metadata only
fever_145013::assertive,fever_145013,meta-llama/Llama-3.2-1B-Instruct,meta-llama/Llama-3.2-1B-Instruct,REFUTES,assertive,Shane McMahon is not a wrestler.,controlled_framing_reuse_response,controlled_framing_fixed_response,fixed candidate_response; varied prompt/framing metadata only
fever_145013::authoritative,fever_145013,meta-llama/Llama-3.2-1B-Instruct,meta-llama/Llama-3.2-1B-Instruct,REFUTES,authoritative,Shane McMahon is not a wrestler.,controlled_framing_reuse_response,controlled_framing_fixed_response,fixed candidate_response; varied prompt/framing metadata only
fever_195817::neutral,fever_195817,meta-llama/Llama-3.2-1B-Instruct,meta-llama/Llama-3.2-1B-Instruct,SUPPORTS,neutral,Jeong Hyeong-don has worked under FNC Entertainment.,controlled_framing_reuse_response,controlled_framing_fixed_response,fixed candidate_response; varied prompt/framing metadata only
fever_195817::assertive,fever_195817,meta-llama/Llama-3.2-1B-Instruct,meta-llama/Llama-3.2-1B-Instruct,SUPPORTS,assertive,Jeong Hyeong-don has worked under FNC Entertainment.,controlled_framing_reuse_response,controlled_framing_fixed_response,fixed candidate_response; varied prompt/framing metadata only
fever_195817::authoritative,fever_195817,meta-llama/Llama-3.2-1B-Instruct,meta-llama/Llama-3.2-1B-Instruct,SUPPORTS,authoritative,Jeong Hyeong-don has worked under FNC Entertainment.,controlled_framing_reuse_response,controlled_framing_fixed_response,fixed candidate_response; varied prompt/framing metadata only
fever_124862::neutral,fever_124862,meta-llama/Llama-3.2-1B-Instruct,meta-llama/Llama-3.2-1B-Instruct,REFUTES,neutral,How to Train Your Dragon 2 used old animation software.,controlled_framing_reuse_response,controlled_framing_fixed_response,fixed candidate_response; varied prompt/framing metadata only
fever_124862::assertive,fever_124862,meta-llama/Llama-3.2-1B-Instruct,meta-llama/Llama-3.2-1B-Instruct,REFUTES,assertive,How to Train Your Dragon 2 used old animation software.,controlled_framing_reuse_response,controlled_framing_fixed_response,fixed candidate_response; varied prompt/framing metadata only
fever_124862::authoritative,fever_124862,meta-llama/Llama-3.2-1B-Instruct,meta-llama/Llama-3.2-1B-Instruct,REFUTES,authoritative,How to Train Your Dragon 2 used old animation software.,controlled_framing_reuse_response,controlled_framing_fixed_response,fixed candidate_response; varied prompt/framing metadata only
fever_209855::neutral,fever_209855,meta-llama/Llama-3.2-1B-Instruct,meta-llama/Llama-3.2-1B-Instruct,REFUTES,neutral,Tie Your Mother Down was released as a single in 1976.,controlled_framing_reuse_response,controlled_framing_fixed_response,fixed candidate_response; varied prompt/framing metadata only
fever_209855::assertive,fever_209855,meta-llama/Llama-3.2-1B-Instruct,meta-llama/Llama-3.2-1B-Instruct,REFUTES,assertive,Tie Your Mother Down was released as a single in 1976.,controlled_framing_reuse_response,controlled_framing_fixed_response,fixed candidate_response; varied prompt/framing metadata only
fever_209855::authoritative,fever_209855,meta-llama/Llama-3.2-1B-Instruct,meta-llama/Llama-3.2-1B-Instruct,REFUTES,authoritative,Tie Your Mother Down was released as a single in 1976.,controlled_framing_reuse_response,controlled_framing_fixed_response,fixed candidate_response; varied prompt/framing metadata only
fever_119915::neutral,fever_119915,meta-llama/Llama-3.2-1B-Instruct,meta-llama/Llama-3.2-1B-Instruct,SUPPORTS,neutral,"NRG Recording Studios is located outside of North Hollywood, California.",controlled_framing_reuse_response,controlled_framing_fixed_response,fixed candidate_response; varied prompt/framing metadata only
fever_119915::assertive,fever_119915,meta-llama/Llama-3.2-1B-Instruct,meta-llama/Llama-3.2-1B-Instruct,SUPPORTS,assertive,"NRG Recording Studios is located outside of North Hollywood, California.",controlled_framing_reuse_response,controlled_framing_fixed_response,fixed candidate_response; varied prompt/framing metadata only
fever_119915::authoritative,fever_119915,meta-llama/Llama-3.2-1B-Instruct,meta-llama/Llama-3.2-1B-Instruct,SUPPORTS,authoritative,"NRG Recording Studios is located outside of North Hollywood, California.",controlled_framing_reuse_response,controlled_framing_fixed_response,fixed candidate_response; varied prompt/framing metadata only
fever_179298::neutral,fever_179298,meta-llama/Llama-3.2-1B-Instruct,meta-llama/Llama-3.2-1B-Instruct,NOT ENOUGH INFO,neutral,Franchising is regulated in thirty-three states.,controlled_framing_reuse_response,controlled_framing_fixed_response,fixed candidate_response; varied prompt/framing metadata only
fever_179298::assertive,fever_179298,meta-llama/Llama-3.2-1B-Instruct,meta-llama/Llama-3.2-1B-Instruct,NOT ENOUGH INFO,assertive,Franchising is regulated in thirty-three states.,controlled_framing_reuse_response,controlled_framing_fixed_response,fixed candidate_response; varied prompt/framing metadata only
fever_179298::authoritative,fever_179298,meta-llama/Llama-3.2-1B-Instruct,meta-llama/Llama-3.2-1B-Instruct,NOT ENOUGH INFO,authoritative,Franchising is regulated in thirty-three states.,controlled_framing_reuse_response,controlled_framing_fixed_response,fixed candidate_response; varied prompt/framing metadata only
fever_112277::neutral,fever_112277,meta-llama/Llama-3.2-1B-Instruct,meta-llama/Llama-3.2-1B-Instruct,REFUTES,neutral,"Stanley Williams was executed in March 5th, 2005.",controlled_framing_reuse_response,controlled_framing_fixed_response,fixed candidate_response; varied prompt/framing metadata only
fever_112277::assertive,fever_112277,meta-llama/Llama-3.2-1B-Instruct,meta-llama/Llama-3.2-1B-Instruct,REFUTES,assertive,"Stanley Williams was executed in March 5th, 2005.",controlled_framing_reuse_response,controlled_framing_fixed_response,fixed candidate_response; varied prompt/framing metadata only
fever_112277::authoritative,fever_112277,meta-llama/Llama-3.2-1B-Instruct,meta-llama/Llama-3.2-1B-Instruct,REFUTES,authoritative,"Stanley Williams was executed in March 5th, 2005.",controlled_framing_reuse_response,controlled_framing_fixed_response,fixed candidate_response; varied prompt/framing metadata only
fever_74007::neutral,fever_74007,meta-llama/Llama-3.2-1B-Instruct,meta-llama/Llama-3.2-1B-Instruct,NOT ENOUGH INFO,neutral,Duff McKagan is Texan.,controlled_framing_reuse_response,controlled_framing_fixed_response,fixed candidate_response; varied prompt/framing metadata only
fever_74007::assertive,fever_74007,meta-llama/Llama-3.2-1B-Instruct,meta-llama/Llama-3.2-1B-Instruct,NOT ENOUGH INFO,assertive,Duff McKagan is Texan.,controlled_framing_reuse_response,controlled_framing_fixed_response,fixed candidate_response; varied prompt/framing metadata only
fever_74007::authoritative,fever_74007,meta-llama/Llama-3.2-1B-Instruct,meta-llama/Llama-3.2-1B-Instruct,NOT ENOUGH INFO,authoritative,Duff McKagan is Texan.,controlled_framing_reuse_response,controlled_framing_fixed_response,fixed candidate_response; varied prompt/framing metadata only
fever_43041::neutral,fever_43041,meta-llama/Llama-3.2-1B-Instruct,meta-llama/Llama-3.2-1B-Instruct,SUPPORTS,neutral,Ingushetia was established on June.,controlled_framing_reuse_response,controlled_framing_fixed_response,fixed candidate_response; varied prompt/framing metadata only
fever_43041::assertive,fever_43041,meta-llama/Llama-3.2-1B-Instruct,meta-llama/Llama-3.2-1B-Instruct,SUPPORTS,assertive,Ingushetia was established on June.,controlled_framing_reuse_response,controlled_framing_fixed_response,fixed candidate_response; varied prompt/framing metadata only
fever_43041::authoritative,fever_43041,meta-llama/Llama-3.2-1B-Instruct,meta-llama/Llama-3.2-1B-Instruct,SUPPORTS,authoritative,Ingushetia was established on June.,controlled_framing_reuse_response,controlled_framing_fixed_response,fixed candidate_response; varied prompt/framing metadata only
fever_150916::neutral,fever_150916,meta-llama/Llama-3.2-1B-Instruct,meta-llama/Llama-3.2-1B-Instruct,SUPPORTS,neutral,"Fidel Castro transferred, to his brother, his responsibilities.",controlled_framing_reuse_response,controlled_framing_fixed_response,fixed candidate_response; varied prompt/framing metadata only
fever_150916::assertive,fever_150916,meta-llama/Llama-3.2-1B-Instruct,meta-llama/Llama-3.2-1B-Instruct,SUPPORTS,assertive,"Fidel Castro transferred, to his brother, his responsibilities.",controlled_framing_reuse_response,controlled_framing_fixed_response,fixed candidate_response; varied prompt/framing metadata only
fever_150916::authoritative,fever_150916,meta-llama/Llama-3.2-1B-Instruct,meta-llama/Llama-3.2-1B-Instruct,SUPPORTS,authoritative,"Fidel Castro transferred, to his brother, his responsibilities.",controlled_framing_reuse_response,controlled_framing_fixed_response,fixed candidate_response; varied prompt/framing metadata only
fever_28735::neutral,fever_28735,meta-llama/Llama-3.2-1B-Instruct,meta-llama/Llama-3.2-1B-Instruct,NOT ENOUGH INFO,neutral,John Krasinski is a follower.,controlled_framing_reuse_response,controlled_framing_fixed_response,fixed candidate_response; varied prompt/framing metadata only
fever_28735::assertive,fever_28735,meta-llama/Llama-3.2-1B-Instruct,meta-llama/Llama-3.2-1B-Instruct,NOT ENOUGH INFO,assertive,John Krasinski is a follower.,controlled_framing_reuse_response,controlled_framing_fixed_response,fixed candidate_response; varied prompt/framing metadata only
fever_28735::authoritative,fever_28735,meta-llama/Llama-3.2-1B-Instruct,meta-llama/Llama-3.2-1B-Instruct,NOT ENOUGH INFO,authoritative,John Krasinski is a follower.,controlled_framing_reuse_response,controlled_framing_fixed_response,fixed candidate_response; varied prompt/framing metadata only
fever_220205::neutral,fever_220205,meta-llama/Llama-3.2-1B-Instruct,meta-llama/Llama-3.2-1B-Instruct,SUPPORTS,neutral,Raabta (song) is a romantic Hindi song from a movie.,controlled_framing_reuse_response,controlled_framing_fixed_response,fixed candidate_response; varied prompt/framing metadata only
fever_220205::assertive,fever_220205,meta-llama/Llama-3.2-1B-Instruct,meta-llama/Llama-3.2-1B-Instruct,SUPPORTS,assertive,Raabta (song) is a romantic Hindi song from a movie.,controlled_framing_reuse_response,controlled_framing_fixed_response,fixed candidate_response; varied prompt/framing metadata only
fever_220205::authoritative,fever_220205,meta-llama/Llama-3.2-1B-Instruct,meta-llama/Llama-3.2-1B-Instruct,SUPPORTS,authoritative,Raabta (song) is a romantic Hindi song from a movie.,controlled_framing_reuse_response,controlled_framing_fixed_response,fixed candidate_response; varied prompt/framing metadata only
fever_9075::neutral,fever_9075,meta-llama/Llama-3.2-1B-Instruct,meta-llama/Llama-3.2-1B-Instruct,REFUTES,neutral,"Eric Church was born May 3, 1975.",controlled_framing_reuse_response,controlled_framing_fixed_response,fixed candidate_response; varied prompt/framing metadata only
fever_9075::assertive,fever_9075,meta-llama/Llama-3.2-1B-Instruct,meta-llama/Llama-3.2-1B-Instruct,REFUTES,assertive,"Eric Church was born May 3, 1975.",controlled_framing_reuse_response,controlled_framing_fixed_response,fixed candidate_response; varied prompt/framing metadata only
fever_9075::authoritative,fever_9075,meta-llama/Llama-3.2-1B-Instruct,meta-llama/Llama-3.2-1B-Instruct,REFUTES,authoritative,"Eric Church was born May 3, 1975.",controlled_framing_reuse_response,controlled_framing_fixed_response,fixed candidate_response; varied prompt/framing metadata only
fever_212338::neutral,fever_212338,meta-llama/Llama-3.2-1B-Instruct,meta-llama/Llama-3.2-1B-Instruct,NOT ENOUGH INFO,neutral,Mary-Kate Olsen and Ashley Olsen are former child actresses in Hollywood.,controlled_framing_reuse_response,controlled_framing_fixed_response,fixed candidate_response; varied prompt/framing metadata only
fever_212338::assertive,fever_212338,meta-llama/Llama-3.2-1B-Instruct,meta-llama/Llama-3.2-1B-Instruct,NOT ENOUGH INFO,assertive,Mary-Kate Olsen and Ashley Olsen are former child actresses in Hollywood.,controlled_framing_reuse_response,controlled_framing_fixed_response,fixed candidate_response; varied prompt/framing metadata only
fever_212338::authoritative,fever_212338,meta-llama/Llama-3.2-1B-Instruct,meta-llama/Llama-3.2-1B-Instruct,NOT ENOUGH INFO,authoritative,Mary-Kate Olsen and Ashley Olsen are former child actresses in Hollywood.,controlled_framing_reuse_response,controlled_framing_fixed_response,fixed candidate_response; varied prompt/framing metadata only
fever_178159::neutral,fever_178159,meta-llama/Llama-3.2-1B-Instruct,meta-llama/Llama-3.2-1B-Instruct,SUPPORTS,neutral,The World Trade Center opened in NYC.,controlled_framing_reuse_response,controlled_framing_fixed_response,fixed candidate_response; varied prompt/framing metadata only
fever_178159::assertive,fever_178159,meta-llama/Llama-3.2-1B-Instruct,meta-llama/Llama-3.2-1B-Instruct,SUPPORTS,assertive,The World Trade Center opened in NYC.,controlled_framing_reuse_response,controlled_framing_fixed_response,fixed candidate_response; varied prompt/framing metadata only
fever_178159::authoritative,fever_178159,meta-llama/Llama-3.2-1B-Instruct,meta-llama/Llama-3.2-1B-Instruct,SUPPORTS,authoritative,The World Trade Center opened in NYC.,controlled_framing_reuse_response,controlled_framing_fixed_response,fixed candidate_response; varied prompt/framing metadata only
fever_204453::neutral,fever_204453,meta-llama/Llama-3.2-1B-Instruct,meta-llama/Llama-3.2-1B-Instruct,NOT ENOUGH INFO,neutral,Brad Wilk started his career as a drummer in 2000.,controlled_framing_reuse_response,controlled_framing_fixed_response,fixed candidate_response; varied prompt/framing metadata only
fever_204453::assertive,fever_204453,meta-llama/Llama-3.2-1B-Instruct,meta-llama/Llama-3.2-1B-Instruct,NOT ENOUGH INFO,assertive,Brad Wilk started his career as a drummer in 2000.,controlled_framing_reuse_response,controlled_framing_fixed_response,fixed candidate_response; varied prompt/framing metadata only
fever_204453::authoritative,fever_204453,meta-llama/Llama-3.2-1B-Instruct,meta-llama/Llama-3.2-1B-Instruct,NOT ENOUGH INFO,authoritative,Brad Wilk started his career as a drummer in 2000.,controlled_framing_reuse_response,controlled_framing_fixed_response,fixed candidate_response; varied prompt/framing metadata only
fever_81096::neutral,fever_81096,meta-llama/Llama-3.2-1B-Instruct,meta-llama/Llama-3.2-1B-Instruct,REFUTES,neutral,Andrew Kevin Walker is a cat.,controlled_framing_reuse_response,controlled_framing_fixed_response,fixed candidate_response; varied prompt/framing metadata only
fever_81096::assertive,fever_81096,meta-llama/Llama-3.2-1B-Instruct,meta-llama/Llama-3.2-1B-Instruct,REFUTES,assertive,Andrew Kevin Walker is a cat.,controlled_framing_reuse_response,controlled_framing_fixed_response,fixed candidate_response; varied prompt/framing metadata only
fever_81096::authoritative,fever_81096,meta-llama/Llama-3.2-1B-Instruct,meta-llama/Llama-3.2-1B-Instruct,REFUTES,authoritative,Andrew Kevin Walker is a cat.,controlled_framing_reuse_response,controlled_framing_fixed_response,fixed candidate_response; varied prompt/framing metadata only
fever_10272::neutral,fever_10272,meta-llama/Llama-3.2-1B-Instruct,meta-llama/Llama-3.2-1B-Instruct,REFUTES,neutral,Taran Killam isn't a writer.,controlled_framing_reuse_response,controlled_framing_fixed_response,fixed candidate_response; varied prompt/framing metadata only
fever_10272::assertive,fever_10272,meta-llama/Llama-3.2-1B-Instruct,meta-llama/Llama-3.2-1B-Instruct,REFUTES,assertive,Taran Killam isn't a writer.,controlled_framing_reuse_response,controlled_framing_fixed_response,fixed candidate_response; varied prompt/framing metadata only
fever_10272::authoritative,fever_10272,meta-llama/Llama-3.2-1B-Instruct,meta-llama/Llama-3.2-1B-Instruct,REFUTES,authoritative,Taran Killam isn't a writer.,controlled_framing_reuse_response,controlled_framing_fixed_response,fixed candidate_response; varied prompt/framing metadata only
fever_218244::neutral,fever_218244,meta-llama/Llama-3.2-1B-Instruct,meta-llama/Llama-3.2-1B-Instruct,SUPPORTS,neutral,Libya is the 16th largest country in the world in 2017.,controlled_framing_reuse_response,controlled_framing_fixed_response,fixed candidate_response; varied prompt/framing metadata only
fever_218244::assertive,fever_218244,meta-llama/Llama-3.2-1B-Instruct,meta-llama/Llama-3.2-1B-Instruct,SUPPORTS,assertive,Libya is the 16th largest country in the world in 2017.,controlled_framing_reuse_response,controlled_framing_fixed_response,fixed candidate_response; varied prompt/framing metadata only
fever_218244::authoritative,fever_218244,meta-llama/Llama-3.2-1B-Instruct,meta-llama/Llama-3.2-1B-Instruct,SUPPORTS,authoritative,Libya is the 16th largest country in the world in 2017.,controlled_framing_reuse_response,controlled_framing_fixed_response,fixed candidate_response; varied prompt/framing metadata only
fever_196749::neutral,fever_196749,meta-llama/Llama-3.2-1B-Instruct,meta-llama/Llama-3.2-1B-Instruct,REFUTES,neutral,Marnie is an Italian film.,controlled_framing_reuse_response,controlled_framing_fixed_response,fixed candidate_response; varied prompt/framing metadata only
fever_196749::assertive,fever_196749,meta-llama/Llama-3.2-1B-Instruct,meta-llama/Llama-3.2-1B-Instruct,REFUTES,assertive,Marnie is an Italian film.,controlled_framing_reuse_response,controlled_framing_fixed_response,fixed candidate_response; varied prompt/framing metadata only
fever_196749::authoritative,fever_196749,meta-llama/Llama-3.2-1B-Instruct,meta-llama/Llama-3.2-1B-Instruct,REFUTES,authoritative,Marnie is an Italian film.,controlled_framing_reuse_response,controlled_framing_fixed_response,fixed candidate_response; varied prompt/framing metadata only
fever_18835::neutral,fever_18835,meta-llama/Llama-3.2-1B-Instruct,meta-llama/Llama-3.2-1B-Instruct,REFUTES,neutral,"Rhythm Nation was covered by an American singer, and songwriter Crystal Kay.",controlled_framing_reuse_response,controlled_framing_fixed_response,fixed candidate_response; varied prompt/framing metadata only
fever_18835::assertive,fever_18835,meta-llama/Llama-3.2-1B-Instruct,meta-llama/Llama-3.2-1B-Instruct,REFUTES,assertive,"Rhythm Nation was covered by an American singer, and songwriter Crystal Kay.",controlled_framing_reuse_response,controlled_framing_fixed_response,fixed candidate_response; varied prompt/framing metadata only
fever_18835::authoritative,fever_18835,meta-llama/Llama-3.2-1B-Instruct,meta-llama/Llama-3.2-1B-Instruct,REFUTES,authoritative,"Rhythm Nation was covered by an American singer, and songwriter Crystal Kay.",controlled_framing_reuse_response,controlled_framing_fixed_response,fixed candidate_response; varied prompt/framing metadata only
fever_50910::neutral,fever_50910,meta-llama/Llama-3.2-1B-Instruct,meta-llama/Llama-3.2-1B-Instruct,REFUTES,neutral,Poldark does not air on the BBC.,controlled_framing_reuse_response,controlled_framing_fixed_response,fixed candidate_response; varied prompt/framing metadata only
fever_50910::assertive,fever_50910,meta-llama/Llama-3.2-1B-Instruct,meta-llama/Llama-3.2-1B-Instruct,REFUTES,assertive,Poldark does not air on the BBC.,controlled_framing_reuse_response,controlled_framing_fixed_response,fixed candidate_response; varied prompt/framing metadata only
fever_50910::authoritative,fever_50910,meta-llama/Llama-3.2-1B-Instruct,meta-llama/Llama-3.2-1B-Instruct,REFUTES,authoritative,Poldark does not air on the BBC.,controlled_framing_reuse_response,controlled_framing_fixed_response,fixed candidate_response; varied prompt/framing metadata only
fever_218463::neutral,fever_218463,meta-llama/Llama-3.2-1B-Instruct,meta-llama/Llama-3.2-1B-Instruct,NOT ENOUGH INFO,neutral,The Hanford Site hosts a research center.,controlled_framing_reuse_response,controlled_framing_fixed_response,fixed candidate_response; varied prompt/framing metadata only
fever_218463::assertive,fever_218463,meta-llama/Llama-3.2-1B-Instruct,meta-llama/Llama-3.2-1B-Instruct,NOT ENOUGH INFO,assertive,The Hanford Site hosts a research center.,controlled_framing_reuse_response,controlled_framing_fixed_response,fixed candidate_response; varied prompt/framing metadata only
fever_218463::authoritative,fever_218463,meta-llama/Llama-3.2-1B-Instruct,meta-llama/Llama-3.2-1B-Instruct,NOT ENOUGH INFO,authoritative,The Hanford Site hosts a research center.,controlled_framing_reuse_response,controlled_framing_fixed_response,fixed candidate_response; varied prompt/framing metadata only
fever_108837::neutral,fever_108837,meta-llama/Llama-3.2-1B-Instruct,meta-llama/Llama-3.2-1B-Instruct,REFUTES,neutral,"Kesha was born on March 2nd, 1999.",controlled_framing_reuse_response,controlled_framing_fixed_response,fixed candidate_response; varied prompt/framing metadata only
fever_108837::assertive,fever_108837,meta-llama/Llama-3.2-1B-Instruct,meta-llama/Llama-3.2-1B-Instruct,REFUTES,assertive,"Kesha was born on March 2nd, 1999.",controlled_framing_reuse_response,controlled_framing_fixed_response,fixed candidate_response; varied prompt/framing metadata only
fever_108837::authoritative,fever_108837,meta-llama/Llama-3.2-1B-Instruct,meta-llama/Llama-3.2-1B-Instruct,REFUTES,authoritative,"Kesha was born on March 2nd, 1999.",controlled_framing_reuse_response,controlled_framing_fixed_response,fixed candidate_response; varied prompt/framing metadata only
fever_225303::neutral,fever_225303,meta-llama/Llama-3.2-1B-Instruct,meta-llama/Llama-3.2-1B-Instruct,SUPPORTS,neutral,Michaela Watkins was born in December.,controlled_framing_reuse_response,controlled_framing_fixed_response,fixed candidate_response; varied prompt/framing metadata only
fever_225303::assertive,fever_225303,meta-llama/Llama-3.2-1B-Instruct,meta-llama/Llama-3.2-1B-Instruct,SUPPORTS,assertive,Michaela Watkins was born in December.,controlled_framing_reuse_response,controlled_framing_fixed_response,fixed candidate_response; varied prompt/framing metadata only
fever_225303::authoritative,fever_225303,meta-llama/Llama-3.2-1B-Instruct,meta-llama/Llama-3.2-1B-Instruct,SUPPORTS,authoritative,Michaela Watkins was born in December.,controlled_framing_reuse_response,controlled_framing_fixed_response,fixed candidate_response; varied prompt/framing metadata only
fever_151241::neutral,fever_151241,meta-llama/Llama-3.2-1B-Instruct,meta-llama/Llama-3.2-1B-Instruct,REFUTES,neutral,Garden State was at a corpse exhibition.,controlled_framing_reuse_response,controlled_framing_fixed_response,fixed candidate_response; varied prompt/framing metadata only
fever_151241::assertive,fever_151241,meta-llama/Llama-3.2-1B-Instruct,meta-llama/Llama-3.2-1B-Instruct,REFUTES,assertive,Garden State was at a corpse exhibition.,controlled_framing_reuse_response,controlled_framing_fixed_response,fixed candidate_response; varied prompt/framing metadata only
fever_151241::authoritative,fever_151241,meta-llama/Llama-3.2-1B-Instruct,meta-llama/Llama-3.2-1B-Instruct,REFUTES,authoritative,Garden State was at a corpse exhibition.,controlled_framing_reuse_response,controlled_framing_fixed_response,fixed candidate_response; varied prompt/framing metadata only
fever_7286::neutral,fever_7286,meta-llama/Llama-3.2-1B-Instruct,meta-llama/Llama-3.2-1B-Instruct,REFUTES,neutral,Croatia is incapable of rendering services.,controlled_framing_reuse_response,controlled_framing_fixed_response,fixed candidate_response; varied prompt/framing metadata only
fever_7286::assertive,fever_7286,meta-llama/Llama-3.2-1B-Instruct,meta-llama/Llama-3.2-1B-Instruct,REFUTES,assertive,Croatia is incapable of rendering services.,controlled_framing_reuse_response,controlled_framing_fixed_response,fixed candidate_response; varied prompt/framing metadata only
fever_7286::authoritative,fever_7286,meta-llama/Llama-3.2-1B-Instruct,meta-llama/Llama-3.2-1B-Instruct,REFUTES,authoritative,Croatia is incapable of rendering services.,controlled_framing_reuse_response,controlled_framing_fixed_response,fixed candidate_response; varied prompt/framing metadata only
fever_195033::neutral,fever_195033,meta-llama/Llama-3.2-1B-Instruct,meta-llama/Llama-3.2-1B-Instruct,REFUTES,neutral,Girl is by an American idiot.,controlled_framing_reuse_response,controlled_framing_fixed_response,fixed candidate_response; varied prompt/framing metadata only
fever_195033::assertive,fever_195033,meta-llama/Llama-3.2-1B-Instruct,meta-llama/Llama-3.2-1B-Instruct,REFUTES,assertive,Girl is by an American idiot.,controlled_framing_reuse_response,controlled_framing_fixed_response,fixed candidate_response; varied prompt/framing metadata only
fever_195033::authoritative,fever_195033,meta-llama/Llama-3.2-1B-Instruct,meta-llama/Llama-3.2-1B-Instruct,REFUTES,authoritative,Girl is by an American idiot.,controlled_framing_reuse_response,controlled_framing_fixed_response,fixed candidate_response; varied prompt/framing metadata only
fever_195088::neutral,fever_195088,meta-llama/Llama-3.2-1B-Instruct,meta-llama/Llama-3.2-1B-Instruct,REFUTES,neutral,Albert S. Ruddy is born in 1935.,controlled_framing_reuse_response,controlled_framing_fixed_response,fixed candidate_response; varied prompt/framing metadata only
fever_195088::assertive,fever_195088,meta-llama/Llama-3.2-1B-Instruct,meta-llama/Llama-3.2-1B-Instruct,REFUTES,assertive,Albert S. Ruddy is born in 1935.,controlled_framing_reuse_response,controlled_framing_fixed_response,fixed candidate_response; varied prompt/framing metadata only
fever_195088::authoritative,fever_195088,meta-llama/Llama-3.2-1B-Instruct,meta-llama/Llama-3.2-1B-Instruct,REFUTES,authoritative,Albert S. Ruddy is born in 1935.,controlled_framing_reuse_response,controlled_framing_fixed_response,fixed candidate_response; varied prompt/framing metadata only
fever_47567::neutral,fever_47567,meta-llama/Llama-3.2-1B-Instruct,meta-llama/Llama-3.2-1B-Instruct,NOT ENOUGH INFO,neutral,Pharrell Williams is an author.,controlled_framing_reuse_response,controlled_framing_fixed_response,fixed candidate_response; varied prompt/framing metadata only
fever_47567::assertive,fever_47567,meta-llama/Llama-3.2-1B-Instruct,meta-llama/Llama-3.2-1B-Instruct,NOT ENOUGH INFO,assertive,Pharrell Williams is an author.,controlled_framing_reuse_response,controlled_framing_fixed_response,fixed candidate_response; varied prompt/framing metadata only
fever_47567::authoritative,fever_47567,meta-llama/Llama-3.2-1B-Instruct,meta-llama/Llama-3.2-1B-Instruct,NOT ENOUGH INFO,authoritative,Pharrell Williams is an author.,controlled_framing_reuse_response,controlled_framing_fixed_response,fixed candidate_response; varied prompt/framing metadata only
fever_73814::neutral,fever_73814,meta-llama/Llama-3.2-1B-Instruct,meta-llama/Llama-3.2-1B-Instruct,NOT ENOUGH INFO,neutral,Aparshakti Khurana is a singer.,controlled_framing_reuse_response,controlled_framing_fixed_response,fixed candidate_response; varied prompt/framing metadata only
fever_73814::assertive,fever_73814,meta-llama/Llama-3.2-1B-Instruct,meta-llama/Llama-3.2-1B-Instruct,NOT ENOUGH INFO,assertive,Aparshakti Khurana is a singer.,controlled_framing_reuse_response,controlled_framing_fixed_response,fixed candidate_response; varied prompt/framing metadata only
fever_73814::authoritative,fever_73814,meta-llama/Llama-3.2-1B-Instruct,meta-llama/Llama-3.2-1B-Instruct,NOT ENOUGH INFO,authoritative,Aparshakti Khurana is a singer.,controlled_framing_reuse_response,controlled_framing_fixed_response,fixed candidate_response; varied prompt/framing metadata only
fever_83368::neutral,fever_83368,meta-llama/Llama-3.2-1B-Instruct,meta-llama/Llama-3.2-1B-Instruct,NOT ENOUGH INFO,neutral,Jackie (2016 film) was reviewed by Pablo Larrain.,controlled_framing_reuse_response,controlled_framing_fixed_response,fixed candidate_response; varied prompt/framing metadata only
fever_83368::assertive,fever_83368,meta-llama/Llama-3.2-1B-Instruct,meta-llama/Llama-3.2-1B-Instruct,NOT ENOUGH INFO,assertive,Jackie (2016 film) was reviewed by Pablo Larrain.,controlled_framing_reuse_response,controlled_framing_fixed_response,fixed candidate_response; varied prompt/framing metadata only
fever_83368::authoritative,fever_83368,meta-llama/Llama-3.2-1B-Instruct,meta-llama/Llama-3.2-1B-Instruct,NOT ENOUGH INFO,authoritative,Jackie (2016 film) was reviewed by Pablo Larrain.,controlled_framing_reuse_response,controlled_framing_fixed_response,fixed candidate_response; varied prompt/framing metadata only
fever_184069::neutral,fever_184069,meta-llama/Llama-3.2-1B-Instruct,meta-llama/Llama-3.2-1B-Instruct,SUPPORTS,neutral,Kenneth Lonergan is a person who directs movies.,controlled_framing_reuse_response,controlled_framing_fixed_response,fixed candidate_response; varied prompt/framing metadata only
fever_184069::assertive,fever_184069,meta-llama/Llama-3.2-1B-Instruct,meta-llama/Llama-3.2-1B-Instruct,SUPPORTS,assertive,Kenneth Lonergan is a person who directs movies.,controlled_framing_reuse_response,controlled_framing_fixed_response,fixed candidate_response; varied prompt/framing metadata only
fever_184069::authoritative,fever_184069,meta-llama/Llama-3.2-1B-Instruct,meta-llama/Llama-3.2-1B-Instruct,SUPPORTS,authoritative,Kenneth Lonergan is a person who directs movies.,controlled_framing_reuse_response,controlled_framing_fixed_response,fixed candidate_response; varied prompt/framing metadata only
fever_218474::neutral,fever_218474,meta-llama/Llama-3.2-1B-Instruct,meta-llama/Llama-3.2-1B-Instruct,SUPPORTS,neutral,The Hanford Site hosts a laboratory.,controlled_framing_reuse_response,controlled_framing_fixed_response,fixed candidate_response; varied prompt/framing metadata only
fever_218474::assertive,fever_218474,meta-llama/Llama-3.2-1B-Instruct,meta-llama/Llama-3.2-1B-Instruct,SUPPORTS,assertive,The Hanford Site hosts a laboratory.,controlled_framing_reuse_response,controlled_framing_fixed_response,fixed candidate_response; varied prompt/framing metadata only
fever_218474::authoritative,fever_218474,meta-llama/Llama-3.2-1B-Instruct,meta-llama/Llama-3.2-1B-Instruct,SUPPORTS,authoritative,The Hanford Site hosts a laboratory.,controlled_framing_reuse_response,controlled_framing_fixed_response,fixed candidate_response; varied prompt/framing metadata only
fever_185288::neutral,fever_185288,meta-llama/Llama-3.2-1B-Instruct,meta-llama/Llama-3.2-1B-Instruct,REFUTES,neutral,Bradley Fuller is the sole owner of Platinum Dunes.,controlled_framing_reuse_response,controlled_framing_fixed_response,fixed candidate_response; varied prompt/framing metadata only
fever_185288::assertive,fever_185288,meta-llama/Llama-3.2-1B-Instruct,meta-llama/Llama-3.2-1B-Instruct,REFUTES,assertive,Bradley Fuller is the sole owner of Platinum Dunes.,controlled_framing_reuse_response,controlled_framing_fixed_response,fixed candidate_response; varied prompt/framing metadata only
fever_185288::authoritative,fever_185288,meta-llama/Llama-3.2-1B-Instruct,meta-llama/Llama-3.2-1B-Instruct,REFUTES,authoritative,Bradley Fuller is the sole owner of Platinum Dunes.,controlled_framing_reuse_response,controlled_framing_fixed_response,fixed candidate_response; varied prompt/framing metadata only
fever_205644::neutral,fever_205644,meta-llama/Llama-3.2-1B-Instruct,meta-llama/Llama-3.2-1B-Instruct,NOT ENOUGH INFO,neutral,St. Anger was released on vinyl.,controlled_framing_reuse_response,controlled_framing_fixed_response,fixed candidate_response; varied prompt/framing metadata only
fever_205644::assertive,fever_205644,meta-llama/Llama-3.2-1B-Instruct,meta-llama/Llama-3.2-1B-Instruct,NOT ENOUGH INFO,assertive,St. Anger was released on vinyl.,controlled_framing_reuse_response,controlled_framing_fixed_response,fixed candidate_response; varied prompt/framing metadata only
fever_205644::authoritative,fever_205644,meta-llama/Llama-3.2-1B-Instruct,meta-llama/Llama-3.2-1B-Instruct,NOT ENOUGH INFO,authoritative,St. Anger was released on vinyl.,controlled_framing_reuse_response,controlled_framing_fixed_response,fixed candidate_response; varied prompt/framing metadata only
fever_84669::neutral,fever_84669,meta-llama/Llama-3.2-1B-Instruct,meta-llama/Llama-3.2-1B-Instruct,NOT ENOUGH INFO,neutral,Chile is in the northern hemisphere.,controlled_framing_reuse_response,controlled_framing_fixed_response,fixed candidate_response; varied prompt/framing metadata only
fever_84669::assertive,fever_84669,meta-llama/Llama-3.2-1B-Instruct,meta-llama/Llama-3.2-1B-Instruct,NOT ENOUGH INFO,assertive,Chile is in the northern hemisphere.,controlled_framing_reuse_response,controlled_framing_fixed_response,fixed candidate_response; varied prompt/framing metadata only
fever_84669::authoritative,fever_84669,meta-llama/Llama-3.2-1B-Instruct,meta-llama/Llama-3.2-1B-Instruct,NOT ENOUGH INFO,authoritative,Chile is in the northern hemisphere.,controlled_framing_reuse_response,controlled_framing_fixed_response,fixed candidate_response; varied prompt/framing metadata only
fever_195840::neutral,fever_195840,meta-llama/Llama-3.2-1B-Instruct,meta-llama/Llama-3.2-1B-Instruct,NOT ENOUGH INFO,neutral,Jeong Hyeong-don is a stand-up comedian.,controlled_framing_reuse_response,controlled_framing_fixed_response,fixed candidate_response; varied prompt/framing metadata only
fever_195840::assertive,fever_195840,meta-llama/Llama-3.2-1B-Instruct,meta-llama/Llama-3.2-1B-Instruct,NOT ENOUGH INFO,assertive,Jeong Hyeong-don is a stand-up comedian.,controlled_framing_reuse_response,controlled_framing_fixed_response,fixed candidate_response; varied prompt/framing metadata only
fever_195840::authoritative,fever_195840,meta-llama/Llama-3.2-1B-Instruct,meta-llama/Llama-3.2-1B-Instruct,NOT ENOUGH INFO,authoritative,Jeong Hyeong-don is a stand-up comedian.,controlled_framing_reuse_response,controlled_framing_fixed_response,fixed candidate_response; varied prompt/framing metadata only
fever_127956::neutral,fever_127956,meta-llama/Llama-3.2-1B-Instruct,meta-llama/Llama-3.2-1B-Instruct,SUPPORTS,neutral,Pearl Jam plays music.,controlled_framing_reuse_response,controlled_framing_fixed_response,fixed candidate_response; varied prompt/framing metadata only
fever_127956::assertive,fever_127956,meta-llama/Llama-3.2-1B-Instruct,meta-llama/Llama-3.2-1B-Instruct,SUPPORTS,assertive,Pearl Jam plays music.,controlled_framing_reuse_response,controlled_framing_fixed_response,fixed candidate_response; varied prompt/framing metadata only
fever_127956::authoritative,fever_127956,meta-llama/Llama-3.2-1B-Instruct,meta-llama/Llama-3.2-1B-Instruct,SUPPORTS,authoritative,Pearl Jam plays music.,controlled_framing_reuse_response,controlled_framing_fixed_response,fixed candidate_response; varied prompt/framing metadata only
fever_30559::neutral,fever_30559,meta-llama/Llama-3.2-1B-Instruct,meta-llama/Llama-3.2-1B-Instruct,NOT ENOUGH INFO,neutral,Shane McMahon has not announced retirement.,controlled_framing_reuse_response,controlled_framing_fixed_response,fixed candidate_response; varied prompt/framing metadata only
fever_30559::assertive,fever_30559,meta-llama/Llama-3.2-1B-Instruct,meta-llama/Llama-3.2-1B-Instruct,NOT ENOUGH INFO,assertive,Shane McMahon has not announced retirement.,controlled_framing_reuse_response,controlled_framing_fixed_response,fixed candidate_response; varied prompt/framing metadata only
fever_30559::authoritative,fever_30559,meta-llama/Llama-3.2-1B-Instruct,meta-llama/Llama-3.2-1B-Instruct,NOT ENOUGH INFO,authoritative,Shane McMahon has not announced retirement.,controlled_framing_reuse_response,controlled_framing_fixed_response,fixed candidate_response; varied prompt/framing metadata only
fever_3033::neutral,fever_3033,meta-llama/Llama-3.2-1B-Instruct,meta-llama/Llama-3.2-1B-Instruct,REFUTES,neutral,The Gifted is from outside of America.,controlled_framing_reuse_response,controlled_framing_fixed_response,fixed candidate_response; varied prompt/framing metadata only
fever_3033::assertive,fever_3033,meta-llama/Llama-3.2-1B-Instruct,meta-llama/Llama-3.2-1B-Instruct,REFUTES,assertive,The Gifted is from outside of America.,controlled_framing_reuse_response,controlled_framing_fixed_response,fixed candidate_response; varied prompt/framing metadata only
fever_3033::authoritative,fever_3033,meta-llama/Llama-3.2-1B-Instruct,meta-llama/Llama-3.2-1B-Instruct,REFUTES,authoritative,The Gifted is from outside of America.,controlled_framing_reuse_response,controlled_framing_fixed_response,fixed candidate_response; varied prompt/framing metadata only
fever_172776::neutral,fever_172776,meta-llama/Llama-3.2-1B-Instruct,meta-llama/Llama-3.2-1B-Instruct,REFUTES,neutral,The Beach was released in 2001.,controlled_framing_reuse_response,controlled_framing_fixed_response,fixed candidate_response; varied prompt/framing metadata only
fever_172776::assertive,fever_172776,meta-llama/Llama-3.2-1B-Instruct,meta-llama/Llama-3.2-1B-Instruct,REFUTES,assertive,The Beach was released in 2001.,controlled_framing_reuse_response,controlled_framing_fixed_response,fixed candidate_response; varied prompt/framing metadata only
fever_172776::authoritative,fever_172776,meta-llama/Llama-3.2-1B-Instruct,meta-llama/Llama-3.2-1B-Instruct,REFUTES,authoritative,The Beach was released in 2001.,controlled_framing_reuse_response,controlled_framing_fixed_response,fixed candidate_response; varied prompt/framing metadata only
fever_229304::neutral,fever_229304,meta-llama/Llama-3.2-1B-Instruct,meta-llama/Llama-3.2-1B-Instruct,SUPPORTS,neutral,A working animal can perform tasks after being trained.,controlled_framing_reuse_response,controlled_framing_fixed_response,fixed candidate_response; varied prompt/framing metadata only
fever_229304::assertive,fever_229304,meta-llama/Llama-3.2-1B-Instruct,meta-llama/Llama-3.2-1B-Instruct,SUPPORTS,assertive,A working animal can perform tasks after being trained.,controlled_framing_reuse_response,controlled_framing_fixed_response,fixed candidate_response; varied prompt/framing metadata only
fever_229304::authoritative,fever_229304,meta-llama/Llama-3.2-1B-Instruct,meta-llama/Llama-3.2-1B-Instruct,SUPPORTS,authoritative,A working animal can perform tasks after being trained.,controlled_framing_reuse_response,controlled_framing_fixed_response,fixed candidate_response; varied prompt/framing metadata only
fever_113799::neutral,fever_113799,meta-llama/Llama-3.2-1B-Instruct,meta-llama/Llama-3.2-1B-Instruct,NOT ENOUGH INFO,neutral,The Bloods have distinctive spoon signs.,controlled_framing_reuse_response,controlled_framing_fixed_response,fixed candidate_response; varied prompt/framing metadata only
fever_113799::assertive,fever_113799,meta-llama/Llama-3.2-1B-Instruct,meta-llama/Llama-3.2-1B-Instruct,NOT ENOUGH INFO,assertive,The Bloods have distinctive spoon signs.,controlled_framing_reuse_response,controlled_framing_fixed_response,fixed candidate_response; varied prompt/framing metadata only
fever_113799::authoritative,fever_113799,meta-llama/Llama-3.2-1B-Instruct,meta-llama/Llama-3.2-1B-Instruct,NOT ENOUGH INFO,authoritative,The Bloods have distinctive spoon signs.,controlled_framing_reuse_response,controlled_framing_fixed_response,fixed candidate_response; varied prompt/framing metadata only
fever_96401::neutral,fever_96401,meta-llama/Llama-3.2-1B-Instruct,meta-llama/Llama-3.2-1B-Instruct,REFUTES,neutral,Proponents of globalism tend to advocate for decreases in immigration.,controlled_framing_reuse_response,controlled_framing_fixed_response,fixed candidate_response; varied prompt/framing metadata only
fever_96401::assertive,fever_96401,meta-llama/Llama-3.2-1B-Instruct,meta-llama/Llama-3.2-1B-Instruct,REFUTES,assertive,Proponents of globalism tend to advocate for decreases in immigration.,controlled_framing_reuse_response,controlled_framing_fixed_response,fixed candidate_response; varied prompt/framing metadata only
fever_96401::authoritative,fever_96401,meta-llama/Llama-3.2-1B-Instruct,meta-llama/Llama-3.2-1B-Instruct,REFUTES,authoritative,Proponents of globalism tend to advocate for decreases in immigration.,controlled_framing_reuse_response,controlled_framing_fixed_response,fixed candidate_response; varied prompt/framing metadata only
fever_33782::neutral,fever_33782,meta-llama/Llama-3.2-1B-Instruct,meta-llama/Llama-3.2-1B-Instruct,NOT ENOUGH INFO,neutral,Eric Bana is a professional comic.,controlled_framing_reuse_response,controlled_framing_fixed_response,fixed candidate_response; varied prompt/framing metadata only
fever_33782::assertive,fever_33782,meta-llama/Llama-3.2-1B-Instruct,meta-llama/Llama-3.2-1B-Instruct,NOT ENOUGH INFO,assertive,Eric Bana is a professional comic.,controlled_framing_reuse_response,controlled_framing_fixed_response,fixed candidate_response; varied prompt/framing metadata only
fever_33782::authoritative,fever_33782,meta-llama/Llama-3.2-1B-Instruct,meta-llama/Llama-3.2-1B-Instruct,NOT ENOUGH INFO,authoritative,Eric Bana is a professional comic.,controlled_framing_reuse_response,controlled_framing_fixed_response,fixed candidate_response; varied prompt/framing metadata only
fever_127233::neutral,fever_127233,meta-llama/Llama-3.2-1B-Instruct,meta-llama/Llama-3.2-1B-Instruct,REFUTES,neutral,Alvin and the Chipmunks is exclusively audio.,controlled_framing_reuse_response,controlled_framing_fixed_response,fixed candidate_response; varied prompt/framing metadata only
fever_127233::assertive,fever_127233,meta-llama/Llama-3.2-1B-Instruct,meta-llama/Llama-3.2-1B-Instruct,REFUTES,assertive,Alvin and the Chipmunks is exclusively audio.,controlled_framing_reuse_response,controlled_framing_fixed_response,fixed candidate_response; varied prompt/framing metadata only
fever_127233::authoritative,fever_127233,meta-llama/Llama-3.2-1B-Instruct,meta-llama/Llama-3.2-1B-Instruct,REFUTES,authoritative,Alvin and the Chipmunks is exclusively audio.,controlled_framing_reuse_response,controlled_framing_fixed_response,fixed candidate_response; varied prompt/framing metadata only
fever_117010::neutral,fever_117010,meta-llama/Llama-3.2-1B-Instruct,meta-llama/Llama-3.2-1B-Instruct,NOT ENOUGH INFO,neutral,2 Hearts was the first commercial single since Minogue was diagnosed with lung cancer.,controlled_framing_reuse_response,controlled_framing_fixed_response,fixed candidate_response; varied prompt/framing metadata only
fever_117010::assertive,fever_117010,meta-llama/Llama-3.2-1B-Instruct,meta-llama/Llama-3.2-1B-Instruct,NOT ENOUGH INFO,assertive,2 Hearts was the first commercial single since Minogue was diagnosed with lung cancer.,controlled_framing_reuse_response,controlled_framing_fixed_response,fixed candidate_response; varied prompt/framing metadata only
fever_117010::authoritative,fever_117010,meta-llama/Llama-3.2-1B-Instruct,meta-llama/Llama-3.2-1B-Instruct,NOT ENOUGH INFO,authoritative,2 Hearts was the first commercial single since Minogue was diagnosed with lung cancer.,controlled_framing_reuse_response,controlled_framing_fixed_response,fixed candidate_response; varied prompt/framing metadata only
fever_58140::neutral,fever_58140,meta-llama/Llama-3.2-1B-Instruct,meta-llama/Llama-3.2-1B-Instruct,REFUTES,neutral,Mad Max: Fury Road was released in 2010.,controlled_framing_reuse_response,controlled_framing_fixed_response,fixed candidate_response; varied prompt/framing metadata only
fever_58140::assertive,fever_58140,meta-llama/Llama-3.2-1B-Instruct,meta-llama/Llama-3.2-1B-Instruct,REFUTES,assertive,Mad Max: Fury Road was released in 2010.,controlled_framing_reuse_response,controlled_framing_fixed_response,fixed candidate_response; varied prompt/framing metadata only
fever_58140::authoritative,fever_58140,meta-llama/Llama-3.2-1B-Instruct,meta-llama/Llama-3.2-1B-Instruct,REFUTES,authoritative,Mad Max: Fury Road was released in 2010.,controlled_framing_reuse_response,controlled_framing_fixed_response,fixed candidate_response; varied prompt/framing metadata only
fever_127166::neutral,fever_127166,meta-llama/Llama-3.2-1B-Instruct,meta-llama/Llama-3.2-1B-Instruct,SUPPORTS,neutral,Alvin and the Chipmunks was directed in America.,controlled_framing_reuse_response,controlled_framing_fixed_response,fixed candidate_response; varied prompt/framing metadata only
fever_127166::assertive,fever_127166,meta-llama/Llama-3.2-1B-Instruct,meta-llama/Llama-3.2-1B-Instruct,SUPPORTS,assertive,Alvin and the Chipmunks was directed in America.,controlled_framing_reuse_response,controlled_framing_fixed_response,fixed candidate_response; varied prompt/framing metadata only
fever_127166::authoritative,fever_127166,meta-llama/Llama-3.2-1B-Instruct,meta-llama/Llama-3.2-1B-Instruct,SUPPORTS,authoritative,Alvin and the Chipmunks was directed in America.,controlled_framing_reuse_response,controlled_framing_fixed_response,fixed candidate_response; varied prompt/framing metadata only
fever_167176::neutral,fever_167176,meta-llama/Llama-3.2-1B-Instruct,meta-llama/Llama-3.2-1B-Instruct,NOT ENOUGH INFO,neutral,Westworld's first season features Kevin Spacey.,controlled_framing_reuse_response,controlled_framing_fixed_response,fixed candidate_response; varied prompt/framing metadata only
fever_167176::assertive,fever_167176,meta-llama/Llama-3.2-1B-Instruct,meta-llama/Llama-3.2-1B-Instruct,NOT ENOUGH INFO,assertive,Westworld's first season features Kevin Spacey.,controlled_framing_reuse_response,controlled_framing_fixed_response,fixed candidate_response; varied prompt/framing metadata only
fever_167176::authoritative,fever_167176,meta-llama/Llama-3.2-1B-Instruct,meta-llama/Llama-3.2-1B-Instruct,NOT ENOUGH INFO,authoritative,Westworld's first season features Kevin Spacey.,controlled_framing_reuse_response,controlled_framing_fixed_response,fixed candidate_response; varied prompt/framing metadata only
fever_162427::neutral,fever_162427,meta-llama/Llama-3.2-1B-Instruct,meta-llama/Llama-3.2-1B-Instruct,NOT ENOUGH INFO,neutral,The Suite Life of Zack & Cody was created by John Wayne.,controlled_framing_reuse_response,controlled_framing_fixed_response,fixed candidate_response; varied prompt/framing metadata only
fever_162427::assertive,fever_162427,meta-llama/Llama-3.2-1B-Instruct,meta-llama/Llama-3.2-1B-Instruct,NOT ENOUGH INFO,assertive,The Suite Life of Zack & Cody was created by John Wayne.,controlled_framing_reuse_response,controlled_framing_fixed_response,fixed candidate_response; varied prompt/framing metadata only
fever_162427::authoritative,fever_162427,meta-llama/Llama-3.2-1B-Instruct,meta-llama/Llama-3.2-1B-Instruct,NOT ENOUGH INFO,authoritative,The Suite Life of Zack & Cody was created by John Wayne.,controlled_framing_reuse_response,controlled_framing_fixed_response,fixed candidate_response; varied prompt/framing metadata only
fever_73041::neutral,fever_73041,meta-llama/Llama-3.2-1B-Instruct,meta-llama/Llama-3.2-1B-Instruct,NOT ENOUGH INFO,neutral,Parkinson's disease causes slowness of voluntary movement.,controlled_framing_reuse_response,controlled_framing_fixed_response,fixed candidate_response; varied prompt/framing metadata only
fever_73041::assertive,fever_73041,meta-llama/Llama-3.2-1B-Instruct,meta-llama/Llama-3.2-1B-Instruct,NOT ENOUGH INFO,assertive,Parkinson's disease causes slowness of voluntary movement.,controlled_framing_reuse_response,controlled_framing_fixed_response,fixed candidate_response; varied prompt/framing metadata only
fever_73041::authoritative,fever_73041,meta-llama/Llama-3.2-1B-Instruct,meta-llama/Llama-3.2-1B-Instruct,NOT ENOUGH INFO,authoritative,Parkinson's disease causes slowness of voluntary movement.,controlled_framing_reuse_response,controlled_framing_fixed_response,fixed candidate_response; varied prompt/framing metadata only
fever_203044::neutral,fever_203044,meta-llama/Llama-3.2-1B-Instruct,meta-llama/Llama-3.2-1B-Instruct,SUPPORTS,neutral,Akon is a musician.,controlled_framing_reuse_response,controlled_framing_fixed_response,fixed candidate_response; varied prompt/framing metadata only
fever_203044::assertive,fever_203044,meta-llama/Llama-3.2-1B-Instruct,meta-llama/Llama-3.2-1B-Instruct,SUPPORTS,assertive,Akon is a musician.,controlled_framing_reuse_response,controlled_framing_fixed_response,fixed candidate_response; varied prompt/framing metadata only
fever_203044::authoritative,fever_203044,meta-llama/Llama-3.2-1B-Instruct,meta-llama/Llama-3.2-1B-Instruct,SUPPORTS,authoritative,Akon is a musician.,controlled_framing_reuse_response,controlled_framing_fixed_response,fixed candidate_response; varied prompt/framing metadata only
fever_181266::neutral,fever_181266,meta-llama/Llama-3.2-1B-Instruct,meta-llama/Llama-3.2-1B-Instruct,REFUTES,neutral,Sean Gunn has no experience as an actor.,controlled_framing_reuse_response,controlled_framing_fixed_response,fixed candidate_response; varied prompt/framing metadata only
fever_181266::assertive,fever_181266,meta-llama/Llama-3.2-1B-Instruct,meta-llama/Llama-3.2-1B-Instruct,REFUTES,assertive,Sean Gunn has no experience as an actor.,controlled_framing_reuse_response,controlled_framing_fixed_response,fixed candidate_response; varied prompt/framing metadata only
fever_181266::authoritative,fever_181266,meta-llama/Llama-3.2-1B-Instruct,meta-llama/Llama-3.2-1B-Instruct,REFUTES,authoritative,Sean Gunn has no experience as an actor.,controlled_framing_reuse_response,controlled_framing_fixed_response,fixed candidate_response; varied prompt/framing metadata only
fever_16394::neutral,fever_16394,meta-llama/Llama-3.2-1B-Instruct,meta-llama/Llama-3.2-1B-Instruct,SUPPORTS,neutral,Google Search can find stock quotes.,controlled_framing_reuse_response,controlled_framing_fixed_response,fixed candidate_response; varied prompt/framing metadata only
fever_16394::assertive,fever_16394,meta-llama/Llama-3.2-1B-Instruct,meta-llama/Llama-3.2-1B-Instruct,SUPPORTS,assertive,Google Search can find stock quotes.,controlled_framing_reuse_response,controlled_framing_fixed_response,fixed candidate_response; varied prompt/framing metadata only
fever_16394::authoritative,fever_16394,meta-llama/Llama-3.2-1B-Instruct,meta-llama/Llama-3.2-1B-Instruct,SUPPORTS,authoritative,Google Search can find stock quotes.,controlled_framing_reuse_response,controlled_framing_fixed_response,fixed candidate_response; varied prompt/framing metadata only
fever_35406::neutral,fever_35406,meta-llama/Llama-3.2-1B-Instruct,meta-llama/Llama-3.2-1B-Instruct,REFUTES,neutral,Heaven Can Wait came out before Here Comes Mr. Jordan.,controlled_framing_reuse_response,controlled_framing_fixed_response,fixed candidate_response; varied prompt/framing metadata only
fever_35406::assertive,fever_35406,meta-llama/Llama-3.2-1B-Instruct,meta-llama/Llama-3.2-1B-Instruct,REFUTES,assertive,Heaven Can Wait came out before Here Comes Mr. Jordan.,controlled_framing_reuse_response,controlled_framing_fixed_response,fixed candidate_response; varied prompt/framing metadata only
fever_35406::authoritative,fever_35406,meta-llama/Llama-3.2-1B-Instruct,meta-llama/Llama-3.2-1B-Instruct,REFUTES,authoritative,Heaven Can Wait came out before Here Comes Mr. Jordan.,controlled_framing_reuse_response,controlled_framing_fixed_response,fixed candidate_response; varied prompt/framing metadata only
fever_16791::neutral,fever_16791,meta-llama/Llama-3.2-1B-Instruct,meta-llama/Llama-3.2-1B-Instruct,NOT ENOUGH INFO,neutral,Kate Walsh was on an NBC reality show.,controlled_framing_reuse_response,controlled_framing_fixed_response,fixed candidate_response; varied prompt/framing metadata only
fever_16791::assertive,fever_16791,meta-llama/Llama-3.2-1B-Instruct,meta-llama/Llama-3.2-1B-Instruct,NOT ENOUGH INFO,assertive,Kate Walsh was on an NBC reality show.,controlled_framing_reuse_response,controlled_framing_fixed_response,fixed candidate_response; varied prompt/framing metadata only
fever_16791::authoritative,fever_16791,meta-llama/Llama-3.2-1B-Instruct,meta-llama/Llama-3.2-1B-Instruct,NOT ENOUGH INFO,authoritative,Kate Walsh was on an NBC reality show.,controlled_framing_reuse_response,controlled_framing_fixed_response,fixed candidate_response; varied prompt/framing metadata only
fever_79394::neutral,fever_79394,meta-llama/Llama-3.2-1B-Instruct,meta-llama/Llama-3.2-1B-Instruct,NOT ENOUGH INFO,neutral,P.S I Love You (film) is a drama based television show.,controlled_framing_reuse_response,controlled_framing_fixed_response,fixed candidate_response; varied prompt/framing metadata only
fever_79394::assertive,fever_79394,meta-llama/Llama-3.2-1B-Instruct,meta-llama/Llama-3.2-1B-Instruct,NOT ENOUGH INFO,assertive,P.S I Love You (film) is a drama based television show.,controlled_framing_reuse_response,controlled_framing_fixed_response,fixed candidate_response; varied prompt/framing metadata only
fever_79394::authoritative,fever_79394,meta-llama/Llama-3.2-1B-Instruct,meta-llama/Llama-3.2-1B-Instruct,NOT ENOUGH INFO,authoritative,P.S I Love You (film) is a drama based television show.,controlled_framing_reuse_response,controlled_framing_fixed_response,fixed candidate_response; varied prompt/framing metadata only
fever_62826::neutral,fever_62826,meta-llama/Llama-3.2-1B-Instruct,meta-llama/Llama-3.2-1B-Instruct,REFUTES,neutral,Python lacks support for imperative programing.,controlled_framing_reuse_response,controlled_framing_fixed_response,fixed candidate_response; varied prompt/framing metadata only
fever_62826::assertive,fever_62826,meta-llama/Llama-3.2-1B-Instruct,meta-llama/Llama-3.2-1B-Instruct,REFUTES,assertive,Python lacks support for imperative programing.,controlled_framing_reuse_response,controlled_framing_fixed_response,fixed candidate_response; varied prompt/framing metadata only
fever_62826::authoritative,fever_62826,meta-llama/Llama-3.2-1B-Instruct,meta-llama/Llama-3.2-1B-Instruct,REFUTES,authoritative,Python lacks support for imperative programing.,controlled_framing_reuse_response,controlled_framing_fixed_response,fixed candidate_response; varied prompt/framing metadata only
fever_26819::neutral,fever_26819,meta-llama/Llama-3.2-1B-Instruct,meta-llama/Llama-3.2-1B-Instruct,SUPPORTS,neutral,"Charles Howard Hinton was a mathematician from Britain, although he died in America.",controlled_framing_reuse_response,controlled_framing_fixed_response,fixed candidate_response; varied prompt/framing metadata only
fever_26819::assertive,fever_26819,meta-llama/Llama-3.2-1B-Instruct,meta-llama/Llama-3.2-1B-Instruct,SUPPORTS,assertive,"Charles Howard Hinton was a mathematician from Britain, although he died in America.",controlled_framing_reuse_response,controlled_framing_fixed_response,fixed candidate_response; varied prompt/framing metadata only
fever_26819::authoritative,fever_26819,meta-llama/Llama-3.2-1B-Instruct,meta-llama/Llama-3.2-1B-Instruct,SUPPORTS,authoritative,"Charles Howard Hinton was a mathematician from Britain, although he died in America.",controlled_framing_reuse_response,controlled_framing_fixed_response,fixed candidate_response; varied prompt/framing metadata only
fever_85301::neutral,fever_85301,meta-llama/Llama-3.2-1B-Instruct,meta-llama/Llama-3.2-1B-Instruct,SUPPORTS,neutral,Solanum contains plants with ornamental roses.,controlled_framing_reuse_response,controlled_framing_fixed_response,fixed candidate_response; varied prompt/framing metadata only
fever_85301::assertive,fever_85301,meta-llama/Llama-3.2-1B-Instruct,meta-llama/Llama-3.2-1B-Instruct,SUPPORTS,assertive,Solanum contains plants with ornamental roses.,controlled_framing_reuse_response,controlled_framing_fixed_response,fixed candidate_response; varied prompt/framing metadata only
fever_85301::authoritative,fever_85301,meta-llama/Llama-3.2-1B-Instruct,meta-llama/Llama-3.2-1B-Instruct,SUPPORTS,authoritative,Solanum contains plants with ornamental roses.,controlled_framing_reuse_response,controlled_framing_fixed_response,fixed candidate_response; varied prompt/framing metadata only
fever_206021::neutral,fever_206021,meta-llama/Llama-3.2-1B-Instruct,meta-llama/Llama-3.2-1B-Instruct,SUPPORTS,neutral,There is a show called The Office (US).,controlled_framing_reuse_response,controlled_framing_fixed_response,fixed candidate_response; varied prompt/framing metadata only
fever_206021::assertive,fever_206021,meta-llama/Llama-3.2-1B-Instruct,meta-llama/Llama-3.2-1B-Instruct,SUPPORTS,assertive,There is a show called The Office (US).,controlled_framing_reuse_response,controlled_framing_fixed_response,fixed candidate_response; varied prompt/framing metadata only
fever_206021::authoritative,fever_206021,meta-llama/Llama-3.2-1B-Instruct,meta-llama/Llama-3.2-1B-Instruct,SUPPORTS,authoritative,There is a show called The Office (US).,controlled_framing_reuse_response,controlled_framing_fixed_response,fixed candidate_response; varied prompt/framing metadata only
fever_174630::neutral,fever_174630,meta-llama/Llama-3.2-1B-Instruct,meta-llama/Llama-3.2-1B-Instruct,REFUTES,neutral,The X-Files refused to cast David Duchovny.,controlled_framing_reuse_response,controlled_framing_fixed_response,fixed candidate_response; varied prompt/framing metadata only
fever_174630::assertive,fever_174630,meta-llama/Llama-3.2-1B-Instruct,meta-llama/Llama-3.2-1B-Instruct,REFUTES,assertive,The X-Files refused to cast David Duchovny.,controlled_framing_reuse_response,controlled_framing_fixed_response,fixed candidate_response; varied prompt/framing metadata only
fever_174630::authoritative,fever_174630,meta-llama/Llama-3.2-1B-Instruct,meta-llama/Llama-3.2-1B-Instruct,REFUTES,authoritative,The X-Files refused to cast David Duchovny.,controlled_framing_reuse_response,controlled_framing_fixed_response,fixed candidate_response; varied prompt/framing metadata only
fever_194439::neutral,fever_194439,meta-llama/Llama-3.2-1B-Instruct,meta-llama/Llama-3.2-1B-Instruct,SUPPORTS,neutral,The Indiana Pacers were in the American Basketball Association.,controlled_framing_reuse_response,controlled_framing_fixed_response,fixed candidate_response; varied prompt/framing metadata only
fever_194439::assertive,fever_194439,meta-llama/Llama-3.2-1B-Instruct,meta-llama/Llama-3.2-1B-Instruct,SUPPORTS,assertive,The Indiana Pacers were in the American Basketball Association.,controlled_framing_reuse_response,controlled_framing_fixed_response,fixed candidate_response; varied prompt/framing metadata only
fever_194439::authoritative,fever_194439,meta-llama/Llama-3.2-1B-Instruct,meta-llama/Llama-3.2-1B-Instruct,SUPPORTS,authoritative,The Indiana Pacers were in the American Basketball Association.,controlled_framing_reuse_response,controlled_framing_fixed_response,fixed candidate_response; varied prompt/framing metadata only
fever_91302::neutral,fever_91302,meta-llama/Llama-3.2-1B-Instruct,meta-llama/Llama-3.2-1B-Instruct,NOT ENOUGH INFO,neutral,A polynomial consists of coefficients and is important to math.,controlled_framing_reuse_response,controlled_framing_fixed_response,fixed candidate_response; varied prompt/framing metadata only
fever_91302::assertive,fever_91302,meta-llama/Llama-3.2-1B-Instruct,meta-llama/Llama-3.2-1B-Instruct,NOT ENOUGH INFO,assertive,A polynomial consists of coefficients and is important to math.,controlled_framing_reuse_response,controlled_framing_fixed_response,fixed candidate_response; varied prompt/framing metadata only
fever_91302::authoritative,fever_91302,meta-llama/Llama-3.2-1B-Instruct,meta-llama/Llama-3.2-1B-Instruct,NOT ENOUGH INFO,authoritative,A polynomial consists of coefficients and is important to math.,controlled_framing_reuse_response,controlled_framing_fixed_response,fixed candidate_response; varied prompt/framing metadata only
fever_67047::neutral,fever_67047,meta-llama/Llama-3.2-1B-Instruct,meta-llama/Llama-3.2-1B-Instruct,SUPPORTS,neutral,Jonah Hill ranked 28th on Forbes magazine's list of world's highest paid actors from June 2014 to June 2015.,controlled_framing_reuse_response,controlled_framing_fixed_response,fixed candidate_response; varied prompt/framing metadata only
fever_67047::assertive,fever_67047,meta-llama/Llama-3.2-1B-Instruct,meta-llama/Llama-3.2-1B-Instruct,SUPPORTS,assertive,Jonah Hill ranked 28th on Forbes magazine's list of world's highest paid actors from June 2014 to June 2015.,controlled_framing_reuse_response,controlled_framing_fixed_response,fixed candidate_response; varied prompt/framing metadata only
fever_67047::authoritative,fever_67047,meta-llama/Llama-3.2-1B-Instruct,meta-llama/Llama-3.2-1B-Instruct,SUPPORTS,authoritative,Jonah Hill ranked 28th on Forbes magazine's list of world's highest paid actors from June 2014 to June 2015.,controlled_framing_reuse_response,controlled_framing_fixed_response,fixed candidate_response; varied prompt/framing metadata only
fever_164520::neutral,fever_164520,meta-llama/Llama-3.2-1B-Instruct,meta-llama/Llama-3.2-1B-Instruct,NOT ENOUGH INFO,neutral,The Nobel Prize in Chemistry was awarded to a person from a forest.,controlled_framing_reuse_response,controlled_framing_fixed_response,fixed candidate_response; varied prompt/framing metadata only
fever_164520::assertive,fever_164520,meta-llama/Llama-3.2-1B-Instruct,meta-llama/Llama-3.2-1B-Instruct,NOT ENOUGH INFO,assertive,The Nobel Prize in Chemistry was awarded to a person from a forest.,controlled_framing_reuse_response,controlled_framing_fixed_response,fixed candidate_response; varied prompt/framing metadata only
fever_164520::authoritative,fever_164520,meta-llama/Llama-3.2-1B-Instruct,meta-llama/Llama-3.2-1B-Instruct,NOT ENOUGH INFO,authoritative,The Nobel Prize in Chemistry was awarded to a person from a forest.,controlled_framing_reuse_response,controlled_framing_fixed_response,fixed candidate_response; varied prompt/framing metadata only
fever_8824::neutral,fever_8824,meta-llama/Llama-3.2-1B-Instruct,meta-llama/Llama-3.2-1B-Instruct,NOT ENOUGH INFO,neutral,"Shomu Mukherjee died on April 10, 2008 at his home in Massachusetts.",controlled_framing_reuse_response,controlled_framing_fixed_response,fixed candidate_response; varied prompt/framing metadata only
fever_8824::assertive,fever_8824,meta-llama/Llama-3.2-1B-Instruct,meta-llama/Llama-3.2-1B-Instruct,NOT ENOUGH INFO,assertive,"Shomu Mukherjee died on April 10, 2008 at his home in Massachusetts.",controlled_framing_reuse_response,controlled_framing_fixed_response,fixed candidate_response; varied prompt/framing metadata only
fever_8824::authoritative,fever_8824,meta-llama/Llama-3.2-1B-Instruct,meta-llama/Llama-3.2-1B-Instruct,NOT ENOUGH INFO,authoritative,"Shomu Mukherjee died on April 10, 2008 at his home in Massachusetts.",controlled_framing_reuse_response,controlled_framing_fixed_response,fixed candidate_response; varied prompt/framing metadata only
fever_68539::neutral,fever_68539,meta-llama/Llama-3.2-1B-Instruct,meta-llama/Llama-3.2-1B-Instruct,REFUTES,neutral,Gray Matters was released in 1906.,controlled_framing_reuse_response,controlled_framing_fixed_response,fixed candidate_response; varied prompt/framing metadata only
fever_68539::assertive,fever_68539,meta-llama/Llama-3.2-1B-Instruct,meta-llama/Llama-3.2-1B-Instruct,REFUTES,assertive,Gray Matters was released in 1906.,controlled_framing_reuse_response,controlled_framing_fixed_response,fixed candidate_response; varied prompt/framing metadata only
fever_68539::authoritative,fever_68539,meta-llama/Llama-3.2-1B-Instruct,meta-llama/Llama-3.2-1B-Instruct,REFUTES,authoritative,Gray Matters was released in 1906.,controlled_framing_reuse_response,controlled_framing_fixed_response,fixed candidate_response; varied prompt/framing metadata only
fever_131409::neutral,fever_131409,meta-llama/Llama-3.2-1B-Instruct,meta-llama/Llama-3.2-1B-Instruct,REFUTES,neutral,The Africa Cup of Nations is held in even-numbered years.,controlled_framing_reuse_response,controlled_framing_fixed_response,fixed candidate_response; varied prompt/framing metadata only
fever_131409::assertive,fever_131409,meta-llama/Llama-3.2-1B-Instruct,meta-llama/Llama-3.2-1B-Instruct,REFUTES,assertive,The Africa Cup of Nations is held in even-numbered years.,controlled_framing_reuse_response,controlled_framing_fixed_response,fixed candidate_response; varied prompt/framing metadata only
fever_131409::authoritative,fever_131409,meta-llama/Llama-3.2-1B-Instruct,meta-llama/Llama-3.2-1B-Instruct,REFUTES,authoritative,The Africa Cup of Nations is held in even-numbered years.,controlled_framing_reuse_response,controlled_framing_fixed_response,fixed candidate_response; varied prompt/framing metadata only
fever_98879::neutral,fever_98879,meta-llama/Llama-3.2-1B-Instruct,meta-llama/Llama-3.2-1B-Instruct,REFUTES,neutral,Pocahontas was the mother of Powhatan.,controlled_framing_reuse_response,controlled_framing_fixed_response,fixed candidate_response; varied prompt/framing metadata only
fever_98879::assertive,fever_98879,meta-llama/Llama-3.2-1B-Instruct,meta-llama/Llama-3.2-1B-Instruct,REFUTES,assertive,Pocahontas was the mother of Powhatan.,controlled_framing_reuse_response,controlled_framing_fixed_response,fixed candidate_response; varied prompt/framing metadata only
fever_98879::authoritative,fever_98879,meta-llama/Llama-3.2-1B-Instruct,meta-llama/Llama-3.2-1B-Instruct,REFUTES,authoritative,Pocahontas was the mother of Powhatan.,controlled_framing_reuse_response,controlled_framing_fixed_response,fixed candidate_response; varied prompt/framing metadata only
fever_62368::neutral,fever_62368,meta-llama/Llama-3.2-1B-Instruct,meta-llama/Llama-3.2-1B-Instruct,SUPPORTS,neutral,Pharmacology is classified as a biomedical science.,controlled_framing_reuse_response,controlled_framing_fixed_response,fixed candidate_response; varied prompt/framing metadata only
fever_62368::assertive,fever_62368,meta-llama/Llama-3.2-1B-Instruct,meta-llama/Llama-3.2-1B-Instruct,SUPPORTS,assertive,Pharmacology is classified as a biomedical science.,controlled_framing_reuse_response,controlled_framing_fixed_response,fixed candidate_response; varied prompt/framing metadata only
fever_62368::authoritative,fever_62368,meta-llama/Llama-3.2-1B-Instruct,meta-llama/Llama-3.2-1B-Instruct,SUPPORTS,authoritative,Pharmacology is classified as a biomedical science.,controlled_framing_reuse_response,controlled_framing_fixed_response,fixed candidate_response; varied prompt/framing metadata only
fever_181256::neutral,fever_181256,meta-llama/Llama-3.2-1B-Instruct,meta-llama/Llama-3.2-1B-Instruct,NOT ENOUGH INFO,neutral,Sean Gunn was on a tennis court.,controlled_framing_reuse_response,controlled_framing_fixed_response,fixed candidate_response; varied prompt/framing metadata only
fever_181256::assertive,fever_181256,meta-llama/Llama-3.2-1B-Instruct,meta-llama/Llama-3.2-1B-Instruct,NOT ENOUGH INFO,assertive,Sean Gunn was on a tennis court.,controlled_framing_reuse_response,controlled_framing_fixed_response,fixed candidate_response; varied prompt/framing metadata only
fever_181256::authoritative,fever_181256,meta-llama/Llama-3.2-1B-Instruct,meta-llama/Llama-3.2-1B-Instruct,NOT ENOUGH INFO,authoritative,Sean Gunn was on a tennis court.,controlled_framing_reuse_response,controlled_framing_fixed_response,fixed candidate_response; varied prompt/framing metadata only
fever_121445::neutral,fever_121445,meta-llama/Llama-3.2-1B-Instruct,meta-llama/Llama-3.2-1B-Instruct,NOT ENOUGH INFO,neutral,Babur was a conquistador.,controlled_framing_reuse_response,controlled_framing_fixed_response,fixed candidate_response; varied prompt/framing metadata only
fever_121445::assertive,fever_121445,meta-llama/Llama-3.2-1B-Instruct,meta-llama/Llama-3.2-1B-Instruct,NOT ENOUGH INFO,assertive,Babur was a conquistador.,controlled_framing_reuse_response,controlled_framing_fixed_response,fixed candidate_response; varied prompt/framing metadata only
fever_121445::authoritative,fever_121445,meta-llama/Llama-3.2-1B-Instruct,meta-llama/Llama-3.2-1B-Instruct,NOT ENOUGH INFO,authoritative,Babur was a conquistador.,controlled_framing_reuse_response,controlled_framing_fixed_response,fixed candidate_response; varied prompt/framing metadata only
fever_120253::neutral,fever_120253,meta-llama/Llama-3.2-1B-Instruct,meta-llama/Llama-3.2-1B-Instruct,NOT ENOUGH INFO,neutral,Shomu Mukherjee died in Guam.,controlled_framing_reuse_response,controlled_framing_fixed_response,fixed candidate_response; varied prompt/framing metadata only
fever_120253::assertive,fever_120253,meta-llama/Llama-3.2-1B-Instruct,meta-llama/Llama-3.2-1B-Instruct,NOT ENOUGH INFO,assertive,Shomu Mukherjee died in Guam.,controlled_framing_reuse_response,controlled_framing_fixed_response,fixed candidate_response; varied prompt/framing metadata only
fever_120253::authoritative,fever_120253,meta-llama/Llama-3.2-1B-Instruct,meta-llama/Llama-3.2-1B-Instruct,NOT ENOUGH INFO,authoritative,Shomu Mukherjee died in Guam.,controlled_framing_reuse_response,controlled_framing_fixed_response,fixed candidate_response; varied prompt/framing metadata only
fever_26687::neutral,fever_26687,meta-llama/Llama-3.2-1B-Instruct,meta-llama/Llama-3.2-1B-Instruct,REFUTES,neutral,The Stanford prison experiment was an examination of the causes of troubles between guards and prisoners.,controlled_framing_reuse_response,controlled_framing_fixed_response,fixed candidate_response; varied prompt/framing metadata only
fever_26687::assertive,fever_26687,meta-llama/Llama-3.2-1B-Instruct,meta-llama/Llama-3.2-1B-Instruct,REFUTES,assertive,The Stanford prison experiment was an examination of the causes of troubles between guards and prisoners.,controlled_framing_reuse_response,controlled_framing_fixed_response,fixed candidate_response; varied prompt/framing metadata only
fever_26687::authoritative,fever_26687,meta-llama/Llama-3.2-1B-Instruct,meta-llama/Llama-3.2-1B-Instruct,REFUTES,authoritative,The Stanford prison experiment was an examination of the causes of troubles between guards and prisoners.,controlled_framing_reuse_response,controlled_framing_fixed_response,fixed candidate_response; varied prompt/framing metadata only
fever_195479::neutral,fever_195479,meta-llama/Llama-3.2-1B-Instruct,meta-llama/Llama-3.2-1B-Instruct,NOT ENOUGH INFO,neutral,William Howard Taft declined at least five offers of appointment to the Supreme Court of the United States.,controlled_framing_reuse_response,controlled_framing_fixed_response,fixed candidate_response; varied prompt/framing metadata only
fever_195479::assertive,fever_195479,meta-llama/Llama-3.2-1B-Instruct,meta-llama/Llama-3.2-1B-Instruct,NOT ENOUGH INFO,assertive,William Howard Taft declined at least five offers of appointment to the Supreme Court of the United States.,controlled_framing_reuse_response,controlled_framing_fixed_response,fixed candidate_response; varied prompt/framing metadata only
fever_195479::authoritative,fever_195479,meta-llama/Llama-3.2-1B-Instruct,meta-llama/Llama-3.2-1B-Instruct,NOT ENOUGH INFO,authoritative,William Howard Taft declined at least five offers of appointment to the Supreme Court of the United States.,controlled_framing_reuse_response,controlled_framing_fixed_response,fixed candidate_response; varied prompt/framing metadata only
fever_91798::neutral,fever_91798,meta-llama/Llama-3.2-1B-Instruct,meta-llama/Llama-3.2-1B-Instruct,REFUTES,neutral,"In 2015, among Americans, 44% of adults had consumed alcoholic drink in the last month.",controlled_framing_reuse_response,controlled_framing_fixed_response,fixed candidate_response; varied prompt/framing metadata only
fever_91798::assertive,fever_91798,meta-llama/Llama-3.2-1B-Instruct,meta-llama/Llama-3.2-1B-Instruct,REFUTES,assertive,"In 2015, among Americans, 44% of adults had consumed alcoholic drink in the last month.",controlled_framing_reuse_response,controlled_framing_fixed_response,fixed candidate_response; varied prompt/framing metadata only
fever_91798::authoritative,fever_91798,meta-llama/Llama-3.2-1B-Instruct,meta-llama/Llama-3.2-1B-Instruct,REFUTES,authoritative,"In 2015, among Americans, 44% of adults had consumed alcoholic drink in the last month.",controlled_framing_reuse_response,controlled_framing_fixed_response,fixed candidate_response; varied prompt/framing metadata only
fever_148164::neutral,fever_148164,meta-llama/Llama-3.2-1B-Instruct,meta-llama/Llama-3.2-1B-Instruct,SUPPORTS,neutral,Little Dorrit is a Charles Dicken's novel.,controlled_framing_reuse_response,controlled_framing_fixed_response,fixed candidate_response; varied prompt/framing metadata only
fever_148164::assertive,fever_148164,meta-llama/Llama-3.2-1B-Instruct,meta-llama/Llama-3.2-1B-Instruct,SUPPORTS,assertive,Little Dorrit is a Charles Dicken's novel.,controlled_framing_reuse_response,controlled_framing_fixed_response,fixed candidate_response; varied prompt/framing metadata only
fever_148164::authoritative,fever_148164,meta-llama/Llama-3.2-1B-Instruct,meta-llama/Llama-3.2-1B-Instruct,SUPPORTS,authoritative,Little Dorrit is a Charles Dicken's novel.,controlled_framing_reuse_response,controlled_framing_fixed_response,fixed candidate_response; varied prompt/framing metadata only
fever_80532::neutral,fever_80532,meta-llama/Llama-3.2-1B-Instruct,meta-llama/Llama-3.2-1B-Instruct,REFUTES,neutral,Emperor Norton is widely known.,controlled_framing_reuse_response,controlled_framing_fixed_response,fixed candidate_response; varied prompt/framing metadata only
fever_80532::assertive,fever_80532,meta-llama/Llama-3.2-1B-Instruct,meta-llama/Llama-3.2-1B-Instruct,REFUTES,assertive,Emperor Norton is widely known.,controlled_framing_reuse_response,controlled_framing_fixed_response,fixed candidate_response; varied prompt/framing metadata only
fever_80532::authoritative,fever_80532,meta-llama/Llama-3.2-1B-Instruct,meta-llama/Llama-3.2-1B-Instruct,REFUTES,authoritative,Emperor Norton is widely known.,controlled_framing_reuse_response,controlled_framing_fixed_response,fixed candidate_response; varied prompt/framing metadata only
fever_5111::neutral,fever_5111,meta-llama/Llama-3.2-1B-Instruct,meta-llama/Llama-3.2-1B-Instruct,SUPPORTS,neutral,"Michael Hutchence died in Sydney, Australia.",controlled_framing_reuse_response,controlled_framing_fixed_response,fixed candidate_response; varied prompt/framing metadata only
fever_5111::assertive,fever_5111,meta-llama/Llama-3.2-1B-Instruct,meta-llama/Llama-3.2-1B-Instruct,SUPPORTS,assertive,"Michael Hutchence died in Sydney, Australia.",controlled_framing_reuse_response,controlled_framing_fixed_response,fixed candidate_response; varied prompt/framing metadata only
fever_5111::authoritative,fever_5111,meta-llama/Llama-3.2-1B-Instruct,meta-llama/Llama-3.2-1B-Instruct,SUPPORTS,authoritative,"Michael Hutchence died in Sydney, Australia.",controlled_framing_reuse_response,controlled_framing_fixed_response,fixed candidate_response; varied prompt/framing metadata only
fever_198434::neutral,fever_198434,meta-llama/Llama-3.2-1B-Instruct,meta-llama/Llama-3.2-1B-Instruct,REFUTES,neutral,Arthur Schopenhauer was only ever a mathematician.,controlled_framing_reuse_response,controlled_framing_fixed_response,fixed candidate_response; varied prompt/framing metadata only
fever_198434::assertive,fever_198434,meta-llama/Llama-3.2-1B-Instruct,meta-llama/Llama-3.2-1B-Instruct,REFUTES,assertive,Arthur Schopenhauer was only ever a mathematician.,controlled_framing_reuse_response,controlled_framing_fixed_response,fixed candidate_response; varied prompt/framing metadata only
fever_198434::authoritative,fever_198434,meta-llama/Llama-3.2-1B-Instruct,meta-llama/Llama-3.2-1B-Instruct,REFUTES,authoritative,Arthur Schopenhauer was only ever a mathematician.,controlled_framing_reuse_response,controlled_framing_fixed_response,fixed candidate_response; varied prompt/framing metadata only
fever_222741::neutral,fever_222741,meta-llama/Llama-3.2-1B-Instruct,meta-llama/Llama-3.2-1B-Instruct,SUPPORTS,neutral,Practical Magic is based on a 1995 novel.,controlled_framing_reuse_response,controlled_framing_fixed_response,fixed candidate_response; varied prompt/framing metadata only
fever_222741::assertive,fever_222741,meta-llama/Llama-3.2-1B-Instruct,meta-llama/Llama-3.2-1B-Instruct,SUPPORTS,assertive,Practical Magic is based on a 1995 novel.,controlled_framing_reuse_response,controlled_framing_fixed_response,fixed candidate_response; varied prompt/framing metadata only
fever_222741::authoritative,fever_222741,meta-llama/Llama-3.2-1B-Instruct,meta-llama/Llama-3.2-1B-Instruct,SUPPORTS,authoritative,Practical Magic is based on a 1995 novel.,controlled_framing_reuse_response,controlled_framing_fixed_response,fixed candidate_response; varied prompt/framing metadata only
fever_171512::neutral,fever_171512,meta-llama/Llama-3.2-1B-Instruct,meta-llama/Llama-3.2-1B-Instruct,REFUTES,neutral,Jiang Wen is exclusively a producer.,controlled_framing_reuse_response,controlled_framing_fixed_response,fixed candidate_response; varied prompt/framing metadata only
fever_171512::assertive,fever_171512,meta-llama/Llama-3.2-1B-Instruct,meta-llama/Llama-3.2-1B-Instruct,REFUTES,assertive,Jiang Wen is exclusively a producer.,controlled_framing_reuse_response,controlled_framing_fixed_response,fixed candidate_response; varied prompt/framing metadata only
fever_171512::authoritative,fever_171512,meta-llama/Llama-3.2-1B-Instruct,meta-llama/Llama-3.2-1B-Instruct,REFUTES,authoritative,Jiang Wen is exclusively a producer.,controlled_framing_reuse_response,controlled_framing_fixed_response,fixed candidate_response; varied prompt/framing metadata only
fever_1917::neutral,fever_1917,meta-llama/Llama-3.2-1B-Instruct,meta-llama/Llama-3.2-1B-Instruct,SUPPORTS,neutral,The current Duke of York has been unmarried since his 1996 divorce.,controlled_framing_reuse_response,controlled_framing_fixed_response,fixed candidate_response; varied prompt/framing metadata only
fever_1917::assertive,fever_1917,meta-llama/Llama-3.2-1B-Instruct,meta-llama/Llama-3.2-1B-Instruct,SUPPORTS,assertive,The current Duke of York has been unmarried since his 1996 divorce.,controlled_framing_reuse_response,controlled_framing_fixed_response,fixed candidate_response; varied prompt/framing metadata only
fever_1917::authoritative,fever_1917,meta-llama/Llama-3.2-1B-Instruct,meta-llama/Llama-3.2-1B-Instruct,SUPPORTS,authoritative,The current Duke of York has been unmarried since his 1996 divorce.,controlled_framing_reuse_response,controlled_framing_fixed_response,fixed candidate_response; varied prompt/framing metadata only
fever_160528::neutral,fever_160528,meta-llama/Llama-3.2-1B-Instruct,meta-llama/Llama-3.2-1B-Instruct,NOT ENOUGH INFO,neutral,Malta claims to be the historical Melita that evicted Paul the Apostle.,controlled_framing_reuse_response,controlled_framing_fixed_response,fixed candidate_response; varied prompt/framing metadata only
fever_160528::assertive,fever_160528,meta-llama/Llama-3.2-1B-Instruct,meta-llama/Llama-3.2-1B-Instruct,NOT ENOUGH INFO,assertive,Malta claims to be the historical Melita that evicted Paul the Apostle.,controlled_framing_reuse_response,controlled_framing_fixed_response,fixed candidate_response; varied prompt/framing metadata only
fever_160528::authoritative,fever_160528,meta-llama/Llama-3.2-1B-Instruct,meta-llama/Llama-3.2-1B-Instruct,NOT ENOUGH INFO,authoritative,Malta claims to be the historical Melita that evicted Paul the Apostle.,controlled_framing_reuse_response,controlled_framing_fixed_response,fixed candidate_response; varied prompt/framing metadata only
fever_205133::neutral,fever_205133,meta-llama/Llama-3.2-1B-Instruct,meta-llama/Llama-3.2-1B-Instruct,SUPPORTS,neutral,Gaius Julius Caesar was a politician.,controlled_framing_reuse_response,controlled_framing_fixed_response,fixed candidate_response; varied prompt/framing metadata only
fever_205133::assertive,fever_205133,meta-llama/Llama-3.2-1B-Instruct,meta-llama/Llama-3.2-1B-Instruct,SUPPORTS,assertive,Gaius Julius Caesar was a politician.,controlled_framing_reuse_response,controlled_framing_fixed_response,fixed candidate_response; varied prompt/framing metadata only
fever_205133::authoritative,fever_205133,meta-llama/Llama-3.2-1B-Instruct,meta-llama/Llama-3.2-1B-Instruct,SUPPORTS,authoritative,Gaius Julius Caesar was a politician.,controlled_framing_reuse_response,controlled_framing_fixed_response,fixed candidate_response; varied prompt/framing metadata only
fever_164897::neutral,fever_164897,meta-llama/Llama-3.2-1B-Instruct,meta-llama/Llama-3.2-1B-Instruct,SUPPORTS,neutral,Hezbollah received combat training from Iran.,controlled_framing_reuse_response,controlled_framing_fixed_response,fixed candidate_response; varied prompt/framing metadata only
fever_164897::assertive,fever_164897,meta-llama/Llama-3.2-1B-Instruct,meta-llama/Llama-3.2-1B-Instruct,SUPPORTS,assertive,Hezbollah received combat training from Iran.,controlled_framing_reuse_response,controlled_framing_fixed_response,fixed candidate_response; varied prompt/framing metadata only
fever_164897::authoritative,fever_164897,meta-llama/Llama-3.2-1B-Instruct,meta-llama/Llama-3.2-1B-Instruct,SUPPORTS,authoritative,Hezbollah received combat training from Iran.,controlled_framing_reuse_response,controlled_framing_fixed_response,fixed candidate_response; varied prompt/framing metadata only
fever_149675::neutral,fever_149675,meta-llama/Llama-3.2-1B-Instruct,meta-llama/Llama-3.2-1B-Instruct,NOT ENOUGH INFO,neutral,The Maze Runner won over a dozen awards.,controlled_framing_reuse_response,controlled_framing_fixed_response,fixed candidate_response; varied prompt/framing metadata only
fever_149675::assertive,fever_149675,meta-llama/Llama-3.2-1B-Instruct,meta-llama/Llama-3.2-1B-Instruct,NOT ENOUGH INFO,assertive,The Maze Runner won over a dozen awards.,controlled_framing_reuse_response,controlled_framing_fixed_response,fixed candidate_response; varied prompt/framing metadata only
fever_149675::authoritative,fever_149675,meta-llama/Llama-3.2-1B-Instruct,meta-llama/Llama-3.2-1B-Instruct,NOT ENOUGH INFO,authoritative,The Maze Runner won over a dozen awards.,controlled_framing_reuse_response,controlled_framing_fixed_response,fixed candidate_response; varied prompt/framing metadata only
fever_160779::neutral,fever_160779,meta-llama/Llama-3.2-1B-Instruct,meta-llama/Llama-3.2-1B-Instruct,NOT ENOUGH INFO,neutral,Malta claims to be the historical Melita that is mentioned in the biblical book the Acts of the Apostles.,controlled_framing_reuse_response,controlled_framing_fixed_response,fixed candidate_response; varied prompt/framing metadata only
fever_160779::assertive,fever_160779,meta-llama/Llama-3.2-1B-Instruct,meta-llama/Llama-3.2-1B-Instruct,NOT ENOUGH INFO,assertive,Malta claims to be the historical Melita that is mentioned in the biblical book the Acts of the Apostles.,controlled_framing_reuse_response,controlled_framing_fixed_response,fixed candidate_response; varied prompt/framing metadata only
fever_160779::authoritative,fever_160779,meta-llama/Llama-3.2-1B-Instruct,meta-llama/Llama-3.2-1B-Instruct,NOT ENOUGH INFO,authoritative,Malta claims to be the historical Melita that is mentioned in the biblical book the Acts of the Apostles.,controlled_framing_reuse_response,controlled_framing_fixed_response,fixed candidate_response; varied prompt/framing metadata only
fever_38599::neutral,fever_38599,meta-llama/Llama-3.2-1B-Instruct,meta-llama/Llama-3.2-1B-Instruct,REFUTES,neutral,Kojol received an award.,controlled_framing_reuse_response,controlled_framing_fixed_response,fixed candidate_response; varied prompt/framing metadata only
fever_38599::assertive,fever_38599,meta-llama/Llama-3.2-1B-Instruct,meta-llama/Llama-3.2-1B-Instruct,REFUTES,assertive,Kojol received an award.,controlled_framing_reuse_response,controlled_framing_fixed_response,fixed candidate_response; varied prompt/framing metadata only
fever_38599::authoritative,fever_38599,meta-llama/Llama-3.2-1B-Instruct,meta-llama/Llama-3.2-1B-Instruct,REFUTES,authoritative,Kojol received an award.,controlled_framing_reuse_response,controlled_framing_fixed_response,fixed candidate_response; varied prompt/framing metadata only
fever_163799::neutral,fever_163799,meta-llama/Llama-3.2-1B-Instruct,meta-llama/Llama-3.2-1B-Instruct,NOT ENOUGH INFO,neutral,Ukrainian Soviet Socialist Republic was in the EU.,controlled_framing_reuse_response,controlled_framing_fixed_response,fixed candidate_response; varied prompt/framing metadata only
fever_163799::assertive,fever_163799,meta-llama/Llama-3.2-1B-Instruct,meta-llama/Llama-3.2-1B-Instruct,NOT ENOUGH INFO,assertive,Ukrainian Soviet Socialist Republic was in the EU.,controlled_framing_reuse_response,controlled_framing_fixed_response,fixed candidate_response; varied prompt/framing metadata only
fever_163799::authoritative,fever_163799,meta-llama/Llama-3.2-1B-Instruct,meta-llama/Llama-3.2-1B-Instruct,NOT ENOUGH INFO,authoritative,Ukrainian Soviet Socialist Republic was in the EU.,controlled_framing_reuse_response,controlled_framing_fixed_response,fixed candidate_response; varied prompt/framing metadata only
fever_29365::neutral,fever_29365,meta-llama/Llama-3.2-1B-Instruct,meta-llama/Llama-3.2-1B-Instruct,SUPPORTS,neutral,The Maze Runner is a narrative in a visual medium.,controlled_framing_reuse_response,controlled_framing_fixed_response,fixed candidate_response; varied prompt/framing metadata only
fever_29365::assertive,fever_29365,meta-llama/Llama-3.2-1B-Instruct,meta-llama/Llama-3.2-1B-Instruct,SUPPORTS,assertive,The Maze Runner is a narrative in a visual medium.,controlled_framing_reuse_response,controlled_framing_fixed_response,fixed candidate_response; varied prompt/framing metadata only
fever_29365::authoritative,fever_29365,meta-llama/Llama-3.2-1B-Instruct,meta-llama/Llama-3.2-1B-Instruct,SUPPORTS,authoritative,The Maze Runner is a narrative in a visual medium.,controlled_framing_reuse_response,controlled_framing_fixed_response,fixed candidate_response; varied prompt/framing metadata only
fever_162828::neutral,fever_162828,meta-llama/Llama-3.2-1B-Instruct,meta-llama/Llama-3.2-1B-Instruct,NOT ENOUGH INFO,neutral,Islamabad is home to Harvard University.,controlled_framing_reuse_response,controlled_framing_fixed_response,fixed candidate_response; varied prompt/framing metadata only
fever_162828::assertive,fever_162828,meta-llama/Llama-3.2-1B-Instruct,meta-llama/Llama-3.2-1B-Instruct,NOT ENOUGH INFO,assertive,Islamabad is home to Harvard University.,controlled_framing_reuse_response,controlled_framing_fixed_response,fixed candidate_response; varied prompt/framing metadata only
fever_162828::authoritative,fever_162828,meta-llama/Llama-3.2-1B-Instruct,meta-llama/Llama-3.2-1B-Instruct,NOT ENOUGH INFO,authoritative,Islamabad is home to Harvard University.,controlled_framing_reuse_response,controlled_framing_fixed_response,fixed candidate_response; varied prompt/framing metadata only
fever_96991::neutral,fever_96991,meta-llama/Llama-3.2-1B-Instruct,meta-llama/Llama-3.2-1B-Instruct,NOT ENOUGH INFO,neutral,Sarah Hyland is Iraqi.,controlled_framing_reuse_response,controlled_framing_fixed_response,fixed candidate_response; varied prompt/framing metadata only
fever_96991::assertive,fever_96991,meta-llama/Llama-3.2-1B-Instruct,meta-llama/Llama-3.2-1B-Instruct,NOT ENOUGH INFO,assertive,Sarah Hyland is Iraqi.,controlled_framing_reuse_response,controlled_framing_fixed_response,fixed candidate_response; varied prompt/framing metadata only
fever_96991::authoritative,fever_96991,meta-llama/Llama-3.2-1B-Instruct,meta-llama/Llama-3.2-1B-Instruct,NOT ENOUGH INFO,authoritative,Sarah Hyland is Iraqi.,controlled_framing_reuse_response,controlled_framing_fixed_response,fixed candidate_response; varied prompt/framing metadata only
fever_45685::neutral,fever_45685,meta-llama/Llama-3.2-1B-Instruct,meta-llama/Llama-3.2-1B-Instruct,REFUTES,neutral,Solanum excludes the nightshades.,controlled_framing_reuse_response,controlled_framing_fixed_response,fixed candidate_response; varied prompt/framing metadata only
fever_45685::assertive,fever_45685,meta-llama/Llama-3.2-1B-Instruct,meta-llama/Llama-3.2-1B-Instruct,REFUTES,assertive,Solanum excludes the nightshades.,controlled_framing_reuse_response,controlled_framing_fixed_response,fixed candidate_response; varied prompt/framing metadata only
fever_45685::authoritative,fever_45685,meta-llama/Llama-3.2-1B-Instruct,meta-llama/Llama-3.2-1B-Instruct,REFUTES,authoritative,Solanum excludes the nightshades.,controlled_framing_reuse_response,controlled_framing_fixed_response,fixed candidate_response; varied prompt/framing metadata only
fever_3087::neutral,fever_3087,meta-llama/Llama-3.2-1B-Instruct,meta-llama/Llama-3.2-1B-Instruct,SUPPORTS,neutral,SummerSlam skipped the pre-show.,controlled_framing_reuse_response,controlled_framing_fixed_response,fixed candidate_response; varied prompt/framing metadata only
fever_3087::assertive,fever_3087,meta-llama/Llama-3.2-1B-Instruct,meta-llama/Llama-3.2-1B-Instruct,SUPPORTS,assertive,SummerSlam skipped the pre-show.,controlled_framing_reuse_response,controlled_framing_fixed_response,fixed candidate_response; varied prompt/framing metadata only
fever_3087::authoritative,fever_3087,meta-llama/Llama-3.2-1B-Instruct,meta-llama/Llama-3.2-1B-Instruct,SUPPORTS,authoritative,SummerSlam skipped the pre-show.,controlled_framing_reuse_response,controlled_framing_fixed_response,fixed candidate_response; varied prompt/framing metadata only
fever_110011::neutral,fever_110011,meta-llama/Llama-3.2-1B-Instruct,meta-llama/Llama-3.2-1B-Instruct,REFUTES,neutral,Shannon Lee is not an actress.,controlled_framing_reuse_response,controlled_framing_fixed_response,fixed candidate_response; varied prompt/framing metadata only
fever_110011::assertive,fever_110011,meta-llama/Llama-3.2-1B-Instruct,meta-llama/Llama-3.2-1B-Instruct,REFUTES,assertive,Shannon Lee is not an actress.,controlled_framing_reuse_response,controlled_framing_fixed_response,fixed candidate_response; varied prompt/framing metadata only
fever_110011::authoritative,fever_110011,meta-llama/Llama-3.2-1B-Instruct,meta-llama/Llama-3.2-1B-Instruct,REFUTES,authoritative,Shannon Lee is not an actress.,controlled_framing_reuse_response,controlled_framing_fixed_response,fixed candidate_response; varied prompt/framing metadata only
fever_158903::neutral,fever_158903,meta-llama/Llama-3.2-1B-Instruct,meta-llama/Llama-3.2-1B-Instruct,SUPPORTS,neutral,Unison (Celine Dion album) was originally released by Columbia Records.,controlled_framing_reuse_response,controlled_framing_fixed_response,fixed candidate_response; varied prompt/framing metadata only
fever_158903::assertive,fever_158903,meta-llama/Llama-3.2-1B-Instruct,meta-llama/Llama-3.2-1B-Instruct,SUPPORTS,assertive,Unison (Celine Dion album) was originally released by Columbia Records.,controlled_framing_reuse_response,controlled_framing_fixed_response,fixed candidate_response; varied prompt/framing metadata only
fever_158903::authoritative,fever_158903,meta-llama/Llama-3.2-1B-Instruct,meta-llama/Llama-3.2-1B-Instruct,SUPPORTS,authoritative,Unison (Celine Dion album) was originally released by Columbia Records.,controlled_framing_reuse_response,controlled_framing_fixed_response,fixed candidate_response; varied prompt/framing metadata only
fever_12372::neutral,fever_12372,meta-llama/Llama-3.2-1B-Instruct,meta-llama/Llama-3.2-1B-Instruct,SUPPORTS,neutral,Dark matter is hypothetical.,controlled_framing_reuse_response,controlled_framing_fixed_response,fixed candidate_response; varied prompt/framing metadata only
fever_12372::assertive,fever_12372,meta-llama/Llama-3.2-1B-Instruct,meta-llama/Llama-3.2-1B-Instruct,SUPPORTS,assertive,Dark matter is hypothetical.,controlled_framing_reuse_response,controlled_framing_fixed_response,fixed candidate_response; varied prompt/framing metadata only
fever_12372::authoritative,fever_12372,meta-llama/Llama-3.2-1B-Instruct,meta-llama/Llama-3.2-1B-Instruct,SUPPORTS,authoritative,Dark matter is hypothetical.,controlled_framing_reuse_response,controlled_framing_fixed_response,fixed candidate_response; varied prompt/framing metadata only
fever_12467::neutral,fever_12467,meta-llama/Llama-3.2-1B-Instruct,meta-llama/Llama-3.2-1B-Instruct,SUPPORTS,neutral,SpongeBob SquarePants is not the most distributed property of MTV Networks.,controlled_framing_reuse_response,controlled_framing_fixed_response,fixed candidate_response; varied prompt/framing metadata only
fever_12467::assertive,fever_12467,meta-llama/Llama-3.2-1B-Instruct,meta-llama/Llama-3.2-1B-Instruct,SUPPORTS,assertive,SpongeBob SquarePants is not the most distributed property of MTV Networks.,controlled_framing_reuse_response,controlled_framing_fixed_response,fixed candidate_response; varied prompt/framing metadata only
fever_12467::authoritative,fever_12467,meta-llama/Llama-3.2-1B-Instruct,meta-llama/Llama-3.2-1B-Instruct,SUPPORTS,authoritative,SpongeBob SquarePants is not the most distributed property of MTV Networks.,controlled_framing_reuse_response,controlled_framing_fixed_response,fixed candidate_response; varied prompt/framing metadata only
fever_143495::neutral,fever_143495,meta-llama/Llama-3.2-1B-Instruct,meta-llama/Llama-3.2-1B-Instruct,REFUTES,neutral,Mandy Moore is French.,controlled_framing_reuse_response,controlled_framing_fixed_response,fixed candidate_response; varied prompt/framing metadata only
fever_143495::assertive,fever_143495,meta-llama/Llama-3.2-1B-Instruct,meta-llama/Llama-3.2-1B-Instruct,REFUTES,assertive,Mandy Moore is French.,controlled_framing_reuse_response,controlled_framing_fixed_response,fixed candidate_response; varied prompt/framing metadata only
fever_143495::authoritative,fever_143495,meta-llama/Llama-3.2-1B-Instruct,meta-llama/Llama-3.2-1B-Instruct,REFUTES,authoritative,Mandy Moore is French.,controlled_framing_reuse_response,controlled_framing_fixed_response,fixed candidate_response; varied prompt/framing metadata only
fever_4824::neutral,fever_4824,meta-llama/Llama-3.2-1B-Instruct,meta-llama/Llama-3.2-1B-Instruct,REFUTES,neutral,"Watertown, Massachusetts is in France.",controlled_framing_reuse_response,controlled_framing_fixed_response,fixed candidate_response; varied prompt/framing metadata only
fever_4824::assertive,fever_4824,meta-llama/Llama-3.2-1B-Instruct,meta-llama/Llama-3.2-1B-Instruct,REFUTES,assertive,"Watertown, Massachusetts is in France.",controlled_framing_reuse_response,controlled_framing_fixed_response,fixed candidate_response; varied prompt/framing metadata only
fever_4824::authoritative,fever_4824,meta-llama/Llama-3.2-1B-Instruct,meta-llama/Llama-3.2-1B-Instruct,REFUTES,authoritative,"Watertown, Massachusetts is in France.",controlled_framing_reuse_response,controlled_framing_fixed_response,fixed candidate_response; varied prompt/framing metadata only
fever_182928::neutral,fever_182928,meta-llama/Llama-3.2-1B-Instruct,meta-llama/Llama-3.2-1B-Instruct,SUPPORTS,neutral,The soundtrack of Far from the Madding Crowd was by at least one person.,controlled_framing_reuse_response,controlled_framing_fixed_response,fixed candidate_response; varied prompt/framing metadata only
fever_182928::assertive,fever_182928,meta-llama/Llama-3.2-1B-Instruct,meta-llama/Llama-3.2-1B-Instruct,SUPPORTS,assertive,The soundtrack of Far from the Madding Crowd was by at least one person.,controlled_framing_reuse_response,controlled_framing_fixed_response,fixed candidate_response; varied prompt/framing metadata only
fever_182928::authoritative,fever_182928,meta-llama/Llama-3.2-1B-Instruct,meta-llama/Llama-3.2-1B-Instruct,SUPPORTS,authoritative,The soundtrack of Far from the Madding Crowd was by at least one person.,controlled_framing_reuse_response,controlled_framing_fixed_response,fixed candidate_response; varied prompt/framing metadata only
fever_187579::neutral,fever_187579,meta-llama/Llama-3.2-1B-Instruct,meta-llama/Llama-3.2-1B-Instruct,SUPPORTS,neutral,Dan Brown wrote a novel.,controlled_framing_reuse_response,controlled_framing_fixed_response,fixed candidate_response; varied prompt/framing metadata only
fever_187579::assertive,fever_187579,meta-llama/Llama-3.2-1B-Instruct,meta-llama/Llama-3.2-1B-Instruct,SUPPORTS,assertive,Dan Brown wrote a novel.,controlled_framing_reuse_response,controlled_framing_fixed_response,fixed candidate_response; varied prompt/framing metadata only
fever_187579::authoritative,fever_187579,meta-llama/Llama-3.2-1B-Instruct,meta-llama/Llama-3.2-1B-Instruct,SUPPORTS,authoritative,Dan Brown wrote a novel.,controlled_framing_reuse_response,controlled_framing_fixed_response,fixed candidate_response; varied prompt/framing metadata only
fever_106496::neutral,fever_106496,meta-llama/Llama-3.2-1B-Instruct,meta-llama/Llama-3.2-1B-Instruct,REFUTES,neutral,Absinthe is banned in Europe.,controlled_framing_reuse_response,controlled_framing_fixed_response,fixed candidate_response; varied prompt/framing metadata only
fever_106496::assertive,fever_106496,meta-llama/Llama-3.2-1B-Instruct,meta-llama/Llama-3.2-1B-Instruct,REFUTES,assertive,Absinthe is banned in Europe.,controlled_framing_reuse_response,controlled_framing_fixed_response,fixed candidate_response; varied prompt/framing metadata only
fever_106496::authoritative,fever_106496,meta-llama/Llama-3.2-1B-Instruct,meta-llama/Llama-3.2-1B-Instruct,REFUTES,authoritative,Absinthe is banned in Europe.,controlled_framing_reuse_response,controlled_framing_fixed_response,fixed candidate_response; varied prompt/framing metadata only
fever_124662::neutral,fever_124662,meta-llama/Llama-3.2-1B-Instruct,meta-llama/Llama-3.2-1B-Instruct,REFUTES,neutral,Boeing 787 Dreamliner is a boat.,controlled_framing_reuse_response,controlled_framing_fixed_response,fixed candidate_response; varied prompt/framing metadata only
fever_124662::assertive,fever_124662,meta-llama/Llama-3.2-1B-Instruct,meta-llama/Llama-3.2-1B-Instruct,REFUTES,assertive,Boeing 787 Dreamliner is a boat.,controlled_framing_reuse_response,controlled_framing_fixed_response,fixed candidate_response; varied prompt/framing metadata only
fever_124662::authoritative,fever_124662,meta-llama/Llama-3.2-1B-Instruct,meta-llama/Llama-3.2-1B-Instruct,REFUTES,authoritative,Boeing 787 Dreamliner is a boat.,controlled_framing_reuse_response,controlled_framing_fixed_response,fixed candidate_response; varied prompt/framing metadata only
fever_194221::neutral,fever_194221,meta-llama/Llama-3.2-1B-Instruct,meta-llama/Llama-3.2-1B-Instruct,SUPPORTS,neutral,Mike Friedrich is American.,controlled_framing_reuse_response,controlled_framing_fixed_response,fixed candidate_response; varied prompt/framing metadata only
fever_194221::assertive,fever_194221,meta-llama/Llama-3.2-1B-Instruct,meta-llama/Llama-3.2-1B-Instruct,SUPPORTS,assertive,Mike Friedrich is American.,controlled_framing_reuse_response,controlled_framing_fixed_response,fixed candidate_response; varied prompt/framing metadata only
fever_194221::authoritative,fever_194221,meta-llama/Llama-3.2-1B-Instruct,meta-llama/Llama-3.2-1B-Instruct,SUPPORTS,authoritative,Mike Friedrich is American.,controlled_framing_reuse_response,controlled_framing_fixed_response,fixed candidate_response; varied prompt/framing metadata only
fever_45384::neutral,fever_45384,meta-llama/Llama-3.2-1B-Instruct,meta-llama/Llama-3.2-1B-Instruct,REFUTES,neutral,The ABC islands are part of the Arctic Ocean.,controlled_framing_reuse_response,controlled_framing_fixed_response,fixed candidate_response; varied prompt/framing metadata only
fever_45384::assertive,fever_45384,meta-llama/Llama-3.2-1B-Instruct,meta-llama/Llama-3.2-1B-Instruct,REFUTES,assertive,The ABC islands are part of the Arctic Ocean.,controlled_framing_reuse_response,controlled_framing_fixed_response,fixed candidate_response; varied prompt/framing metadata only
fever_45384::authoritative,fever_45384,meta-llama/Llama-3.2-1B-Instruct,meta-llama/Llama-3.2-1B-Instruct,REFUTES,authoritative,The ABC islands are part of the Arctic Ocean.,controlled_framing_reuse_response,controlled_framing_fixed_response,fixed candidate_response; varied prompt/framing metadata only
fever_225271::neutral,fever_225271,meta-llama/Llama-3.2-1B-Instruct,meta-llama/Llama-3.2-1B-Instruct,NOT ENOUGH INFO,neutral,Brian De Palma is a film producer.,controlled_framing_reuse_response,controlled_framing_fixed_response,fixed candidate_response; varied prompt/framing metadata only
fever_225271::assertive,fever_225271,meta-llama/Llama-3.2-1B-Instruct,meta-llama/Llama-3.2-1B-Instruct,NOT ENOUGH INFO,assertive,Brian De Palma is a film producer.,controlled_framing_reuse_response,controlled_framing_fixed_response,fixed candidate_response; varied prompt/framing metadata only
fever_225271::authoritative,fever_225271,meta-llama/Llama-3.2-1B-Instruct,meta-llama/Llama-3.2-1B-Instruct,NOT ENOUGH INFO,authoritative,Brian De Palma is a film producer.,controlled_framing_reuse_response,controlled_framing_fixed_response,fixed candidate_response; varied prompt/framing metadata only
fever_419::neutral,fever_419,meta-llama/Llama-3.2-1B-Instruct,meta-llama/Llama-3.2-1B-Instruct,SUPPORTS,neutral,Toy Story 2 was released by Walt Disney Pictures.,controlled_framing_reuse_response,controlled_framing_fixed_response,fixed candidate_response; varied prompt/framing metadata only
fever_419::assertive,fever_419,meta-llama/Llama-3.2-1B-Instruct,meta-llama/Llama-3.2-1B-Instruct,SUPPORTS,assertive,Toy Story 2 was released by Walt Disney Pictures.,controlled_framing_reuse_response,controlled_framing_fixed_response,fixed candidate_response; varied prompt/framing metadata only
fever_419::authoritative,fever_419,meta-llama/Llama-3.2-1B-Instruct,meta-llama/Llama-3.2-1B-Instruct,SUPPORTS,authoritative,Toy Story 2 was released by Walt Disney Pictures.,controlled_framing_reuse_response,controlled_framing_fixed_response,fixed candidate_response; varied prompt/framing metadata only
fever_205124::neutral,fever_205124,meta-llama/Llama-3.2-1B-Instruct,meta-llama/Llama-3.2-1B-Instruct,SUPPORTS,neutral,Gaius Julius Caesar was the son of Gaius Julius Caesar.,controlled_framing_reuse_response,controlled_framing_fixed_response,fixed candidate_response; varied prompt/framing metadata only
fever_205124::assertive,fever_205124,meta-llama/Llama-3.2-1B-Instruct,meta-llama/Llama-3.2-1B-Instruct,SUPPORTS,assertive,Gaius Julius Caesar was the son of Gaius Julius Caesar.,controlled_framing_reuse_response,controlled_framing_fixed_response,fixed candidate_response; varied prompt/framing metadata only
fever_205124::authoritative,fever_205124,meta-llama/Llama-3.2-1B-Instruct,meta-llama/Llama-3.2-1B-Instruct,SUPPORTS,authoritative,Gaius Julius Caesar was the son of Gaius Julius Caesar.,controlled_framing_reuse_response,controlled_framing_fixed_response,fixed candidate_response; varied prompt/framing metadata only
fever_119362::neutral,fever_119362,meta-llama/Llama-3.2-1B-Instruct,meta-llama/Llama-3.2-1B-Instruct,SUPPORTS,neutral,The IPhone 4 is a computer that is mobile and personal.,controlled_framing_reuse_response,controlled_framing_fixed_response,fixed candidate_response; varied prompt/framing metadata only
fever_119362::assertive,fever_119362,meta-llama/Llama-3.2-1B-Instruct,meta-llama/Llama-3.2-1B-Instruct,SUPPORTS,assertive,The IPhone 4 is a computer that is mobile and personal.,controlled_framing_reuse_response,controlled_framing_fixed_response,fixed candidate_response; varied prompt/framing metadata only
fever_119362::authoritative,fever_119362,meta-llama/Llama-3.2-1B-Instruct,meta-llama/Llama-3.2-1B-Instruct,SUPPORTS,authoritative,The IPhone 4 is a computer that is mobile and personal.,controlled_framing_reuse_response,controlled_framing_fixed_response,fixed candidate_response; varied prompt/framing metadata only
fever_42223::neutral,fever_42223,meta-llama/Llama-3.2-1B-Instruct,meta-llama/Llama-3.2-1B-Instruct,SUPPORTS,neutral,Mercedes-Benz is a division of a German automobile manufacturer.,controlled_framing_reuse_response,controlled_framing_fixed_response,fixed candidate_response; varied prompt/framing metadata only
fever_42223::assertive,fever_42223,meta-llama/Llama-3.2-1B-Instruct,meta-llama/Llama-3.2-1B-Instruct,SUPPORTS,assertive,Mercedes-Benz is a division of a German automobile manufacturer.,controlled_framing_reuse_response,controlled_framing_fixed_response,fixed candidate_response; varied prompt/framing metadata only
fever_42223::authoritative,fever_42223,meta-llama/Llama-3.2-1B-Instruct,meta-llama/Llama-3.2-1B-Instruct,SUPPORTS,authoritative,Mercedes-Benz is a division of a German automobile manufacturer.,controlled_framing_reuse_response,controlled_framing_fixed_response,fixed candidate_response; varied prompt/framing metadata only
fever_90894::neutral,fever_90894,meta-llama/Llama-3.2-1B-Instruct,meta-llama/Llama-3.2-1B-Instruct,SUPPORTS,neutral,The Hunger Games film series had Gary Ross direct a film.,controlled_framing_reuse_response,controlled_framing_fixed_response,fixed candidate_response; varied prompt/framing metadata only
fever_90894::assertive,fever_90894,meta-llama/Llama-3.2-1B-Instruct,meta-llama/Llama-3.2-1B-Instruct,SUPPORTS,assertive,The Hunger Games film series had Gary Ross direct a film.,controlled_framing_reuse_response,controlled_framing_fixed_response,fixed candidate_response; varied prompt/framing metadata only
fever_90894::authoritative,fever_90894,meta-llama/Llama-3.2-1B-Instruct,meta-llama/Llama-3.2-1B-Instruct,SUPPORTS,authoritative,The Hunger Games film series had Gary Ross direct a film.,controlled_framing_reuse_response,controlled_framing_fixed_response,fixed candidate_response; varied prompt/framing metadata only
fever_16382::neutral,fever_16382,meta-llama/Llama-3.2-1B-Instruct,meta-llama/Llama-3.2-1B-Instruct,REFUTES,neutral,The Africa Cup of Nations is a friendly global soccer exhibition.,controlled_framing_reuse_response,controlled_framing_fixed_response,fixed candidate_response; varied prompt/framing metadata only
fever_16382::assertive,fever_16382,meta-llama/Llama-3.2-1B-Instruct,meta-llama/Llama-3.2-1B-Instruct,REFUTES,assertive,The Africa Cup of Nations is a friendly global soccer exhibition.,controlled_framing_reuse_response,controlled_framing_fixed_response,fixed candidate_response; varied prompt/framing metadata only
fever_16382::authoritative,fever_16382,meta-llama/Llama-3.2-1B-Instruct,meta-llama/Llama-3.2-1B-Instruct,REFUTES,authoritative,The Africa Cup of Nations is a friendly global soccer exhibition.,controlled_framing_reuse_response,controlled_framing_fixed_response,fixed candidate_response; varied prompt/framing metadata only
fever_101808::neutral,fever_101808,meta-llama/Llama-3.2-1B-Instruct,meta-llama/Llama-3.2-1B-Instruct,SUPPORTS,neutral,Granite is a rock.,controlled_framing_reuse_response,controlled_framing_fixed_response,fixed candidate_response; varied prompt/framing metadata only
fever_101808::assertive,fever_101808,meta-llama/Llama-3.2-1B-Instruct,meta-llama/Llama-3.2-1B-Instruct,SUPPORTS,assertive,Granite is a rock.,controlled_framing_reuse_response,controlled_framing_fixed_response,fixed candidate_response; varied prompt/framing metadata only
fever_101808::authoritative,fever_101808,meta-llama/Llama-3.2-1B-Instruct,meta-llama/Llama-3.2-1B-Instruct,SUPPORTS,authoritative,Granite is a rock.,controlled_framing_reuse_response,controlled_framing_fixed_response,fixed candidate_response; varied prompt/framing metadata only
fever_197665::neutral,fever_197665,meta-llama/Llama-3.2-1B-Instruct,meta-llama/Llama-3.2-1B-Instruct,NOT ENOUGH INFO,neutral,"In 2012, the University of Leicester discovered remains.",controlled_framing_reuse_response,controlled_framing_fixed_response,fixed candidate_response; varied prompt/framing metadata only
fever_197665::assertive,fever_197665,meta-llama/Llama-3.2-1B-Instruct,meta-llama/Llama-3.2-1B-Instruct,NOT ENOUGH INFO,assertive,"In 2012, the University of Leicester discovered remains.",controlled_framing_reuse_response,controlled_framing_fixed_response,fixed candidate_response; varied prompt/framing metadata only
fever_197665::authoritative,fever_197665,meta-llama/Llama-3.2-1B-Instruct,meta-llama/Llama-3.2-1B-Instruct,NOT ENOUGH INFO,authoritative,"In 2012, the University of Leicester discovered remains.",controlled_framing_reuse_response,controlled_framing_fixed_response,fixed candidate_response; varied prompt/framing metadata only
fever_137401::neutral,fever_137401,meta-llama/Llama-3.2-1B-Instruct,meta-llama/Llama-3.2-1B-Instruct,REFUTES,neutral,The Stanford prison experiment was funded by the U.S. Office of Education.,controlled_framing_reuse_response,controlled_framing_fixed_response,fixed candidate_response; varied prompt/framing metadata only
fever_137401::assertive,fever_137401,meta-llama/Llama-3.2-1B-Instruct,meta-llama/Llama-3.2-1B-Instruct,REFUTES,assertive,The Stanford prison experiment was funded by the U.S. Office of Education.,controlled_framing_reuse_response,controlled_framing_fixed_response,fixed candidate_response; varied prompt/framing metadata only
fever_137401::authoritative,fever_137401,meta-llama/Llama-3.2-1B-Instruct,meta-llama/Llama-3.2-1B-Instruct,REFUTES,authoritative,The Stanford prison experiment was funded by the U.S. Office of Education.,controlled_framing_reuse_response,controlled_framing_fixed_response,fixed candidate_response; varied prompt/framing metadata only
fever_109234::neutral,fever_109234,meta-llama/Llama-3.2-1B-Instruct,meta-llama/Llama-3.2-1B-Instruct,REFUTES,neutral,Chris Benoit's maiden name is Michael.,controlled_framing_reuse_response,controlled_framing_fixed_response,fixed candidate_response; varied prompt/framing metadata only
fever_109234::assertive,fever_109234,meta-llama/Llama-3.2-1B-Instruct,meta-llama/Llama-3.2-1B-Instruct,REFUTES,assertive,Chris Benoit's maiden name is Michael.,controlled_framing_reuse_response,controlled_framing_fixed_response,fixed candidate_response; varied prompt/framing metadata only
fever_109234::authoritative,fever_109234,meta-llama/Llama-3.2-1B-Instruct,meta-llama/Llama-3.2-1B-Instruct,REFUTES,authoritative,Chris Benoit's maiden name is Michael.,controlled_framing_reuse_response,controlled_framing_fixed_response,fixed candidate_response; varied prompt/framing metadata only
fever_97348::neutral,fever_97348,meta-llama/Llama-3.2-1B-Instruct,meta-llama/Llama-3.2-1B-Instruct,REFUTES,neutral,The Hunger Games film series had Francis Lawrence direct three films in the late 2000s.,controlled_framing_reuse_response,controlled_framing_fixed_response,fixed candidate_response; varied prompt/framing metadata only
fever_97348::assertive,fever_97348,meta-llama/Llama-3.2-1B-Instruct,meta-llama/Llama-3.2-1B-Instruct,REFUTES,assertive,The Hunger Games film series had Francis Lawrence direct three films in the late 2000s.,controlled_framing_reuse_response,controlled_framing_fixed_response,fixed candidate_response; varied prompt/framing metadata only
fever_97348::authoritative,fever_97348,meta-llama/Llama-3.2-1B-Instruct,meta-llama/Llama-3.2-1B-Instruct,REFUTES,authoritative,The Hunger Games film series had Francis Lawrence direct three films in the late 2000s.,controlled_framing_reuse_response,controlled_framing_fixed_response,fixed candidate_response; varied prompt/framing metadata only
fever_194743::neutral,fever_194743,meta-llama/Llama-3.2-1B-Instruct,meta-llama/Llama-3.2-1B-Instruct,NOT ENOUGH INFO,neutral,L. Ron Hubbard spent the remaining years of his life on a ranch near his mother.,controlled_framing_reuse_response,controlled_framing_fixed_response,fixed candidate_response; varied prompt/framing metadata only
fever_194743::assertive,fever_194743,meta-llama/Llama-3.2-1B-Instruct,meta-llama/Llama-3.2-1B-Instruct,NOT ENOUGH INFO,assertive,L. Ron Hubbard spent the remaining years of his life on a ranch near his mother.,controlled_framing_reuse_response,controlled_framing_fixed_response,fixed candidate_response; varied prompt/framing metadata only
fever_194743::authoritative,fever_194743,meta-llama/Llama-3.2-1B-Instruct,meta-llama/Llama-3.2-1B-Instruct,NOT ENOUGH INFO,authoritative,L. Ron Hubbard spent the remaining years of his life on a ranch near his mother.,controlled_framing_reuse_response,controlled_framing_fixed_response,fixed candidate_response; varied prompt/framing metadata only
fever_154687::neutral,fever_154687,meta-llama/Llama-3.2-1B-Instruct,meta-llama/Llama-3.2-1B-Instruct,NOT ENOUGH INFO,neutral,Louis Malle produced 40 English language films.,controlled_framing_reuse_response,controlled_framing_fixed_response,fixed candidate_response; varied prompt/framing metadata only
fever_154687::assertive,fever_154687,meta-llama/Llama-3.2-1B-Instruct,meta-llama/Llama-3.2-1B-Instruct,NOT ENOUGH INFO,assertive,Louis Malle produced 40 English language films.,controlled_framing_reuse_response,controlled_framing_fixed_response,fixed candidate_response; varied prompt/framing metadata only
fever_154687::authoritative,fever_154687,meta-llama/Llama-3.2-1B-Instruct,meta-llama/Llama-3.2-1B-Instruct,NOT ENOUGH INFO,authoritative,Louis Malle produced 40 English language films.,controlled_framing_reuse_response,controlled_framing_fixed_response,fixed candidate_response; varied prompt/framing metadata only
fever_123121::neutral,fever_123121,meta-llama/Llama-3.2-1B-Instruct,meta-llama/Llama-3.2-1B-Instruct,REFUTES,neutral,Physics' main goal is to understand the behavior of eels.,controlled_framing_reuse_response,controlled_framing_fixed_response,fixed candidate_response; varied prompt/framing metadata only
fever_123121::assertive,fever_123121,meta-llama/Llama-3.2-1B-Instruct,meta-llama/Llama-3.2-1B-Instruct,REFUTES,assertive,Physics' main goal is to understand the behavior of eels.,controlled_framing_reuse_response,controlled_framing_fixed_response,fixed candidate_response; varied prompt/framing metadata only
fever_123121::authoritative,fever_123121,meta-llama/Llama-3.2-1B-Instruct,meta-llama/Llama-3.2-1B-Instruct,REFUTES,authoritative,Physics' main goal is to understand the behavior of eels.,controlled_framing_reuse_response,controlled_framing_fixed_response,fixed candidate_response; varied prompt/framing metadata only
fever_53389::neutral,fever_53389,meta-llama/Llama-3.2-1B-Instruct,meta-llama/Llama-3.2-1B-Instruct,SUPPORTS,neutral,George III's successor was his son.,controlled_framing_reuse_response,controlled_framing_fixed_response,fixed candidate_response; varied prompt/framing metadata only
fever_53389::assertive,fever_53389,meta-llama/Llama-3.2-1B-Instruct,meta-llama/Llama-3.2-1B-Instruct,SUPPORTS,assertive,George III's successor was his son.,controlled_framing_reuse_response,controlled_framing_fixed_response,fixed candidate_response; varied prompt/framing metadata only
fever_53389::authoritative,fever_53389,meta-llama/Llama-3.2-1B-Instruct,meta-llama/Llama-3.2-1B-Instruct,SUPPORTS,authoritative,George III's successor was his son.,controlled_framing_reuse_response,controlled_framing_fixed_response,fixed candidate_response; varied prompt/framing metadata only
fever_168079::neutral,fever_168079,meta-llama/Llama-3.2-1B-Instruct,meta-llama/Llama-3.2-1B-Instruct,REFUTES,neutral,"Jean-Jacques Dessalines graduated college on September 20th, 1758.",controlled_framing_reuse_response,controlled_framing_fixed_response,fixed candidate_response; varied prompt/framing metadata only
fever_168079::assertive,fever_168079,meta-llama/Llama-3.2-1B-Instruct,meta-llama/Llama-3.2-1B-Instruct,REFUTES,assertive,"Jean-Jacques Dessalines graduated college on September 20th, 1758.",controlled_framing_reuse_response,controlled_framing_fixed_response,fixed candidate_response; varied prompt/framing metadata only
fever_168079::authoritative,fever_168079,meta-llama/Llama-3.2-1B-Instruct,meta-llama/Llama-3.2-1B-Instruct,REFUTES,authoritative,"Jean-Jacques Dessalines graduated college on September 20th, 1758.",controlled_framing_reuse_response,controlled_framing_fixed_response,fixed candidate_response; varied prompt/framing metadata only
fever_188140::neutral,fever_188140,meta-llama/Llama-3.2-1B-Instruct,meta-llama/Llama-3.2-1B-Instruct,SUPPORTS,neutral,Stephen Moyer worked with Ron Perlman as his co-star in Prince Valiant.,controlled_framing_reuse_response,controlled_framing_fixed_response,fixed candidate_response; varied prompt/framing metadata only
fever_188140::assertive,fever_188140,meta-llama/Llama-3.2-1B-Instruct,meta-llama/Llama-3.2-1B-Instruct,SUPPORTS,assertive,Stephen Moyer worked with Ron Perlman as his co-star in Prince Valiant.,controlled_framing_reuse_response,controlled_framing_fixed_response,fixed candidate_response; varied prompt/framing metadata only
fever_188140::authoritative,fever_188140,meta-llama/Llama-3.2-1B-Instruct,meta-llama/Llama-3.2-1B-Instruct,SUPPORTS,authoritative,Stephen Moyer worked with Ron Perlman as his co-star in Prince Valiant.,controlled_framing_reuse_response,controlled_framing_fixed_response,fixed candidate_response; varied prompt/framing metadata only
fever_160949::neutral,fever_160949,meta-llama/Llama-3.2-1B-Instruct,meta-llama/Llama-3.2-1B-Instruct,NOT ENOUGH INFO,neutral,Mamata Banerjee is also known as Batman.,controlled_framing_reuse_response,controlled_framing_fixed_response,fixed candidate_response; varied prompt/framing metadata only
fever_160949::assertive,fever_160949,meta-llama/Llama-3.2-1B-Instruct,meta-llama/Llama-3.2-1B-Instruct,NOT ENOUGH INFO,assertive,Mamata Banerjee is also known as Batman.,controlled_framing_reuse_response,controlled_framing_fixed_response,fixed candidate_response; varied prompt/framing metadata only
fever_160949::authoritative,fever_160949,meta-llama/Llama-3.2-1B-Instruct,meta-llama/Llama-3.2-1B-Instruct,NOT ENOUGH INFO,authoritative,Mamata Banerjee is also known as Batman.,controlled_framing_reuse_response,controlled_framing_fixed_response,fixed candidate_response; varied prompt/framing metadata only
fever_80429::neutral,fever_80429,meta-llama/Llama-3.2-1B-Instruct,meta-llama/Llama-3.2-1B-Instruct,SUPPORTS,neutral,Saw II came out in a digital optical disc storage format.,controlled_framing_reuse_response,controlled_framing_fixed_response,fixed candidate_response; varied prompt/framing metadata only
fever_80429::assertive,fever_80429,meta-llama/Llama-3.2-1B-Instruct,meta-llama/Llama-3.2-1B-Instruct,SUPPORTS,assertive,Saw II came out in a digital optical disc storage format.,controlled_framing_reuse_response,controlled_framing_fixed_response,fixed candidate_response; varied prompt/framing metadata only
fever_80429::authoritative,fever_80429,meta-llama/Llama-3.2-1B-Instruct,meta-llama/Llama-3.2-1B-Instruct,SUPPORTS,authoritative,Saw II came out in a digital optical disc storage format.,controlled_framing_reuse_response,controlled_framing_fixed_response,fixed candidate_response; varied prompt/framing metadata only
fever_89918::neutral,fever_89918,meta-llama/Llama-3.2-1B-Instruct,meta-llama/Llama-3.2-1B-Instruct,NOT ENOUGH INFO,neutral,"The Last Song (film) began filming on August 18th, 2010.",controlled_framing_reuse_response,controlled_framing_fixed_response,fixed candidate_response; varied prompt/framing metadata only
fever_89918::assertive,fever_89918,meta-llama/Llama-3.2-1B-Instruct,meta-llama/Llama-3.2-1B-Instruct,NOT ENOUGH INFO,assertive,"The Last Song (film) began filming on August 18th, 2010.",controlled_framing_reuse_response,controlled_framing_fixed_response,fixed candidate_response; varied prompt/framing metadata only
fever_89918::authoritative,fever_89918,meta-llama/Llama-3.2-1B-Instruct,meta-llama/Llama-3.2-1B-Instruct,NOT ENOUGH INFO,authoritative,"The Last Song (film) began filming on August 18th, 2010.",controlled_framing_reuse_response,controlled_framing_fixed_response,fixed candidate_response; varied prompt/framing metadata only
fever_9182::neutral,fever_9182,meta-llama/Llama-3.2-1B-Instruct,meta-llama/Llama-3.2-1B-Instruct,SUPPORTS,neutral,"Pink's birthday was September 8, 1979.",controlled_framing_reuse_response,controlled_framing_fixed_response,fixed candidate_response; varied prompt/framing metadata only
fever_9182::assertive,fever_9182,meta-llama/Llama-3.2-1B-Instruct,meta-llama/Llama-3.2-1B-Instruct,SUPPORTS,assertive,"Pink's birthday was September 8, 1979.",controlled_framing_reuse_response,controlled_framing_fixed_response,fixed candidate_response; varied prompt/framing metadata only
fever_9182::authoritative,fever_9182,meta-llama/Llama-3.2-1B-Instruct,meta-llama/Llama-3.2-1B-Instruct,SUPPORTS,authoritative,"Pink's birthday was September 8, 1979.",controlled_framing_reuse_response,controlled_framing_fixed_response,fixed candidate_response; varied prompt/framing metadata only
fever_226457::neutral,fever_226457,meta-llama/Llama-3.2-1B-Instruct,meta-llama/Llama-3.2-1B-Instruct,REFUTES,neutral,Chadwick Boseman refused to ever portray a character in any Marvel Studios film.,controlled_framing_reuse_response,controlled_framing_fixed_response,fixed candidate_response; varied prompt/framing metadata only
fever_226457::assertive,fever_226457,meta-llama/Llama-3.2-1B-Instruct,meta-llama/Llama-3.2-1B-Instruct,REFUTES,assertive,Chadwick Boseman refused to ever portray a character in any Marvel Studios film.,controlled_framing_reuse_response,controlled_framing_fixed_response,fixed candidate_response; varied prompt/framing metadata only
fever_226457::authoritative,fever_226457,meta-llama/Llama-3.2-1B-Instruct,meta-llama/Llama-3.2-1B-Instruct,REFUTES,authoritative,Chadwick Boseman refused to ever portray a character in any Marvel Studios film.,controlled_framing_reuse_response,controlled_framing_fixed_response,fixed candidate_response; varied prompt/framing metadata only
fever_110672::neutral,fever_110672,meta-llama/Llama-3.2-1B-Instruct,meta-llama/Llama-3.2-1B-Instruct,REFUTES,neutral,Therasia is landlocked.,controlled_framing_reuse_response,controlled_framing_fixed_response,fixed candidate_response; varied prompt/framing metadata only
fever_110672::assertive,fever_110672,meta-llama/Llama-3.2-1B-Instruct,meta-llama/Llama-3.2-1B-Instruct,REFUTES,assertive,Therasia is landlocked.,controlled_framing_reuse_response,controlled_framing_fixed_response,fixed candidate_response; varied prompt/framing metadata only
fever_110672::authoritative,fever_110672,meta-llama/Llama-3.2-1B-Instruct,meta-llama/Llama-3.2-1B-Instruct,REFUTES,authoritative,Therasia is landlocked.,controlled_framing_reuse_response,controlled_framing_fixed_response,fixed candidate_response; varied prompt/framing metadata only
fever_147235::neutral,fever_147235,meta-llama/Llama-3.2-1B-Instruct,meta-llama/Llama-3.2-1B-Instruct,REFUTES,neutral,Saw II was at the bottom of the charts in its first week.,controlled_framing_reuse_response,controlled_framing_fixed_response,fixed candidate_response; varied prompt/framing metadata only
fever_147235::assertive,fever_147235,meta-llama/Llama-3.2-1B-Instruct,meta-llama/Llama-3.2-1B-Instruct,REFUTES,assertive,Saw II was at the bottom of the charts in its first week.,controlled_framing_reuse_response,controlled_framing_fixed_response,fixed candidate_response; varied prompt/framing metadata only
fever_147235::authoritative,fever_147235,meta-llama/Llama-3.2-1B-Instruct,meta-llama/Llama-3.2-1B-Instruct,REFUTES,authoritative,Saw II was at the bottom of the charts in its first week.,controlled_framing_reuse_response,controlled_framing_fixed_response,fixed candidate_response; varied prompt/framing metadata only
fever_87694::neutral,fever_87694,meta-llama/Llama-3.2-1B-Instruct,meta-llama/Llama-3.2-1B-Instruct,REFUTES,neutral,Henry Condell had a widow that was buried on the 4th.,controlled_framing_reuse_response,controlled_framing_fixed_response,fixed candidate_response; varied prompt/framing metadata only
fever_87694::assertive,fever_87694,meta-llama/Llama-3.2-1B-Instruct,meta-llama/Llama-3.2-1B-Instruct,REFUTES,assertive,Henry Condell had a widow that was buried on the 4th.,controlled_framing_reuse_response,controlled_framing_fixed_response,fixed candidate_response; varied prompt/framing metadata only
fever_87694::authoritative,fever_87694,meta-llama/Llama-3.2-1B-Instruct,meta-llama/Llama-3.2-1B-Instruct,REFUTES,authoritative,Henry Condell had a widow that was buried on the 4th.,controlled_framing_reuse_response,controlled_framing_fixed_response,fixed candidate_response; varied prompt/framing metadata only
fever_60110::neutral,fever_60110,meta-llama/Llama-3.2-1B-Instruct,meta-llama/Llama-3.2-1B-Instruct,NOT ENOUGH INFO,neutral,Night of the Living Dead is a series of seven zombie horror films.,controlled_framing_reuse_response,controlled_framing_fixed_response,fixed candidate_response; varied prompt/framing metadata only
fever_60110::assertive,fever_60110,meta-llama/Llama-3.2-1B-Instruct,meta-llama/Llama-3.2-1B-Instruct,NOT ENOUGH INFO,assertive,Night of the Living Dead is a series of seven zombie horror films.,controlled_framing_reuse_response,controlled_framing_fixed_response,fixed candidate_response; varied prompt/framing metadata only
fever_60110::authoritative,fever_60110,meta-llama/Llama-3.2-1B-Instruct,meta-llama/Llama-3.2-1B-Instruct,NOT ENOUGH INFO,authoritative,Night of the Living Dead is a series of seven zombie horror films.,controlled_framing_reuse_response,controlled_framing_fixed_response,fixed candidate_response; varied prompt/framing metadata only
fever_145588::neutral,fever_145588,meta-llama/Llama-3.2-1B-Instruct,meta-llama/Llama-3.2-1B-Instruct,REFUTES,neutral,Elizabeth Olsen died in 1989.,controlled_framing_reuse_response,controlled_framing_fixed_response,fixed candidate_response; varied prompt/framing metadata only
fever_145588::assertive,fever_145588,meta-llama/Llama-3.2-1B-Instruct,meta-llama/Llama-3.2-1B-Instruct,REFUTES,assertive,Elizabeth Olsen died in 1989.,controlled_framing_reuse_response,controlled_framing_fixed_response,fixed candidate_response; varied prompt/framing metadata only
fever_145588::authoritative,fever_145588,meta-llama/Llama-3.2-1B-Instruct,meta-llama/Llama-3.2-1B-Instruct,REFUTES,authoritative,Elizabeth Olsen died in 1989.,controlled_framing_reuse_response,controlled_framing_fixed_response,fixed candidate_response; varied prompt/framing metadata only
fever_204316::neutral,fever_204316,meta-llama/Llama-3.2-1B-Instruct,meta-llama/Llama-3.2-1B-Instruct,REFUTES,neutral,The Latvian Soviet Socialist Republic is never known as Soviet Latvia.,controlled_framing_reuse_response,controlled_framing_fixed_response,fixed candidate_response; varied prompt/framing metadata only
fever_204316::assertive,fever_204316,meta-llama/Llama-3.2-1B-Instruct,meta-llama/Llama-3.2-1B-Instruct,REFUTES,assertive,The Latvian Soviet Socialist Republic is never known as Soviet Latvia.,controlled_framing_reuse_response,controlled_framing_fixed_response,fixed candidate_response; varied prompt/framing metadata only
fever_204316::authoritative,fever_204316,meta-llama/Llama-3.2-1B-Instruct,meta-llama/Llama-3.2-1B-Instruct,REFUTES,authoritative,The Latvian Soviet Socialist Republic is never known as Soviet Latvia.,controlled_framing_reuse_response,controlled_framing_fixed_response,fixed candidate_response; varied prompt/framing metadata only
fever_216780::neutral,fever_216780,meta-llama/Llama-3.2-1B-Instruct,meta-llama/Llama-3.2-1B-Instruct,SUPPORTS,neutral,Timur participated in the Siege of Smyrna.,controlled_framing_reuse_response,controlled_framing_fixed_response,fixed candidate_response; varied prompt/framing metadata only
fever_216780::assertive,fever_216780,meta-llama/Llama-3.2-1B-Instruct,meta-llama/Llama-3.2-1B-Instruct,SUPPORTS,assertive,Timur participated in the Siege of Smyrna.,controlled_framing_reuse_response,controlled_framing_fixed_response,fixed candidate_response; varied prompt/framing metadata only
fever_216780::authoritative,fever_216780,meta-llama/Llama-3.2-1B-Instruct,meta-llama/Llama-3.2-1B-Instruct,SUPPORTS,authoritative,Timur participated in the Siege of Smyrna.,controlled_framing_reuse_response,controlled_framing_fixed_response,fixed candidate_response; varied prompt/framing metadata only
fever_204974::neutral,fever_204974,meta-llama/Llama-3.2-1B-Instruct,meta-llama/Llama-3.2-1B-Instruct,NOT ENOUGH INFO,neutral,Tyler Perry is a screenwriter.,controlled_framing_reuse_response,controlled_framing_fixed_response,fixed candidate_response; varied prompt/framing metadata only
fever_204974::assertive,fever_204974,meta-llama/Llama-3.2-1B-Instruct,meta-llama/Llama-3.2-1B-Instruct,NOT ENOUGH INFO,assertive,Tyler Perry is a screenwriter.,controlled_framing_reuse_response,controlled_framing_fixed_response,fixed candidate_response; varied prompt/framing metadata only
fever_204974::authoritative,fever_204974,meta-llama/Llama-3.2-1B-Instruct,meta-llama/Llama-3.2-1B-Instruct,NOT ENOUGH INFO,authoritative,Tyler Perry is a screenwriter.,controlled_framing_reuse_response,controlled_framing_fixed_response,fixed candidate_response; varied prompt/framing metadata only
fever_178251::neutral,fever_178251,meta-llama/Llama-3.2-1B-Instruct,meta-llama/Llama-3.2-1B-Instruct,NOT ENOUGH INFO,neutral,"Nawaz Sharif has been in office since June 5, 2013.",controlled_framing_reuse_response,controlled_framing_fixed_response,fixed candidate_response; varied prompt/framing metadata only
fever_178251::assertive,fever_178251,meta-llama/Llama-3.2-1B-Instruct,meta-llama/Llama-3.2-1B-Instruct,NOT ENOUGH INFO,assertive,"Nawaz Sharif has been in office since June 5, 2013.",controlled_framing_reuse_response,controlled_framing_fixed_response,fixed candidate_response; varied prompt/framing metadata only
fever_178251::authoritative,fever_178251,meta-llama/Llama-3.2-1B-Instruct,meta-llama/Llama-3.2-1B-Instruct,NOT ENOUGH INFO,authoritative,"Nawaz Sharif has been in office since June 5, 2013.",controlled_framing_reuse_response,controlled_framing_fixed_response,fixed candidate_response; varied prompt/framing metadata only
fever_194449::neutral,fever_194449,meta-llama/Llama-3.2-1B-Instruct,meta-llama/Llama-3.2-1B-Instruct,NOT ENOUGH INFO,neutral,The Indiana Pacers were established solely for membership into the NBA.,controlled_framing_reuse_response,controlled_framing_fixed_response,fixed candidate_response; varied prompt/framing metadata only
fever_194449::assertive,fever_194449,meta-llama/Llama-3.2-1B-Instruct,meta-llama/Llama-3.2-1B-Instruct,NOT ENOUGH INFO,assertive,The Indiana Pacers were established solely for membership into the NBA.,controlled_framing_reuse_response,controlled_framing_fixed_response,fixed candidate_response; varied prompt/framing metadata only
fever_194449::authoritative,fever_194449,meta-llama/Llama-3.2-1B-Instruct,meta-llama/Llama-3.2-1B-Instruct,NOT ENOUGH INFO,authoritative,The Indiana Pacers were established solely for membership into the NBA.,controlled_framing_reuse_response,controlled_framing_fixed_response,fixed candidate_response; varied prompt/framing metadata only
fever_125117::neutral,fever_125117,meta-llama/Llama-3.2-1B-Instruct,meta-llama/Llama-3.2-1B-Instruct,SUPPORTS,neutral,53 879 people counted as Romani people in the town call Aroni in Republic of Macedonia.,controlled_framing_reuse_response,controlled_framing_fixed_response,fixed candidate_response; varied prompt/framing metadata only
fever_125117::assertive,fever_125117,meta-llama/Llama-3.2-1B-Instruct,meta-llama/Llama-3.2-1B-Instruct,SUPPORTS,assertive,53 879 people counted as Romani people in the town call Aroni in Republic of Macedonia.,controlled_framing_reuse_response,controlled_framing_fixed_response,fixed candidate_response; varied prompt/framing metadata only
fever_125117::authoritative,fever_125117,meta-llama/Llama-3.2-1B-Instruct,meta-llama/Llama-3.2-1B-Instruct,SUPPORTS,authoritative,53 879 people counted as Romani people in the town call Aroni in Republic of Macedonia.,controlled_framing_reuse_response,controlled_framing_fixed_response,fixed candidate_response; varied prompt/framing metadata only
fever_150399::neutral,fever_150399,meta-llama/Llama-3.2-1B-Instruct,meta-llama/Llama-3.2-1B-Instruct,REFUTES,neutral,Nero's death ended the Duck dynasty.,controlled_framing_reuse_response,controlled_framing_fixed_response,fixed candidate_response; varied prompt/framing metadata only
fever_150399::assertive,fever_150399,meta-llama/Llama-3.2-1B-Instruct,meta-llama/Llama-3.2-1B-Instruct,REFUTES,assertive,Nero's death ended the Duck dynasty.,controlled_framing_reuse_response,controlled_framing_fixed_response,fixed candidate_response; varied prompt/framing metadata only
fever_150399::authoritative,fever_150399,meta-llama/Llama-3.2-1B-Instruct,meta-llama/Llama-3.2-1B-Instruct,REFUTES,authoritative,Nero's death ended the Duck dynasty.,controlled_framing_reuse_response,controlled_framing_fixed_response,fixed candidate_response; varied prompt/framing metadata only
fever_100261::neutral,fever_100261,meta-llama/Llama-3.2-1B-Instruct,meta-llama/Llama-3.2-1B-Instruct,REFUTES,neutral,Mount Hood is in the Pyrenees.,controlled_framing_reuse_response,controlled_framing_fixed_response,fixed candidate_response; varied prompt/framing metadata only
fever_100261::assertive,fever_100261,meta-llama/Llama-3.2-1B-Instruct,meta-llama/Llama-3.2-1B-Instruct,REFUTES,assertive,Mount Hood is in the Pyrenees.,controlled_framing_reuse_response,controlled_framing_fixed_response,fixed candidate_response; varied prompt/framing metadata only
fever_100261::authoritative,fever_100261,meta-llama/Llama-3.2-1B-Instruct,meta-llama/Llama-3.2-1B-Instruct,REFUTES,authoritative,Mount Hood is in the Pyrenees.,controlled_framing_reuse_response,controlled_framing_fixed_response,fixed candidate_response; varied prompt/framing metadata only
fever_219203::neutral,fever_219203,meta-llama/Llama-3.2-1B-Instruct,meta-llama/Llama-3.2-1B-Instruct,NOT ENOUGH INFO,neutral,Species distribution can be understood through factors like river capture.,controlled_framing_reuse_response,controlled_framing_fixed_response,fixed candidate_response; varied prompt/framing metadata only
fever_219203::assertive,fever_219203,meta-llama/Llama-3.2-1B-Instruct,meta-llama/Llama-3.2-1B-Instruct,NOT ENOUGH INFO,assertive,Species distribution can be understood through factors like river capture.,controlled_framing_reuse_response,controlled_framing_fixed_response,fixed candidate_response; varied prompt/framing metadata only
fever_219203::authoritative,fever_219203,meta-llama/Llama-3.2-1B-Instruct,meta-llama/Llama-3.2-1B-Instruct,NOT ENOUGH INFO,authoritative,Species distribution can be understood through factors like river capture.,controlled_framing_reuse_response,controlled_framing_fixed_response,fixed candidate_response; varied prompt/framing metadata only
fever_81439::neutral,fever_81439,meta-llama/Llama-3.2-1B-Instruct,meta-llama/Llama-3.2-1B-Instruct,SUPPORTS,neutral,Music videos have been directed by Heath Ledger.,controlled_framing_reuse_response,controlled_framing_fixed_response,fixed candidate_response; varied prompt/framing metadata only
fever_81439::assertive,fever_81439,meta-llama/Llama-3.2-1B-Instruct,meta-llama/Llama-3.2-1B-Instruct,SUPPORTS,assertive,Music videos have been directed by Heath Ledger.,controlled_framing_reuse_response,controlled_framing_fixed_response,fixed candidate_response; varied prompt/framing metadata only
fever_81439::authoritative,fever_81439,meta-llama/Llama-3.2-1B-Instruct,meta-llama/Llama-3.2-1B-Instruct,SUPPORTS,authoritative,Music videos have been directed by Heath Ledger.,controlled_framing_reuse_response,controlled_framing_fixed_response,fixed candidate_response; varied prompt/framing metadata only
fever_105257::neutral,fever_105257,meta-llama/Llama-3.2-1B-Instruct,meta-llama/Llama-3.2-1B-Instruct,REFUTES,neutral,Nymphomaniac (film) is the third version of a trilogy.,controlled_framing_reuse_response,controlled_framing_fixed_response,fixed candidate_response; varied prompt/framing metadata only
fever_105257::assertive,fever_105257,meta-llama/Llama-3.2-1B-Instruct,meta-llama/Llama-3.2-1B-Instruct,REFUTES,assertive,Nymphomaniac (film) is the third version of a trilogy.,controlled_framing_reuse_response,controlled_framing_fixed_response,fixed candidate_response; varied prompt/framing metadata only
fever_105257::authoritative,fever_105257,meta-llama/Llama-3.2-1B-Instruct,meta-llama/Llama-3.2-1B-Instruct,REFUTES,authoritative,Nymphomaniac (film) is the third version of a trilogy.,controlled_framing_reuse_response,controlled_framing_fixed_response,fixed candidate_response; varied prompt/framing metadata only
fever_57719::neutral,fever_57719,meta-llama/Llama-3.2-1B-Instruct,meta-llama/Llama-3.2-1B-Instruct,NOT ENOUGH INFO,neutral,Bonaire is one of the three BES islands in the Caribbean as of 2005.,controlled_framing_reuse_response,controlled_framing_fixed_response,fixed candidate_response; varied prompt/framing metadata only
fever_57719::assertive,fever_57719,meta-llama/Llama-3.2-1B-Instruct,meta-llama/Llama-3.2-1B-Instruct,NOT ENOUGH INFO,assertive,Bonaire is one of the three BES islands in the Caribbean as of 2005.,controlled_framing_reuse_response,controlled_framing_fixed_response,fixed candidate_response; varied prompt/framing metadata only
fever_57719::authoritative,fever_57719,meta-llama/Llama-3.2-1B-Instruct,meta-llama/Llama-3.2-1B-Instruct,NOT ENOUGH INFO,authoritative,Bonaire is one of the three BES islands in the Caribbean as of 2005.,controlled_framing_reuse_response,controlled_framing_fixed_response,fixed candidate_response; varied prompt/framing metadata only
fever_222718::neutral,fever_222718,meta-llama/Llama-3.2-1B-Instruct,meta-llama/Llama-3.2-1B-Instruct,NOT ENOUGH INFO,neutral,Vedic Sanskrit is the language of texts of law.,controlled_framing_reuse_response,controlled_framing_fixed_response,fixed candidate_response; varied prompt/framing metadata only
fever_222718::assertive,fever_222718,meta-llama/Llama-3.2-1B-Instruct,meta-llama/Llama-3.2-1B-Instruct,NOT ENOUGH INFO,assertive,Vedic Sanskrit is the language of texts of law.,controlled_framing_reuse_response,controlled_framing_fixed_response,fixed candidate_response; varied prompt/framing metadata only
fever_222718::authoritative,fever_222718,meta-llama/Llama-3.2-1B-Instruct,meta-llama/Llama-3.2-1B-Instruct,NOT ENOUGH INFO,authoritative,Vedic Sanskrit is the language of texts of law.,controlled_framing_reuse_response,controlled_framing_fixed_response,fixed candidate_response; varied prompt/framing metadata only
fever_182051::neutral,fever_182051,meta-llama/Llama-3.2-1B-Instruct,meta-llama/Llama-3.2-1B-Instruct,REFUTES,neutral,The Fly was first released in 1999.,controlled_framing_reuse_response,controlled_framing_fixed_response,fixed candidate_response; varied prompt/framing metadata only
fever_182051::assertive,fever_182051,meta-llama/Llama-3.2-1B-Instruct,meta-llama/Llama-3.2-1B-Instruct,REFUTES,assertive,The Fly was first released in 1999.,controlled_framing_reuse_response,controlled_framing_fixed_response,fixed candidate_response; varied prompt/framing metadata only
fever_182051::authoritative,fever_182051,meta-llama/Llama-3.2-1B-Instruct,meta-llama/Llama-3.2-1B-Instruct,REFUTES,authoritative,The Fly was first released in 1999.,controlled_framing_reuse_response,controlled_framing_fixed_response,fixed candidate_response; varied prompt/framing metadata only
fever_92625::neutral,fever_92625,meta-llama/Llama-3.2-1B-Instruct,meta-llama/Llama-3.2-1B-Instruct,SUPPORTS,neutral,Maximum Overdrive is a film from 1986.,controlled_framing_reuse_response,controlled_framing_fixed_response,fixed candidate_response; varied prompt/framing metadata only
fever_92625::assertive,fever_92625,meta-llama/Llama-3.2-1B-Instruct,meta-llama/Llama-3.2-1B-Instruct,SUPPORTS,assertive,Maximum Overdrive is a film from 1986.,controlled_framing_reuse_response,controlled_framing_fixed_response,fixed candidate_response; varied prompt/framing metadata only
fever_92625::authoritative,fever_92625,meta-llama/Llama-3.2-1B-Instruct,meta-llama/Llama-3.2-1B-Instruct,SUPPORTS,authoritative,Maximum Overdrive is a film from 1986.,controlled_framing_reuse_response,controlled_framing_fixed_response,fixed candidate_response; varied prompt/framing metadata only
fever_206992::neutral,fever_206992,meta-llama/Llama-3.2-1B-Instruct,meta-llama/Llama-3.2-1B-Instruct,SUPPORTS,neutral,Punch-Drunk Love was distributed by an American film studio.,controlled_framing_reuse_response,controlled_framing_fixed_response,fixed candidate_response; varied prompt/framing metadata only
fever_206992::assertive,fever_206992,meta-llama/Llama-3.2-1B-Instruct,meta-llama/Llama-3.2-1B-Instruct,SUPPORTS,assertive,Punch-Drunk Love was distributed by an American film studio.,controlled_framing_reuse_response,controlled_framing_fixed_response,fixed candidate_response; varied prompt/framing metadata only
fever_206992::authoritative,fever_206992,meta-llama/Llama-3.2-1B-Instruct,meta-llama/Llama-3.2-1B-Instruct,SUPPORTS,authoritative,Punch-Drunk Love was distributed by an American film studio.,controlled_framing_reuse_response,controlled_framing_fixed_response,fixed candidate_response; varied prompt/framing metadata only
fever_162212::neutral,fever_162212,meta-llama/Llama-3.2-1B-Instruct,meta-llama/Llama-3.2-1B-Instruct,SUPPORTS,neutral,Ding Yanyuhang was born in the summer of 1993.,controlled_framing_reuse_response,controlled_framing_fixed_response,fixed candidate_response; varied prompt/framing metadata only
fever_162212::assertive,fever_162212,meta-llama/Llama-3.2-1B-Instruct,meta-llama/Llama-3.2-1B-Instruct,SUPPORTS,assertive,Ding Yanyuhang was born in the summer of 1993.,controlled_framing_reuse_response,controlled_framing_fixed_response,fixed candidate_response; varied prompt/framing metadata only
fever_162212::authoritative,fever_162212,meta-llama/Llama-3.2-1B-Instruct,meta-llama/Llama-3.2-1B-Instruct,SUPPORTS,authoritative,Ding Yanyuhang was born in the summer of 1993.,controlled_framing_reuse_response,controlled_framing_fixed_response,fixed candidate_response; varied prompt/framing metadata only
fever_3160::neutral,fever_3160,meta-llama/Llama-3.2-1B-Instruct,meta-llama/Llama-3.2-1B-Instruct,REFUTES,neutral,University of Chicago Law School is ranked first in the 2016 QS World University Rankings.,controlled_framing_reuse_response,controlled_framing_fixed_response,fixed candidate_response; varied prompt/framing metadata only
fever_3160::assertive,fever_3160,meta-llama/Llama-3.2-1B-Instruct,meta-llama/Llama-3.2-1B-Instruct,REFUTES,assertive,University of Chicago Law School is ranked first in the 2016 QS World University Rankings.,controlled_framing_reuse_response,controlled_framing_fixed_response,fixed candidate_response; varied prompt/framing metadata only
fever_3160::authoritative,fever_3160,meta-llama/Llama-3.2-1B-Instruct,meta-llama/Llama-3.2-1B-Instruct,REFUTES,authoritative,University of Chicago Law School is ranked first in the 2016 QS World University Rankings.,controlled_framing_reuse_response,controlled_framing_fixed_response,fixed candidate_response; varied prompt/framing metadata only
fever_226440::neutral,fever_226440,meta-llama/Llama-3.2-1B-Instruct,meta-llama/Llama-3.2-1B-Instruct,SUPPORTS,neutral,Chadwick Boseman portrayed James Brown.,controlled_framing_reuse_response,controlled_framing_fixed_response,fixed candidate_response; varied prompt/framing metadata only
fever_226440::assertive,fever_226440,meta-llama/Llama-3.2-1B-Instruct,meta-llama/Llama-3.2-1B-Instruct,SUPPORTS,assertive,Chadwick Boseman portrayed James Brown.,controlled_framing_reuse_response,controlled_framing_fixed_response,fixed candidate_response; varied prompt/framing metadata only
fever_226440::authoritative,fever_226440,meta-llama/Llama-3.2-1B-Instruct,meta-llama/Llama-3.2-1B-Instruct,SUPPORTS,authoritative,Chadwick Boseman portrayed James Brown.,controlled_framing_reuse_response,controlled_framing_fixed_response,fixed candidate_response; varied prompt/framing metadata only
fever_31114::neutral,fever_31114,meta-llama/Llama-3.2-1B-Instruct,meta-llama/Llama-3.2-1B-Instruct,REFUTES,neutral,The Fame came out in 2017.,controlled_framing_reuse_response,controlled_framing_fixed_response,fixed candidate_response; varied prompt/framing metadata only
fever_31114::assertive,fever_31114,meta-llama/Llama-3.2-1B-Instruct,meta-llama/Llama-3.2-1B-Instruct,REFUTES,assertive,The Fame came out in 2017.,controlled_framing_reuse_response,controlled_framing_fixed_response,fixed candidate_response; varied prompt/framing metadata only
fever_31114::authoritative,fever_31114,meta-llama/Llama-3.2-1B-Instruct,meta-llama/Llama-3.2-1B-Instruct,REFUTES,authoritative,The Fame came out in 2017.,controlled_framing_reuse_response,controlled_framing_fixed_response,fixed candidate_response; varied prompt/framing metadata only
fever_54427::neutral,fever_54427,meta-llama/Llama-3.2-1B-Instruct,meta-llama/Llama-3.2-1B-Instruct,NOT ENOUGH INFO,neutral,The Silver Surfer appears in American sitcoms.,controlled_framing_reuse_response,controlled_framing_fixed_response,fixed candidate_response; varied prompt/framing metadata only
fever_54427::assertive,fever_54427,meta-llama/Llama-3.2-1B-Instruct,meta-llama/Llama-3.2-1B-Instruct,NOT ENOUGH INFO,assertive,The Silver Surfer appears in American sitcoms.,controlled_framing_reuse_response,controlled_framing_fixed_response,fixed candidate_response; varied prompt/framing metadata only
fever_54427::authoritative,fever_54427,meta-llama/Llama-3.2-1B-Instruct,meta-llama/Llama-3.2-1B-Instruct,NOT ENOUGH INFO,authoritative,The Silver Surfer appears in American sitcoms.,controlled_framing_reuse_response,controlled_framing_fixed_response,fixed candidate_response; varied prompt/framing metadata only
fever_172305::neutral,fever_172305,meta-llama/Llama-3.2-1B-Instruct,meta-llama/Llama-3.2-1B-Instruct,NOT ENOUGH INFO,neutral,Scream 2 was made in a church.,controlled_framing_reuse_response,controlled_framing_fixed_response,fixed candidate_response; varied prompt/framing metadata only
fever_172305::assertive,fever_172305,meta-llama/Llama-3.2-1B-Instruct,meta-llama/Llama-3.2-1B-Instruct,NOT ENOUGH INFO,assertive,Scream 2 was made in a church.,controlled_framing_reuse_response,controlled_framing_fixed_response,fixed candidate_response; varied prompt/framing metadata only
fever_172305::authoritative,fever_172305,meta-llama/Llama-3.2-1B-Instruct,meta-llama/Llama-3.2-1B-Instruct,NOT ENOUGH INFO,authoritative,Scream 2 was made in a church.,controlled_framing_reuse_response,controlled_framing_fixed_response,fixed candidate_response; varied prompt/framing metadata only
fever_36400::neutral,fever_36400,meta-llama/Llama-3.2-1B-Instruct,meta-llama/Llama-3.2-1B-Instruct,NOT ENOUGH INFO,neutral,Floyd Mayweather Jr. is a college graduate.,controlled_framing_reuse_response,controlled_framing_fixed_response,fixed candidate_response; varied prompt/framing metadata only
fever_36400::assertive,fever_36400,meta-llama/Llama-3.2-1B-Instruct,meta-llama/Llama-3.2-1B-Instruct,NOT ENOUGH INFO,assertive,Floyd Mayweather Jr. is a college graduate.,controlled_framing_reuse_response,controlled_framing_fixed_response,fixed candidate_response; varied prompt/framing metadata only
fever_36400::authoritative,fever_36400,meta-llama/Llama-3.2-1B-Instruct,meta-llama/Llama-3.2-1B-Instruct,NOT ENOUGH INFO,authoritative,Floyd Mayweather Jr. is a college graduate.,controlled_framing_reuse_response,controlled_framing_fixed_response,fixed candidate_response; varied prompt/framing metadata only
fever_136376::neutral,fever_136376,meta-llama/Llama-3.2-1B-Instruct,meta-llama/Llama-3.2-1B-Instruct,SUPPORTS,neutral,The 2003 NCAA Division I Men's Basketball Tournament involved multiple schools.,controlled_framing_reuse_response,controlled_framing_fixed_response,fixed candidate_response; varied prompt/framing metadata only
fever_136376::assertive,fever_136376,meta-llama/Llama-3.2-1B-Instruct,meta-llama/Llama-3.2-1B-Instruct,SUPPORTS,assertive,The 2003 NCAA Division I Men's Basketball Tournament involved multiple schools.,controlled_framing_reuse_response,controlled_framing_fixed_response,fixed candidate_response; varied prompt/framing metadata only
fever_136376::authoritative,fever_136376,meta-llama/Llama-3.2-1B-Instruct,meta-llama/Llama-3.2-1B-Instruct,SUPPORTS,authoritative,The 2003 NCAA Division I Men's Basketball Tournament involved multiple schools.,controlled_framing_reuse_response,controlled_framing_fixed_response,fixed candidate_response; varied prompt/framing metadata only
fever_41820::neutral,fever_41820,meta-llama/Llama-3.2-1B-Instruct,meta-llama/Llama-3.2-1B-Instruct,SUPPORTS,neutral,Macklemore is a hip hop artist.,controlled_framing_reuse_response,controlled_framing_fixed_response,fixed candidate_response; varied prompt/framing metadata only
fever_41820::assertive,fever_41820,meta-llama/Llama-3.2-1B-Instruct,meta-llama/Llama-3.2-1B-Instruct,SUPPORTS,assertive,Macklemore is a hip hop artist.,controlled_framing_reuse_response,controlled_framing_fixed_response,fixed candidate_response; varied prompt/framing metadata only
fever_41820::authoritative,fever_41820,meta-llama/Llama-3.2-1B-Instruct,meta-llama/Llama-3.2-1B-Instruct,SUPPORTS,authoritative,Macklemore is a hip hop artist.,controlled_framing_reuse_response,controlled_framing_fixed_response,fixed candidate_response; varied prompt/framing metadata only
fever_53833::neutral,fever_53833,meta-llama/Llama-3.2-1B-Instruct,meta-llama/Llama-3.2-1B-Instruct,NOT ENOUGH INFO,neutral,Babur was a Japanese conqueror.,controlled_framing_reuse_response,controlled_framing_fixed_response,fixed candidate_response; varied prompt/framing metadata only
fever_53833::assertive,fever_53833,meta-llama/Llama-3.2-1B-Instruct,meta-llama/Llama-3.2-1B-Instruct,NOT ENOUGH INFO,assertive,Babur was a Japanese conqueror.,controlled_framing_reuse_response,controlled_framing_fixed_response,fixed candidate_response; varied prompt/framing metadata only
fever_53833::authoritative,fever_53833,meta-llama/Llama-3.2-1B-Instruct,meta-llama/Llama-3.2-1B-Instruct,NOT ENOUGH INFO,authoritative,Babur was a Japanese conqueror.,controlled_framing_reuse_response,controlled_framing_fixed_response,fixed candidate_response; varied prompt/framing metadata only
fever_115002::neutral,fever_115002,meta-llama/Llama-3.2-1B-Instruct,meta-llama/Llama-3.2-1B-Instruct,SUPPORTS,neutral,Jefferson Davis was born in the United States.,controlled_framing_reuse_response,controlled_framing_fixed_response,fixed candidate_response; varied prompt/framing metadata only
fever_115002::assertive,fever_115002,meta-llama/Llama-3.2-1B-Instruct,meta-llama/Llama-3.2-1B-Instruct,SUPPORTS,assertive,Jefferson Davis was born in the United States.,controlled_framing_reuse_response,controlled_framing_fixed_response,fixed candidate_response; varied prompt/framing metadata only
fever_115002::authoritative,fever_115002,meta-llama/Llama-3.2-1B-Instruct,meta-llama/Llama-3.2-1B-Instruct,SUPPORTS,authoritative,Jefferson Davis was born in the United States.,controlled_framing_reuse_response,controlled_framing_fixed_response,fixed candidate_response; varied prompt/framing metadata only
fever_48242::neutral,fever_48242,meta-llama/Llama-3.2-1B-Instruct,meta-llama/Llama-3.2-1B-Instruct,SUPPORTS,neutral,Roberto Orci worked.,controlled_framing_reuse_response,controlled_framing_fixed_response,fixed candidate_response; varied prompt/framing metadata only
fever_48242::assertive,fever_48242,meta-llama/Llama-3.2-1B-Instruct,meta-llama/Llama-3.2-1B-Instruct,SUPPORTS,assertive,Roberto Orci worked.,controlled_framing_reuse_response,controlled_framing_fixed_response,fixed candidate_response; varied prompt/framing metadata only
fever_48242::authoritative,fever_48242,meta-llama/Llama-3.2-1B-Instruct,meta-llama/Llama-3.2-1B-Instruct,SUPPORTS,authoritative,Roberto Orci worked.,controlled_framing_reuse_response,controlled_framing_fixed_response,fixed candidate_response; varied prompt/framing metadata only
fever_191653::neutral,fever_191653,meta-llama/Llama-3.2-1B-Instruct,meta-llama/Llama-3.2-1B-Instruct,REFUTES,neutral,"Ang Lee died October 23, 1954.",controlled_framing_reuse_response,controlled_framing_fixed_response,fixed candidate_response; varied prompt/framing metadata only
fever_191653::assertive,fever_191653,meta-llama/Llama-3.2-1B-Instruct,meta-llama/Llama-3.2-1B-Instruct,REFUTES,assertive,"Ang Lee died October 23, 1954.",controlled_framing_reuse_response,controlled_framing_fixed_response,fixed candidate_response; varied prompt/framing metadata only
fever_191653::authoritative,fever_191653,meta-llama/Llama-3.2-1B-Instruct,meta-llama/Llama-3.2-1B-Instruct,REFUTES,authoritative,"Ang Lee died October 23, 1954.",controlled_framing_reuse_response,controlled_framing_fixed_response,fixed candidate_response; varied prompt/framing metadata only
fever_18004::neutral,fever_18004,meta-llama/Llama-3.2-1B-Instruct,meta-llama/Llama-3.2-1B-Instruct,SUPPORTS,neutral,Elizabeth of York was a person.,controlled_framing_reuse_response,controlled_framing_fixed_response,fixed candidate_response; varied prompt/framing metadata only
fever_18004::assertive,fever_18004,meta-llama/Llama-3.2-1B-Instruct,meta-llama/Llama-3.2-1B-Instruct,SUPPORTS,assertive,Elizabeth of York was a person.,controlled_framing_reuse_response,controlled_framing_fixed_response,fixed candidate_response; varied prompt/framing metadata only
fever_18004::authoritative,fever_18004,meta-llama/Llama-3.2-1B-Instruct,meta-llama/Llama-3.2-1B-Instruct,SUPPORTS,authoritative,Elizabeth of York was a person.,controlled_framing_reuse_response,controlled_framing_fixed_response,fixed candidate_response; varied prompt/framing metadata only
fever_28514::neutral,fever_28514,meta-llama/Llama-3.2-1B-Instruct,meta-llama/Llama-3.2-1B-Instruct,NOT ENOUGH INFO,neutral,Two and a Half Men starred one of the Sheen brothers.,controlled_framing_reuse_response,controlled_framing_fixed_response,fixed candidate_response; varied prompt/framing metadata only
fever_28514::assertive,fever_28514,meta-llama/Llama-3.2-1B-Instruct,meta-llama/Llama-3.2-1B-Instruct,NOT ENOUGH INFO,assertive,Two and a Half Men starred one of the Sheen brothers.,controlled_framing_reuse_response,controlled_framing_fixed_response,fixed candidate_response; varied prompt/framing metadata only
fever_28514::authoritative,fever_28514,meta-llama/Llama-3.2-1B-Instruct,meta-llama/Llama-3.2-1B-Instruct,NOT ENOUGH INFO,authoritative,Two and a Half Men starred one of the Sheen brothers.,controlled_framing_reuse_response,controlled_framing_fixed_response,fixed candidate_response; varied prompt/framing metadata only
fever_17181::neutral,fever_17181,meta-llama/Llama-3.2-1B-Instruct,meta-llama/Llama-3.2-1B-Instruct,NOT ENOUGH INFO,neutral,Yugoslavia consisted of the coterminous Balkan peninsula.,controlled_framing_reuse_response,controlled_framing_fixed_response,fixed candidate_response; varied prompt/framing metadata only
fever_17181::assertive,fever_17181,meta-llama/Llama-3.2-1B-Instruct,meta-llama/Llama-3.2-1B-Instruct,NOT ENOUGH INFO,assertive,Yugoslavia consisted of the coterminous Balkan peninsula.,controlled_framing_reuse_response,controlled_framing_fixed_response,fixed candidate_response; varied prompt/framing metadata only
fever_17181::authoritative,fever_17181,meta-llama/Llama-3.2-1B-Instruct,meta-llama/Llama-3.2-1B-Instruct,NOT ENOUGH INFO,authoritative,Yugoslavia consisted of the coterminous Balkan peninsula.,controlled_framing_reuse_response,controlled_framing_fixed_response,fixed candidate_response; varied prompt/framing metadata only
fever_1602::neutral,fever_1602,meta-llama/Llama-3.2-1B-Instruct,meta-llama/Llama-3.2-1B-Instruct,SUPPORTS,neutral,Jonah Hill starred in Sausage Party.,controlled_framing_reuse_response,controlled_framing_fixed_response,fixed candidate_response; varied prompt/framing metadata only
fever_1602::assertive,fever_1602,meta-llama/Llama-3.2-1B-Instruct,meta-llama/Llama-3.2-1B-Instruct,SUPPORTS,assertive,Jonah Hill starred in Sausage Party.,controlled_framing_reuse_response,controlled_framing_fixed_response,fixed candidate_response; varied prompt/framing metadata only
fever_1602::authoritative,fever_1602,meta-llama/Llama-3.2-1B-Instruct,meta-llama/Llama-3.2-1B-Instruct,SUPPORTS,authoritative,Jonah Hill starred in Sausage Party.,controlled_framing_reuse_response,controlled_framing_fixed_response,fixed candidate_response; varied prompt/framing metadata only
fever_59158::neutral,fever_59158,meta-llama/Llama-3.2-1B-Instruct,meta-llama/Llama-3.2-1B-Instruct,REFUTES,neutral,One True Thing is a comedy.,controlled_framing_reuse_response,controlled_framing_fixed_response,fixed candidate_response; varied prompt/framing metadata only
fever_59158::assertive,fever_59158,meta-llama/Llama-3.2-1B-Instruct,meta-llama/Llama-3.2-1B-Instruct,REFUTES,assertive,One True Thing is a comedy.,controlled_framing_reuse_response,controlled_framing_fixed_response,fixed candidate_response; varied prompt/framing metadata only
fever_59158::authoritative,fever_59158,meta-llama/Llama-3.2-1B-Instruct,meta-llama/Llama-3.2-1B-Instruct,REFUTES,authoritative,One True Thing is a comedy.,controlled_framing_reuse_response,controlled_framing_fixed_response,fixed candidate_response; varied prompt/framing metadata only
fever_178901::neutral,fever_178901,meta-llama/Llama-3.2-1B-Instruct,meta-llama/Llama-3.2-1B-Instruct,NOT ENOUGH INFO,neutral,Dawood Ibrahim was born in Namibia.,controlled_framing_reuse_response,controlled_framing_fixed_response,fixed candidate_response; varied prompt/framing metadata only
fever_178901::assertive,fever_178901,meta-llama/Llama-3.2-1B-Instruct,meta-llama/Llama-3.2-1B-Instruct,NOT ENOUGH INFO,assertive,Dawood Ibrahim was born in Namibia.,controlled_framing_reuse_response,controlled_framing_fixed_response,fixed candidate_response; varied prompt/framing metadata only
fever_178901::authoritative,fever_178901,meta-llama/Llama-3.2-1B-Instruct,meta-llama/Llama-3.2-1B-Instruct,NOT ENOUGH INFO,authoritative,Dawood Ibrahim was born in Namibia.,controlled_framing_reuse_response,controlled_framing_fixed_response,fixed candidate_response; varied prompt/framing metadata only
fever_52456::neutral,fever_52456,meta-llama/Llama-3.2-1B-Instruct,meta-llama/Llama-3.2-1B-Instruct,REFUTES,neutral,"Florida State University was designated as the only ""preeminent"" state university by the governor and state legislature.",controlled_framing_reuse_response,controlled_framing_fixed_response,fixed candidate_response; varied prompt/framing metadata only
fever_52456::assertive,fever_52456,meta-llama/Llama-3.2-1B-Instruct,meta-llama/Llama-3.2-1B-Instruct,REFUTES,assertive,"Florida State University was designated as the only ""preeminent"" state university by the governor and state legislature.",controlled_framing_reuse_response,controlled_framing_fixed_response,fixed candidate_response; varied prompt/framing metadata only
fever_52456::authoritative,fever_52456,meta-llama/Llama-3.2-1B-Instruct,meta-llama/Llama-3.2-1B-Instruct,REFUTES,authoritative,"Florida State University was designated as the only ""preeminent"" state university by the governor and state legislature.",controlled_framing_reuse_response,controlled_framing_fixed_response,fixed candidate_response; varied prompt/framing metadata only
fever_48891::neutral,fever_48891,meta-llama/Llama-3.2-1B-Instruct,meta-llama/Llama-3.2-1B-Instruct,SUPPORTS,neutral,Harry Fraud is a hip hop producer.,controlled_framing_reuse_response,controlled_framing_fixed_response,fixed candidate_response; varied prompt/framing metadata only
fever_48891::assertive,fever_48891,meta-llama/Llama-3.2-1B-Instruct,meta-llama/Llama-3.2-1B-Instruct,SUPPORTS,assertive,Harry Fraud is a hip hop producer.,controlled_framing_reuse_response,controlled_framing_fixed_response,fixed candidate_response; varied prompt/framing metadata only
fever_48891::authoritative,fever_48891,meta-llama/Llama-3.2-1B-Instruct,meta-llama/Llama-3.2-1B-Instruct,SUPPORTS,authoritative,Harry Fraud is a hip hop producer.,controlled_framing_reuse_response,controlled_framing_fixed_response,fixed candidate_response; varied prompt/framing metadata only
fever_117919::neutral,fever_117919,meta-llama/Llama-3.2-1B-Instruct,meta-llama/Llama-3.2-1B-Instruct,NOT ENOUGH INFO,neutral,Port of Spain is a shipping and storage center.,controlled_framing_reuse_response,controlled_framing_fixed_response,fixed candidate_response; varied prompt/framing metadata only
fever_117919::assertive,fever_117919,meta-llama/Llama-3.2-1B-Instruct,meta-llama/Llama-3.2-1B-Instruct,NOT ENOUGH INFO,assertive,Port of Spain is a shipping and storage center.,controlled_framing_reuse_response,controlled_framing_fixed_response,fixed candidate_response; varied prompt/framing metadata only
fever_117919::authoritative,fever_117919,meta-llama/Llama-3.2-1B-Instruct,meta-llama/Llama-3.2-1B-Instruct,NOT ENOUGH INFO,authoritative,Port of Spain is a shipping and storage center.,controlled_framing_reuse_response,controlled_framing_fixed_response,fixed candidate_response; varied prompt/framing metadata only
fever_78585::neutral,fever_78585,meta-llama/Llama-3.2-1B-Instruct,meta-llama/Llama-3.2-1B-Instruct,NOT ENOUGH INFO,neutral,Robinson Crusoe on Mars was distributed by a Dutch television studio.,controlled_framing_reuse_response,controlled_framing_fixed_response,fixed candidate_response; varied prompt/framing metadata only
fever_78585::assertive,fever_78585,meta-llama/Llama-3.2-1B-Instruct,meta-llama/Llama-3.2-1B-Instruct,NOT ENOUGH INFO,assertive,Robinson Crusoe on Mars was distributed by a Dutch television studio.,controlled_framing_reuse_response,controlled_framing_fixed_response,fixed candidate_response; varied prompt/framing metadata only
fever_78585::authoritative,fever_78585,meta-llama/Llama-3.2-1B-Instruct,meta-llama/Llama-3.2-1B-Instruct,NOT ENOUGH INFO,authoritative,Robinson Crusoe on Mars was distributed by a Dutch television studio.,controlled_framing_reuse_response,controlled_framing_fixed_response,fixed candidate_response; varied prompt/framing metadata only
fever_99655::neutral,fever_99655,meta-llama/Llama-3.2-1B-Instruct,meta-llama/Llama-3.2-1B-Instruct,NOT ENOUGH INFO,neutral,The Guthrie Theater's first building stopped operating in Nevada.,controlled_framing_reuse_response,controlled_framing_fixed_response,fixed candidate_response; varied prompt/framing metadata only
fever_99655::assertive,fever_99655,meta-llama/Llama-3.2-1B-Instruct,meta-llama/Llama-3.2-1B-Instruct,NOT ENOUGH INFO,assertive,The Guthrie Theater's first building stopped operating in Nevada.,controlled_framing_reuse_response,controlled_framing_fixed_response,fixed candidate_response; varied prompt/framing metadata only
fever_99655::authoritative,fever_99655,meta-llama/Llama-3.2-1B-Instruct,meta-llama/Llama-3.2-1B-Instruct,NOT ENOUGH INFO,authoritative,The Guthrie Theater's first building stopped operating in Nevada.,controlled_framing_reuse_response,controlled_framing_fixed_response,fixed candidate_response; varied prompt/framing metadata only
fever_171899::neutral,fever_171899,meta-llama/Llama-3.2-1B-Instruct,meta-llama/Llama-3.2-1B-Instruct,SUPPORTS,neutral,Research is used to test the validity of procedures.,controlled_framing_reuse_response,controlled_framing_fixed_response,fixed candidate_response; varied prompt/framing metadata only
fever_171899::assertive,fever_171899,meta-llama/Llama-3.2-1B-Instruct,meta-llama/Llama-3.2-1B-Instruct,SUPPORTS,assertive,Research is used to test the validity of procedures.,controlled_framing_reuse_response,controlled_framing_fixed_response,fixed candidate_response; varied prompt/framing metadata only
fever_171899::authoritative,fever_171899,meta-llama/Llama-3.2-1B-Instruct,meta-llama/Llama-3.2-1B-Instruct,SUPPORTS,authoritative,Research is used to test the validity of procedures.,controlled_framing_reuse_response,controlled_framing_fixed_response,fixed candidate_response; varied prompt/framing metadata only
fever_58550::neutral,fever_58550,meta-llama/Llama-3.2-1B-Instruct,meta-llama/Llama-3.2-1B-Instruct,REFUTES,neutral,Anna Nicole Smith was a model in 2015.,controlled_framing_reuse_response,controlled_framing_fixed_response,fixed candidate_response; varied prompt/framing metadata only
fever_58550::assertive,fever_58550,meta-llama/Llama-3.2-1B-Instruct,meta-llama/Llama-3.2-1B-Instruct,REFUTES,assertive,Anna Nicole Smith was a model in 2015.,controlled_framing_reuse_response,controlled_framing_fixed_response,fixed candidate_response; varied prompt/framing metadata only
fever_58550::authoritative,fever_58550,meta-llama/Llama-3.2-1B-Instruct,meta-llama/Llama-3.2-1B-Instruct,REFUTES,authoritative,Anna Nicole Smith was a model in 2015.,controlled_framing_reuse_response,controlled_framing_fixed_response,fixed candidate_response; varied prompt/framing metadata only
fever_93645::neutral,fever_93645,meta-llama/Llama-3.2-1B-Instruct,meta-llama/Llama-3.2-1B-Instruct,SUPPORTS,neutral,Carol Danvers is a fictional character.,controlled_framing_reuse_response,controlled_framing_fixed_response,fixed candidate_response; varied prompt/framing metadata only
fever_93645::assertive,fever_93645,meta-llama/Llama-3.2-1B-Instruct,meta-llama/Llama-3.2-1B-Instruct,SUPPORTS,assertive,Carol Danvers is a fictional character.,controlled_framing_reuse_response,controlled_framing_fixed_response,fixed candidate_response; varied prompt/framing metadata only
fever_93645::authoritative,fever_93645,meta-llama/Llama-3.2-1B-Instruct,meta-llama/Llama-3.2-1B-Instruct,SUPPORTS,authoritative,Carol Danvers is a fictional character.,controlled_framing_reuse_response,controlled_framing_fixed_response,fixed candidate_response; varied prompt/framing metadata only
fever_57622::neutral,fever_57622,meta-llama/Llama-3.2-1B-Instruct,meta-llama/Llama-3.2-1B-Instruct,SUPPORTS,neutral,B. R. Ambedkar was the recipient of an award.,controlled_framing_reuse_response,controlled_framing_fixed_response,fixed candidate_response; varied prompt/framing metadata only
fever_57622::assertive,fever_57622,meta-llama/Llama-3.2-1B-Instruct,meta-llama/Llama-3.2-1B-Instruct,SUPPORTS,assertive,B. R. Ambedkar was the recipient of an award.,controlled_framing_reuse_response,controlled_framing_fixed_response,fixed candidate_response; varied prompt/framing metadata only
fever_57622::authoritative,fever_57622,meta-llama/Llama-3.2-1B-Instruct,meta-llama/Llama-3.2-1B-Instruct,SUPPORTS,authoritative,B. R. Ambedkar was the recipient of an award.,controlled_framing_reuse_response,controlled_framing_fixed_response,fixed candidate_response; varied prompt/framing metadata only
fever_82106::neutral,fever_82106,meta-llama/Llama-3.2-1B-Instruct,meta-llama/Llama-3.2-1B-Instruct,REFUTES,neutral,Japan is landlocked.,controlled_framing_reuse_response,controlled_framing_fixed_response,fixed candidate_response; varied prompt/framing metadata only
fever_82106::assertive,fever_82106,meta-llama/Llama-3.2-1B-Instruct,meta-llama/Llama-3.2-1B-Instruct,REFUTES,assertive,Japan is landlocked.,controlled_framing_reuse_response,controlled_framing_fixed_response,fixed candidate_response; varied prompt/framing metadata only
fever_82106::authoritative,fever_82106,meta-llama/Llama-3.2-1B-Instruct,meta-llama/Llama-3.2-1B-Instruct,REFUTES,authoritative,Japan is landlocked.,controlled_framing_reuse_response,controlled_framing_fixed_response,fixed candidate_response; varied prompt/framing metadata only
fever_5053::neutral,fever_5053,meta-llama/Llama-3.2-1B-Instruct,meta-llama/Llama-3.2-1B-Instruct,SUPPORTS,neutral,The Hit is a film.,controlled_framing_reuse_response,controlled_framing_fixed_response,fixed candidate_response; varied prompt/framing metadata only
fever_5053::assertive,fever_5053,meta-llama/Llama-3.2-1B-Instruct,meta-llama/Llama-3.2-1B-Instruct,SUPPORTS,assertive,The Hit is a film.,controlled_framing_reuse_response,controlled_framing_fixed_response,fixed candidate_response; varied prompt/framing metadata only
fever_5053::authoritative,fever_5053,meta-llama/Llama-3.2-1B-Instruct,meta-llama/Llama-3.2-1B-Instruct,SUPPORTS,authoritative,The Hit is a film.,controlled_framing_reuse_response,controlled_framing_fixed_response,fixed candidate_response; varied prompt/framing metadata only
fever_88641::neutral,fever_88641,meta-llama/Llama-3.2-1B-Instruct,meta-llama/Llama-3.2-1B-Instruct,SUPPORTS,neutral,Birmingham is a place.,controlled_framing_reuse_response,controlled_framing_fixed_response,fixed candidate_response; varied prompt/framing metadata only
fever_88641::assertive,fever_88641,meta-llama/Llama-3.2-1B-Instruct,meta-llama/Llama-3.2-1B-Instruct,SUPPORTS,assertive,Birmingham is a place.,controlled_framing_reuse_response,controlled_framing_fixed_response,fixed candidate_response; varied prompt/framing metadata only
fever_88641::authoritative,fever_88641,meta-llama/Llama-3.2-1B-Instruct,meta-llama/Llama-3.2-1B-Instruct,SUPPORTS,authoritative,Birmingham is a place.,controlled_framing_reuse_response,controlled_framing_fixed_response,fixed candidate_response; varied prompt/framing metadata only
fever_177845::neutral,fever_177845,meta-llama/Llama-3.2-1B-Instruct,meta-llama/Llama-3.2-1B-Instruct,REFUTES,neutral,Milk is based on the life of a person who never participated in activism.,controlled_framing_reuse_response,controlled_framing_fixed_response,fixed candidate_response; varied prompt/framing metadata only
fever_177845::assertive,fever_177845,meta-llama/Llama-3.2-1B-Instruct,meta-llama/Llama-3.2-1B-Instruct,REFUTES,assertive,Milk is based on the life of a person who never participated in activism.,controlled_framing_reuse_response,controlled_framing_fixed_response,fixed candidate_response; varied prompt/framing metadata only
fever_177845::authoritative,fever_177845,meta-llama/Llama-3.2-1B-Instruct,meta-llama/Llama-3.2-1B-Instruct,REFUTES,authoritative,Milk is based on the life of a person who never participated in activism.,controlled_framing_reuse_response,controlled_framing_fixed_response,fixed candidate_response; varied prompt/framing metadata only
fever_54915::neutral,fever_54915,meta-llama/Llama-3.2-1B-Instruct,meta-llama/Llama-3.2-1B-Instruct,REFUTES,neutral,"The Airbus A380 entered commercial service on October 25, 2017.",controlled_framing_reuse_response,controlled_framing_fixed_response,fixed candidate_response; varied prompt/framing metadata only
fever_54915::assertive,fever_54915,meta-llama/Llama-3.2-1B-Instruct,meta-llama/Llama-3.2-1B-Instruct,REFUTES,assertive,"The Airbus A380 entered commercial service on October 25, 2017.",controlled_framing_reuse_response,controlled_framing_fixed_response,fixed candidate_response; varied prompt/framing metadata only
fever_54915::authoritative,fever_54915,meta-llama/Llama-3.2-1B-Instruct,meta-llama/Llama-3.2-1B-Instruct,REFUTES,authoritative,"The Airbus A380 entered commercial service on October 25, 2017.",controlled_framing_reuse_response,controlled_framing_fixed_response,fixed candidate_response; varied prompt/framing metadata only
fever_39791::neutral,fever_39791,meta-llama/Llama-3.2-1B-Instruct,meta-llama/Llama-3.2-1B-Instruct,NOT ENOUGH INFO,neutral,Warcraft is still in production.,controlled_framing_reuse_response,controlled_framing_fixed_response,fixed candidate_response; varied prompt/framing metadata only
fever_39791::assertive,fever_39791,meta-llama/Llama-3.2-1B-Instruct,meta-llama/Llama-3.2-1B-Instruct,NOT ENOUGH INFO,assertive,Warcraft is still in production.,controlled_framing_reuse_response,controlled_framing_fixed_response,fixed candidate_response; varied prompt/framing metadata only
fever_39791::authoritative,fever_39791,meta-llama/Llama-3.2-1B-Instruct,meta-llama/Llama-3.2-1B-Instruct,NOT ENOUGH INFO,authoritative,Warcraft is still in production.,controlled_framing_reuse_response,controlled_framing_fixed_response,fixed candidate_response; varied prompt/framing metadata only
fever_40293::neutral,fever_40293,meta-llama/Llama-3.2-1B-Instruct,meta-llama/Llama-3.2-1B-Instruct,NOT ENOUGH INFO,neutral,Olympic medals no longer display the Colosseum as of the 2004 Athens Olympics.,controlled_framing_reuse_response,controlled_framing_fixed_response,fixed candidate_response; varied prompt/framing metadata only
fever_40293::assertive,fever_40293,meta-llama/Llama-3.2-1B-Instruct,meta-llama/Llama-3.2-1B-Instruct,NOT ENOUGH INFO,assertive,Olympic medals no longer display the Colosseum as of the 2004 Athens Olympics.,controlled_framing_reuse_response,controlled_framing_fixed_response,fixed candidate_response; varied prompt/framing metadata only
fever_40293::authoritative,fever_40293,meta-llama/Llama-3.2-1B-Instruct,meta-llama/Llama-3.2-1B-Instruct,NOT ENOUGH INFO,authoritative,Olympic medals no longer display the Colosseum as of the 2004 Athens Olympics.,controlled_framing_reuse_response,controlled_framing_fixed_response,fixed candidate_response; varied prompt/framing metadata only
fever_117799::neutral,fever_117799,meta-llama/Llama-3.2-1B-Instruct,meta-llama/Llama-3.2-1B-Instruct,NOT ENOUGH INFO,neutral,Robinson Crusoe on Mars was distributed by carrier pigeon.,controlled_framing_reuse_response,controlled_framing_fixed_response,fixed candidate_response; varied prompt/framing metadata only
fever_117799::assertive,fever_117799,meta-llama/Llama-3.2-1B-Instruct,meta-llama/Llama-3.2-1B-Instruct,NOT ENOUGH INFO,assertive,Robinson Crusoe on Mars was distributed by carrier pigeon.,controlled_framing_reuse_response,controlled_framing_fixed_response,fixed candidate_response; varied prompt/framing metadata only
fever_117799::authoritative,fever_117799,meta-llama/Llama-3.2-1B-Instruct,meta-llama/Llama-3.2-1B-Instruct,NOT ENOUGH INFO,authoritative,Robinson Crusoe on Mars was distributed by carrier pigeon.,controlled_framing_reuse_response,controlled_framing_fixed_response,fixed candidate_response; varied prompt/framing metadata only
fever_43920::neutral,fever_43920,meta-llama/Llama-3.2-1B-Instruct,meta-llama/Llama-3.2-1B-Instruct,SUPPORTS,neutral,Dan Trachtenberg is a host of podcasts.,controlled_framing_reuse_response,controlled_framing_fixed_response,fixed candidate_response; varied prompt/framing metadata only
fever_43920::assertive,fever_43920,meta-llama/Llama-3.2-1B-Instruct,meta-llama/Llama-3.2-1B-Instruct,SUPPORTS,assertive,Dan Trachtenberg is a host of podcasts.,controlled_framing_reuse_response,controlled_framing_fixed_response,fixed candidate_response; varied prompt/framing metadata only
fever_43920::authoritative,fever_43920,meta-llama/Llama-3.2-1B-Instruct,meta-llama/Llama-3.2-1B-Instruct,SUPPORTS,authoritative,Dan Trachtenberg is a host of podcasts.,controlled_framing_reuse_response,controlled_framing_fixed_response,fixed candidate_response; varied prompt/framing metadata only
fever_7297::neutral,fever_7297,meta-llama/Llama-3.2-1B-Instruct,meta-llama/Llama-3.2-1B-Instruct,SUPPORTS,neutral,"UNESCO's City of Literature program aims to promote the social, economic and cultural development of cities in both the developed and the developing world.",controlled_framing_reuse_response,controlled_framing_fixed_response,fixed candidate_response; varied prompt/framing metadata only
fever_7297::assertive,fever_7297,meta-llama/Llama-3.2-1B-Instruct,meta-llama/Llama-3.2-1B-Instruct,SUPPORTS,assertive,"UNESCO's City of Literature program aims to promote the social, economic and cultural development of cities in both the developed and the developing world.",controlled_framing_reuse_response,controlled_framing_fixed_response,fixed candidate_response; varied prompt/framing metadata only
fever_7297::authoritative,fever_7297,meta-llama/Llama-3.2-1B-Instruct,meta-llama/Llama-3.2-1B-Instruct,SUPPORTS,authoritative,"UNESCO's City of Literature program aims to promote the social, economic and cultural development of cities in both the developed and the developing world.",controlled_framing_reuse_response,controlled_framing_fixed_response,fixed candidate_response; varied prompt/framing metadata only
fever_23251::neutral,fever_23251,meta-llama/Llama-3.2-1B-Instruct,meta-llama/Llama-3.2-1B-Instruct,REFUTES,neutral,Brie Larson has zero interest in ever becoming an actress.,controlled_framing_reuse_response,controlled_framing_fixed_response,fixed candidate_response; varied prompt/framing metadata only
fever_23251::assertive,fever_23251,meta-llama/Llama-3.2-1B-Instruct,meta-llama/Llama-3.2-1B-Instruct,REFUTES,assertive,Brie Larson has zero interest in ever becoming an actress.,controlled_framing_reuse_response,controlled_framing_fixed_response,fixed candidate_response; varied prompt/framing metadata only
fever_23251::authoritative,fever_23251,meta-llama/Llama-3.2-1B-Instruct,meta-llama/Llama-3.2-1B-Instruct,REFUTES,authoritative,Brie Larson has zero interest in ever becoming an actress.,controlled_framing_reuse_response,controlled_framing_fixed_response,fixed candidate_response; varied prompt/framing metadata only
fever_222647::neutral,fever_222647,meta-llama/Llama-3.2-1B-Instruct,meta-llama/Llama-3.2-1B-Instruct,SUPPORTS,neutral,A United Kingdom is a 2016 drama film.,controlled_framing_reuse_response,controlled_framing_fixed_response,fixed candidate_response; varied prompt/framing metadata only
fever_222647::assertive,fever_222647,meta-llama/Llama-3.2-1B-Instruct,meta-llama/Llama-3.2-1B-Instruct,SUPPORTS,assertive,A United Kingdom is a 2016 drama film.,controlled_framing_reuse_response,controlled_framing_fixed_response,fixed candidate_response; varied prompt/framing metadata only
fever_222647::authoritative,fever_222647,meta-llama/Llama-3.2-1B-Instruct,meta-llama/Llama-3.2-1B-Instruct,SUPPORTS,authoritative,A United Kingdom is a 2016 drama film.,controlled_framing_reuse_response,controlled_framing_fixed_response,fixed candidate_response; varied prompt/framing metadata only
fever_34791::neutral,fever_34791,meta-llama/Llama-3.2-1B-Instruct,meta-llama/Llama-3.2-1B-Instruct,SUPPORTS,neutral,Benzodiazepines can be taken in overdoses.,controlled_framing_reuse_response,controlled_framing_fixed_response,fixed candidate_response; varied prompt/framing metadata only
fever_34791::assertive,fever_34791,meta-llama/Llama-3.2-1B-Instruct,meta-llama/Llama-3.2-1B-Instruct,SUPPORTS,assertive,Benzodiazepines can be taken in overdoses.,controlled_framing_reuse_response,controlled_framing_fixed_response,fixed candidate_response; varied prompt/framing metadata only
fever_34791::authoritative,fever_34791,meta-llama/Llama-3.2-1B-Instruct,meta-llama/Llama-3.2-1B-Instruct,SUPPORTS,authoritative,Benzodiazepines can be taken in overdoses.,controlled_framing_reuse_response,controlled_framing_fixed_response,fixed candidate_response; varied prompt/framing metadata only
fever_16701::neutral,fever_16701,meta-llama/Llama-3.2-1B-Instruct,meta-llama/Llama-3.2-1B-Instruct,SUPPORTS,neutral,Lucy Hale was in American Juniors.,controlled_framing_reuse_response,controlled_framing_fixed_response,fixed candidate_response; varied prompt/framing metadata only
fever_16701::assertive,fever_16701,meta-llama/Llama-3.2-1B-Instruct,meta-llama/Llama-3.2-1B-Instruct,SUPPORTS,assertive,Lucy Hale was in American Juniors.,controlled_framing_reuse_response,controlled_framing_fixed_response,fixed candidate_response; varied prompt/framing metadata only
fever_16701::authoritative,fever_16701,meta-llama/Llama-3.2-1B-Instruct,meta-llama/Llama-3.2-1B-Instruct,SUPPORTS,authoritative,Lucy Hale was in American Juniors.,controlled_framing_reuse_response,controlled_framing_fixed_response,fixed candidate_response; varied prompt/framing metadata only
fever_73404::neutral,fever_73404,meta-llama/Llama-3.2-1B-Instruct,meta-llama/Llama-3.2-1B-Instruct,NOT ENOUGH INFO,neutral,Hinduism has a epistemological view of the universe.,controlled_framing_reuse_response,controlled_framing_fixed_response,fixed candidate_response; varied prompt/framing metadata only
fever_73404::assertive,fever_73404,meta-llama/Llama-3.2-1B-Instruct,meta-llama/Llama-3.2-1B-Instruct,NOT ENOUGH INFO,assertive,Hinduism has a epistemological view of the universe.,controlled_framing_reuse_response,controlled_framing_fixed_response,fixed candidate_response; varied prompt/framing metadata only
fever_73404::authoritative,fever_73404,meta-llama/Llama-3.2-1B-Instruct,meta-llama/Llama-3.2-1B-Instruct,NOT ENOUGH INFO,authoritative,Hinduism has a epistemological view of the universe.,controlled_framing_reuse_response,controlled_framing_fixed_response,fixed candidate_response; varied prompt/framing metadata only
fever_141758::neutral,fever_141758,meta-llama/Llama-3.2-1B-Instruct,meta-llama/Llama-3.2-1B-Instruct,SUPPORTS,neutral,"Loretta Sanchez was born on Monday January 7, 1960.",controlled_framing_reuse_response,controlled_framing_fixed_response,fixed candidate_response; varied prompt/framing metadata only
fever_141758::assertive,fever_141758,meta-llama/Llama-3.2-1B-Instruct,meta-llama/Llama-3.2-1B-Instruct,SUPPORTS,assertive,"Loretta Sanchez was born on Monday January 7, 1960.",controlled_framing_reuse_response,controlled_framing_fixed_response,fixed candidate_response; varied prompt/framing metadata only
fever_141758::authoritative,fever_141758,meta-llama/Llama-3.2-1B-Instruct,meta-llama/Llama-3.2-1B-Instruct,SUPPORTS,authoritative,"Loretta Sanchez was born on Monday January 7, 1960.",controlled_framing_reuse_response,controlled_framing_fixed_response,fixed candidate_response; varied prompt/framing metadata only
fever_162827::neutral,fever_162827,meta-llama/Llama-3.2-1B-Instruct,meta-llama/Llama-3.2-1B-Instruct,NOT ENOUGH INFO,neutral,Islamabad is home to wild coyotes.,controlled_framing_reuse_response,controlled_framing_fixed_response,fixed candidate_response; varied prompt/framing metadata only
fever_162827::assertive,fever_162827,meta-llama/Llama-3.2-1B-Instruct,meta-llama/Llama-3.2-1B-Instruct,NOT ENOUGH INFO,assertive,Islamabad is home to wild coyotes.,controlled_framing_reuse_response,controlled_framing_fixed_response,fixed candidate_response; varied prompt/framing metadata only
fever_162827::authoritative,fever_162827,meta-llama/Llama-3.2-1B-Instruct,meta-llama/Llama-3.2-1B-Instruct,NOT ENOUGH INFO,authoritative,Islamabad is home to wild coyotes.,controlled_framing_reuse_response,controlled_framing_fixed_response,fixed candidate_response; varied prompt/framing metadata only
fever_179100::neutral,fever_179100,meta-llama/Llama-3.2-1B-Instruct,meta-llama/Llama-3.2-1B-Instruct,REFUTES,neutral,Tobey Maguire left The Good German before filming began.,controlled_framing_reuse_response,controlled_framing_fixed_response,fixed candidate_response; varied prompt/framing metadata only
fever_179100::assertive,fever_179100,meta-llama/Llama-3.2-1B-Instruct,meta-llama/Llama-3.2-1B-Instruct,REFUTES,assertive,Tobey Maguire left The Good German before filming began.,controlled_framing_reuse_response,controlled_framing_fixed_response,fixed candidate_response; varied prompt/framing metadata only
fever_179100::authoritative,fever_179100,meta-llama/Llama-3.2-1B-Instruct,meta-llama/Llama-3.2-1B-Instruct,REFUTES,authoritative,Tobey Maguire left The Good German before filming began.,controlled_framing_reuse_response,controlled_framing_fixed_response,fixed candidate_response; varied prompt/framing metadata only
fever_150099::neutral,fever_150099,meta-llama/Llama-3.2-1B-Instruct,meta-llama/Llama-3.2-1B-Instruct,REFUTES,neutral,Sherilyn Fenn is Japanese.,controlled_framing_reuse_response,controlled_framing_fixed_response,fixed candidate_response; varied prompt/framing metadata only
fever_150099::assertive,fever_150099,meta-llama/Llama-3.2-1B-Instruct,meta-llama/Llama-3.2-1B-Instruct,REFUTES,assertive,Sherilyn Fenn is Japanese.,controlled_framing_reuse_response,controlled_framing_fixed_response,fixed candidate_response; varied prompt/framing metadata only
fever_150099::authoritative,fever_150099,meta-llama/Llama-3.2-1B-Instruct,meta-llama/Llama-3.2-1B-Instruct,REFUTES,authoritative,Sherilyn Fenn is Japanese.,controlled_framing_reuse_response,controlled_framing_fixed_response,fixed candidate_response; varied prompt/framing metadata only
fever_189878::neutral,fever_189878,meta-llama/Llama-3.2-1B-Instruct,meta-llama/Llama-3.2-1B-Instruct,REFUTES,neutral,"Augustus Prew was born in Westminster, London, England in 1990.",controlled_framing_reuse_response,controlled_framing_fixed_response,fixed candidate_response; varied prompt/framing metadata only
fever_189878::assertive,fever_189878,meta-llama/Llama-3.2-1B-Instruct,meta-llama/Llama-3.2-1B-Instruct,REFUTES,assertive,"Augustus Prew was born in Westminster, London, England in 1990.",controlled_framing_reuse_response,controlled_framing_fixed_response,fixed candidate_response; varied prompt/framing metadata only
fever_189878::authoritative,fever_189878,meta-llama/Llama-3.2-1B-Instruct,meta-llama/Llama-3.2-1B-Instruct,REFUTES,authoritative,"Augustus Prew was born in Westminster, London, England in 1990.",controlled_framing_reuse_response,controlled_framing_fixed_response,fixed candidate_response; varied prompt/framing metadata only
fever_194249::neutral,fever_194249,meta-llama/Llama-3.2-1B-Instruct,meta-llama/Llama-3.2-1B-Instruct,REFUTES,neutral,Coins of the Swiss franc are only unofficial coins.,controlled_framing_reuse_response,controlled_framing_fixed_response,fixed candidate_response; varied prompt/framing metadata only
fever_194249::assertive,fever_194249,meta-llama/Llama-3.2-1B-Instruct,meta-llama/Llama-3.2-1B-Instruct,REFUTES,assertive,Coins of the Swiss franc are only unofficial coins.,controlled_framing_reuse_response,controlled_framing_fixed_response,fixed candidate_response; varied prompt/framing metadata only
fever_194249::authoritative,fever_194249,meta-llama/Llama-3.2-1B-Instruct,meta-llama/Llama-3.2-1B-Instruct,REFUTES,authoritative,Coins of the Swiss franc are only unofficial coins.,controlled_framing_reuse_response,controlled_framing_fixed_response,fixed candidate_response; varied prompt/framing metadata only
fever_8538::neutral,fever_8538,meta-llama/Llama-3.2-1B-Instruct,meta-llama/Llama-3.2-1B-Instruct,REFUTES,neutral,Hermit crabs are arachnids.,controlled_framing_reuse_response,controlled_framing_fixed_response,fixed candidate_response; varied prompt/framing metadata only
fever_8538::assertive,fever_8538,meta-llama/Llama-3.2-1B-Instruct,meta-llama/Llama-3.2-1B-Instruct,REFUTES,assertive,Hermit crabs are arachnids.,controlled_framing_reuse_response,controlled_framing_fixed_response,fixed candidate_response; varied prompt/framing metadata only
fever_8538::authoritative,fever_8538,meta-llama/Llama-3.2-1B-Instruct,meta-llama/Llama-3.2-1B-Instruct,REFUTES,authoritative,Hermit crabs are arachnids.,controlled_framing_reuse_response,controlled_framing_fixed_response,fixed candidate_response; varied prompt/framing metadata only
